title,summary,url,published_at,collected_at,source,search_category,analysis_text,sentiment_prediction,topic_prediction,batch,date_quality,appeared_in
Parliamentary committee report highlights discrepancies in NCRB data: Cybercrime complaints reached 5.4 mil... - Bhaskar English,"<a href=""https://news.google.com/rss/articles/CBMitAFBVV95cUxNaTQtYjY0ekI5VExrWUdVd2cxblZsSFNkRFFFeVJNRmx0am9wYThoNnBuYUQ0cUs2ZGEtSzFkZ0p4WF91MnJKZWNRV0dDMzlMV2ZGaElJTXRjNnlBeFNJYU56ak9zTEl6VW9ZRHJUd0ZVQ3dvYkYweGNaaFFpNEJQU2lQYWtQQUhIV044eEJkSEk3WnJheXZhYm5ldkdoc2ZNYm13SURjajdRM0Q3TjdOWndIcF_SAboBQVVfeXFMTjdUNFpDQzZXTm1nenN6OXJodXNONERWZlluX3ZCcDctc2U0aGdYTmZZVEdienIxelFzNXQxYVhVMHViNVRVQ25FYzFodC03TXY4ejhRRVJRel84NDF6eERCaDA0ZXRVOWRKMWJnZDgwSHZiT3h1aFNJNURCUGl3dGZvVnZ3QURrYVY0UW8tamN6cjNHV3lKOFA1aDcwM0RacHRyUW5taF9SNU5DRjFvSGtnQUxZWW5UYkdB?oc=5"" target=""_blank"">Parliamentary committee report highlights discrepancies in NCRB data: Cybercrime complaints reached 5.4 mil...</a>&nbsp;&nbsp;<font color=""#6f6f6f"">Bhaskar English</font>",https://news.google.com/rss/articles/CBMitAFBVV95cUxNaTQtYjY0ekI5VExrWUdVd2cxblZsSFNkRFFFeVJNRmx0am9wYThoNnBuYUQ0cUs2ZGEtSzFkZ0p4WF91MnJKZWNRV0dDMzlMV2ZGaElJTXRjNnlBeFNJYU56ak9zTEl6VW9ZRHJUd0ZVQ3dvYkYweGNaaFFpNEJQU2lQYWtQQUhIV044eEJkSEk3WnJheXZhYm5ldkdoc2ZNYm13SURjajdRM0Q3TjdOWndIcF_SAboBQVVfeXFMTjdUNFpDQzZXTm1nenN6OXJodXNONERWZlluX3ZCcDctc2U0aGdYTmZZVEdienIxelFzNXQxYVhVMHViNVRVQ25FYzFodC03TXY4ejhRRVJRel84NDF6eERCaDA0ZXRVOWRKMWJnZDgwSHZiT3h1aFNJNURCUGl3dGZvVnZ3QURrYVY0UW8tamN6cjNHV3lKOFA1aDcwM0RacHRyUW5taF9SNU5DRjFvSGtnQUxZWW5UYkdB?oc=5,2026-09-19 02:30:00+00:00,2026-09-21 02:59:38.360118+00:00,Bhaskar English,cybercrime,"Parliamentary committee report highlights discrepancies in NCRB data: Cybercrime complaints reached 5.4 mil... - Bhaskar English <a href=""https://news.google.com/rss/articles/CBMitAFBVV95cUxNaTQtYjY0ekI5VExrWUdVd2cxblZsSFNkRFFFeVJNRmx0am9wYThoNnBuYUQ0cUs2ZGEtSzFkZ0p4WF91MnJKZWNRV0dDMzlMV2ZGaElJTXRjNnlBeFNJYU56ak9zTEl6VW9ZRHJUd0ZVQ3dvYkYweGNaaFFpNEJQU2lQYWtQQUhIV044eEJkSEk3WnJheXZhYm5ldkdoc2ZNYm13SURjajdRM0Q3TjdOWndIcF_SAboBQVVfeXFMTjdUNFpDQzZXTm1nenN6OXJodXNONERWZlluX3ZCcDctc2U0aGdYTmZZVEdienIxelFzNXQxYVhVMHViNVRVQ25FYzFodC03TXY4ejhRRVJRel84NDF6eERCaDA0ZXRVOWRKMWJnZDgwSHZiT3h1aFNJNURCUGl3dGZvVnZ3QURrYVY0UW8tamN6cjNHV3lKOFA1aDcwM0RacHRyUW5taF9SNU5DRjFvSGtnQUxZWW5UYkdB?oc=5"" target=""_blank"">Parliamentary committee report highlights discrepancies in NCRB data: Cybercrime complaints reached 5.4 mil...</a>&nbsp;&nbsp;<font color=""#6f6f6f"">Bhaskar English</font>",Neutral,Community_Discussion,Dataset 1,OK,Dataset 1
Meta to report child safety cases to cybercrime portal - Deccan Herald,"<a href=""https://news.google.com/rss/articles/CBMioAFBVV95cUxQcUU1dmRZNlUxTWV5LUg2N080VDNIeW8wR0pHWDZwc1ZyUHZpZTdKOTJGcDhCY185Y0NBcW5lWk52OWpjVENVZzJKOXUtWTNWM1duSWNJRzhkNDN2dmlhQWJoV1RFdXdwR3VVbE9oaU1xOUpkVm1MNTltZnBEajBJd25CX2IxUmVRZmw5SnpvcV84Rk5yZ20zQ1Y2U1hjMzc4?oc=5"" target=""_blank"">Meta to report child safety cases to cybercrime portal</a>&nbsp;&nbsp;<font color=""#6f6f6f"">Deccan Herald</font>",https://news.google.com/rss/articles/CBMioAFBVV95cUxQcUU1dmRZNlUxTWV5LUg2N080VDNIeW8wR0pHWDZwc1ZyUHZpZTdKOTJGcDhCY185Y0NBcW5lWk52OWpjVENVZzJKOXUtWTNWM1duSWNJRzhkNDN2dmlhQWJoV1RFdXdwR3VVbE9oaU1xOUpkVm1MNTltZnBEajBJd25CX2IxUmVRZmw5SnpvcV84Rk5yZ20zQ1Y2U1hjMzc4?oc=5,2026-09-15 19:58:13+00:00,2026-09-21 02:59:38.360125+00:00,Deccan Herald,cybercrime,"Meta to report child safety cases to cybercrime portal - Deccan Herald <a href=""https://news.google.com/rss/articles/CBMioAFBVV95cUxQcUU1dmRZNlUxTWV5LUg2N080VDNIeW8wR0pHWDZwc1ZyUHZpZTdKOTJGcDhCY185Y0NBcW5lWk52OWpjVENVZzJKOXUtWTNWM1duSWNJRzhkNDN2dmlhQWJoV1RFdXdwR3VVbE9oaU1xOUpkVm1MNTltZnBEajBJd25CX2IxUmVRZmw5SnpvcV84Rk5yZ20zQ1Y2U1hjMzc4?oc=5"" target=""_blank"">Meta to report child safety cases to cybercrime portal</a>&nbsp;&nbsp;<font color=""#6f6f6f"">Deccan Herald</font>",Neutral,Community_Discussion,Dataset 1,OK,Dataset 1
"As cyber fraud grows, J&K Police steps up public awareness - Greater Kashmir","<a href=""https://news.google.com/rss/articles/CBMiqAFBVV95cUxOclRuRE1SVzRiUE5ZcjNpdFdweVVPRWl2S2pZdE5iNWl6eWp6Uk9pZnBETGtUczhBMXhFcXVlT182OXVSVDg0MFZFV2d1SDhqb01QaUFvbDc2TW50MC1VUXJWaDg1cnFIczh3VFZiNzVJdTdyQ3dJSEtjVlNDRmNseHZhNkpycXNXcjB1R0pZZ0hFTHF2a3RUeTNSQmxlR2lvNlRvUFNmTmvSAa4BQVVfeXFMTjhOWW96X3FCOXFiNE9DLXUzN09CUXdyUnVXWGZHMnRkdVhxWjNJVGtJRWxOY2hxWDBJd0diLWZGYktrUzEyRzBMcmc4OE5lcUdxUXJ1UEpDR2V2WWQyc2NSUHNFYS0zTmhpUTdDX2dfbVVxVHIxWTBzb1VfcjgzUm1YdVd6SDlEUVc4QURaWER6d0RkckJWNWZnSi1HdndwZ0p2SmtkVTIydnBzUE5R?oc=5"" target=""_blank"">As cyber fraud grows, J&amp;K Police steps up public awareness</a>&nbsp;&nbsp;<font color=""#6f6f6f"">Greater Kashmir</font>",https://news.google.com/rss/articles/CBMiqAFBVV95cUxOclRuRE1SVzRiUE5ZcjNpdFdweVVPRWl2S2pZdE5iNWl6eWp6Uk9pZnBETGtUczhBMXhFcXVlT182OXVSVDg0MFZFV2d1SDhqb01QaUFvbDc2TW50MC1VUXJWaDg1cnFIczh3VFZiNzVJdTdyQ3dJSEtjVlNDRmNseHZhNkpycXNXcjB1R0pZZ0hFTHF2a3RUeTNSQmxlR2lvNlRvUFNmTmvSAa4BQVVfeXFMTjhOWW96X3FCOXFiNE9DLXUzN09CUXdyUnVXWGZHMnRkdVhxWjNJVGtJRWxOY2hxWDBJd0diLWZGYktrUzEyRzBMcmc4OE5lcUdxUXJ1UEpDR2V2WWQyc2NSUHNFYS0zTmhpUTdDX2dfbVVxVHIxWTBzb1VfcjgzUm1YdVd6SDlEUVc4QURaWER6d0RkckJWNWZnSi1HdndwZ0p2SmtkVTIydnBzUE5R?oc=5,2026-09-17 01:31:42+00:00,2026-09-21 02:59:38.360368+00:00,Greater Kashmir,cybercrime,"As cyber fraud grows, J&K Police steps up public awareness - Greater Kashmir <a href=""https://news.google.com/rss/articles/CBMiqAFBVV95cUxOclRuRE1SVzRiUE5ZcjNpdFdweVVPRWl2S2pZdE5iNWl6eWp6Uk9pZnBETGtUczhBMXhFcXVlT182OXVSVDg0MFZFV2d1SDhqb01QaUFvbDc2TW50MC1VUXJWaDg1cnFIczh3VFZiNzVJdTdyQ3dJSEtjVlNDRmNseHZhNkpycXNXcjB1R0pZZ0hFTHF2a3RUeTNSQmxlR2lvNlRvUFNmTmvSAa4BQVVfeXFMTjhOWW96X3FCOXFiNE9DLXUzN09CUXdyUnVXWGZHMnRkdVhxWjNJVGtJRWxOY2hxWDBJd0diLWZGYktrUzEyRzBMcmc4OE5lcUdxUXJ1UEpDR2V2WWQyc2NSUHNFYS0zTmhpUTdDX2dfbVVxVHIxWTBzb1VfcjgzUm1YdVd6SDlEUVc4QURaWER6d0RkckJWNWZnSi1HdndwZ0p2SmtkVTIydnBzUE5R?oc=5"" target=""_blank"">As cyber fraud grows, J&amp;K Police steps up public awareness</a>&nbsp;&nbsp;<font color=""#6f6f6f"">Greater Kashmir</font>",Neutral,Community_Discussion,Dataset 1,OK,Dataset 1
"Cybercrime complaints reached 5.4 million within 5 years, but only 2.4% acts led to FIRs - Bhaskar English","<a href=""https://news.google.com/rss/articles/CBMixAFBVV95cUxOYlVRZGlNUHNDUWNVdXk4TmFadTFvTjlqRFQtQ2FRUHVjNmRMdGNoTjJvTEpQUDB3cGlwVXF5OEVNQTRJQ2JXRTdsNWFycjJsZ1NwWElJTlIxQkpSaXBXRFpBa0RlSU44WkVnY2V4RHFpYW5Qb19TVE83NmJ5Q0lLLVRHMlVvalNhVDZZTGVlREp2QjBaTXRCbUFfTksxbkpiX29jdzdFREFtZVhMQWwzdjBSZVpxcjJBSUptNXkyeEZ6elVn?oc=5"" target=""_blank"">Cybercrime complaints reached 5.4 million within 5 years, but only 2.4% acts led to FIRs</a>&nbsp;&nbsp;<font color=""#6f6f6f"">Bhaskar English</font>",https://news.google.com/rss/articles/CBMixAFBVV95cUxOYlVRZGlNUHNDUWNVdXk4TmFadTFvTjlqRFQtQ2FRUHVjNmRMdGNoTjJvTEpQUDB3cGlwVXF5OEVNQTRJQ2JXRTdsNWFycjJsZ1NwWElJTlIxQkpSaXBXRFpBa0RlSU44WkVnY2V4RHFpYW5Qb19TVE83NmJ5Q0lLLVRHMlVvalNhVDZZTGVlREp2QjBaTXRCbUFfTksxbkpiX29jdzdFREFtZVhMQWwzdjBSZVpxcjJBSUptNXkyeEZ6elVn?oc=5,2026-09-19 02:30:00+00:00,2026-09-21 02:59:38.360407+00:00,Bhaskar English,cybercrime,"Cybercrime complaints reached 5.4 million within 5 years, but only 2.4% acts led to FIRs - Bhaskar English <a href=""https://news.google.com/rss/articles/CBMixAFBVV95cUxOYlVRZGlNUHNDUWNVdXk4TmFadTFvTjlqRFQtQ2FRUHVjNmRMdGNoTjJvTEpQUDB3cGlwVXF5OEVNQTRJQ2JXRTdsNWFycjJsZ1NwWElJTlIxQkpSaXBXRFpBa0RlSU44WkVnY2V4RHFpYW5Qb19TVE83NmJ5Q0lLLVRHMlVvalNhVDZZTGVlREp2QjBaTXRCbUFfTksxbkpiX29jdzdFREFtZVhMQWwzdjBSZVpxcjJBSUptNXkyeEZ6elVn?oc=5"" target=""_blank"">Cybercrime complaints reached 5.4 million within 5 years, but only 2.4% acts led to FIRs</a>&nbsp;&nbsp;<font color=""#6f6f6f"">Bhaskar English</font>",Negative,Community_Discussion,Dataset 1,OK,Dataset 1
"Brics backed UN cybercrime treaty at Delhi summit: What it does, why India has not signed it yet | Hindustan Times - Hindustan Times","<a href=""https://news.google.com/rss/articles/CBMi8gFBVV95cUxQdUhCNFhWcnIxSlVNMTNfQ1l5UHctSlVmZzV1ZFJ1a2Z0Y0JtVC1ubkNlRWoyaktHMzlEWjJoUThRanZDNmR4cDlyZWNKTUp1TVV6U1dFTzJSUzA5eVgxMnY4M21lWjctTXo5UXp5M25fcklPTkJ3QlhhT21KdHRKdlhrX0xZaG1qeEMzWHRoUkxiUm11SGJ5TjNFSV9pZk9nbWtGRkoxOEVJT0JVbmFSWU1pcEYxRWJmLUFzQjNxNmNiRHVwNEpyQ1ZqUFVGTHVIbklRbUlsc2RXYlk0YU1JYkpHbXZiSm9XNU1GQlR3bXVWQdIB9wFBVV95cUxNTG9PaU91R0lvVmpYRG9BRnd4OUlfbVp1NC1ySnpqT1pqcTFtOUlES0VTc0wwSjZZdWVxeDJzLThRdEZYdFE0MDNSaG1EU0ZWUXJPSlpOazJjVXh5VlJJdURaUWlvclJDZlBJdWstQzJ4ZkpwT280ZUVHUmdRVndQcVMtdnd3aTZ2OHp6WUtnRHBGbE1XV3hfdm5fcURFWndMYUl0SzUtOFlJUkZxR3V3NDl3d1M0Yzk4QzlVNXZTazdQR280ZTJzTVV6NkpMOWdVOFFBRDJJNnQxWm4zcXVBd213b2tuQjJNREpQalRoTnllYldnNG5r?oc=5"" target=""_blank"">Brics backed UN cybercrime treaty at Delhi summit: What it does, why India has not signed it yet | Hindustan Times</a>&nbsp;&nbsp;<font color=""#6f6f6f"">Hindustan Times</font>",https://news.google.com/rss/articles/CBMi8gFBVV95cUxQdUhCNFhWcnIxSlVNMTNfQ1l5UHctSlVmZzV1ZFJ1a2Z0Y0JtVC1ubkNlRWoyaktHMzlEWjJoUThRanZDNmR4cDlyZWNKTUp1TVV6U1dFTzJSUzA5eVgxMnY4M21lWjctTXo5UXp5M25fcklPTkJ3QlhhT21KdHRKdlhrX0xZaG1qeEMzWHRoUkxiUm11SGJ5TjNFSV9pZk9nbWtGRkoxOEVJT0JVbmFSWU1pcEYxRWJmLUFzQjNxNmNiRHVwNEpyQ1ZqUFVGTHVIbklRbUlsc2RXYlk0YU1JYkpHbXZiSm9XNU1GQlR3bXVWQdIB9wFBVV95cUxNTG9PaU91R0lvVmpYRG9BRnd4OUlfbVp1NC1ySnpqT1pqcTFtOUlES0VTc0wwSjZZdWVxeDJzLThRdEZYdFE0MDNSaG1EU0ZWUXJPSlpOazJjVXh5VlJJdURaUWlvclJDZlBJdWstQzJ4ZkpwT280ZUVHUmdRVndQcVMtdnd3aTZ2OHp6WUtnRHBGbE1XV3hfdm5fcURFWndMYUl0SzUtOFlJUkZxR3V3NDl3d1M0Yzk4QzlVNXZTazdQR280ZTJzTVV6NkpMOWdVOFFBRDJJNnQxWm4zcXVBd213b2tuQjJNREpQalRoTnllYldnNG5r?oc=5,2026-09-14 05:55:33+00:00,2026-09-21 02:59:38.360566+00:00,Hindustan Times,cybercrime,"Brics backed UN cybercrime treaty at Delhi summit: What it does, why India has not signed it yet | Hindustan Times - Hindustan Times <a href=""https://news.google.com/rss/articles/CBMi8gFBVV95cUxQdUhCNFhWcnIxSlVNMTNfQ1l5UHctSlVmZzV1ZFJ1a2Z0Y0JtVC1ubkNlRWoyaktHMzlEWjJoUThRanZDNmR4cDlyZWNKTUp1TVV6U1dFTzJSUzA5eVgxMnY4M21lWjctTXo5UXp5M25fcklPTkJ3QlhhT21KdHRKdlhrX0xZaG1qeEMzWHRoUkxiUm11SGJ5TjNFSV9pZk9nbWtGRkoxOEVJT0JVbmFSWU1pcEYxRWJmLUFzQjNxNmNiRHVwNEpyQ1ZqUFVGTHVIbklRbUlsc2RXYlk0YU1JYkpHbXZiSm9XNU1GQlR3bXVWQdIB9wFBVV95cUxNTG9PaU91R0lvVmpYRG9BRnd4OUlfbVp1NC1ySnpqT1pqcTFtOUlES0VTc0wwSjZZdWVxeDJzLThRdEZYdFE0MDNSaG1EU0ZWUXJPSlpOazJjVXh5VlJJdURaUWlvclJDZlBJdWstQzJ4ZkpwT280ZUVHUmdRVndQcVMtdnd3aTZ2OHp6WUtnRHBGbE1XV3hfdm5fcURFWndMYUl0SzUtOFlJUkZxR3V3NDl3d1M0Yzk4QzlVNXZTazdQR280ZTJzTVV6NkpMOWdVOFFBRDJJNnQxWm4zcXVBd213b2tuQjJNREpQalRoTnllYldnNG5r?oc=5"" target=""_blank"">Brics backed UN cybercrime treaty at Delhi summit: What it does, why India has not signed it yet | Hindustan Times</a>&nbsp;&nbsp;<font color=""#6f6f6f"">Hindustan Times</font>",Negative,Community_Discussion,Dataset 1,OK,Dataset 1
"For North Korea, AI is a cybercrime force multiplier - The Strategist | ASPI's analysis and commentary site","<a href=""https://news.google.com/rss/articles/CBMijwFBVV95cUxPaWxjaFRjTTR0eHJrNVR1RklXMFAxZWhMckJUX18tZGx0OHd1TzZGd0hOMFpBTm5WUjZ4S0RVbXlEUHVpdGNZVTdJT3Q5WWcwSVZSQjdhVUlMYmxqTWc0QU8teFczTDRhdXA0UU9DRXdJV08tUVZwV3FyOVFDaGJScHo5SXRUYjdlSHZmVXl1SQ?oc=5"" target=""_blank"">For North Korea, AI is a cybercrime force multiplier</a>&nbsp;&nbsp;<font color=""#6f6f6f"">The Strategist | ASPI's analysis and commentary site</font>",https://news.google.com/rss/articles/CBMijwFBVV95cUxPaWxjaFRjTTR0eHJrNVR1RklXMFAxZWhMckJUX18tZGx0OHd1TzZGd0hOMFpBTm5WUjZ4S0RVbXlEUHVpdGNZVTdJT3Q5WWcwSVZSQjdhVUlMYmxqTWc0QU8teFczTDRhdXA0UU9DRXdJV08tUVZwV3FyOVFDaGJScHo5SXRUYjdlSHZmVXl1SQ?oc=5,2026-09-10 07:00:00+00:00,2026-09-21 02:59:38.360580+00:00,The Strategist | ASPI's analysis and commentary site,cybercrime,"For North Korea, AI is a cybercrime force multiplier - The Strategist | ASPI's analysis and commentary site <a href=""https://news.google.com/rss/articles/CBMijwFBVV95cUxPaWxjaFRjTTR0eHJrNVR1RklXMFAxZWhMckJUX18tZGx0OHd1TzZGd0hOMFpBTm5WUjZ4S0RVbXlEUHVpdGNZVTdJT3Q5WWcwSVZSQjdhVUlMYmxqTWc0QU8teFczTDRhdXA0UU9DRXdJV08tUVZwV3FyOVFDaGJScHo5SXRUYjdlSHZmVXl1SQ?oc=5"" target=""_blank"">For North Korea, AI is a cybercrime force multiplier</a>&nbsp;&nbsp;<font color=""#6f6f6f"">The Strategist | ASPI's analysis and commentary site</font>",Neutral,Community_Discussion,Dataset 1,OK,Dataset 1
Meta Agrees to Report Child Safety Cases Directly to Cybercrime Portal in India - The Indian EYE,"<a href=""https://news.google.com/rss/articles/CBMitwFBVV95cUxPVDFjbHVkSVhJTEYyX2tFRENNNXpPcVI4dUhzOHVvVUpVWURsQ2xVWXhydm1famRCTndpYjl0WWs3QzZmYm1MVXBSMlNUMzNOOGFaTl90QXk4c3lIMndFNWNfOTZOamgxeFZaV2VfT0xibE5RMmNmRHVWaXpTbHBhQ3Y1ZUJPd2NjSFB5dHJwa3V3eFhtcVhLZWZPbEV3V01xeDhYczB4QXpZQUVuLWRTVF9BVXRoamM?oc=5"" target=""_blank"">Meta Agrees to Report Child Safety Cases Directly to Cybercrime Portal in India</a>&nbsp;&nbsp;<font color=""#6f6f6f"">The Indian EYE</font>",https://news.google.com/rss/articles/CBMitwFBVV95cUxPVDFjbHVkSVhJTEYyX2tFRENNNXpPcVI4dUhzOHVvVUpVWURsQ2xVWXhydm1famRCTndpYjl0WWs3QzZmYm1MVXBSMlNUMzNOOGFaTl90QXk4c3lIMndFNWNfOTZOamgxeFZaV2VfT0xibE5RMmNmRHVWaXpTbHBhQ3Y1ZUJPd2NjSFB5dHJwa3V3eFhtcVhLZWZPbEV3V01xeDhYczB4QXpZQUVuLWRTVF9BVXRoamM?oc=5,2026-09-16 07:42:17+00:00,2026-09-21 02:59:38.360610+00:00,The Indian EYE,cybercrime,"Meta Agrees to Report Child Safety Cases Directly to Cybercrime Portal in India - The Indian EYE <a href=""https://news.google.com/rss/articles/CBMitwFBVV95cUxPVDFjbHVkSVhJTEYyX2tFRENNNXpPcVI4dUhzOHVvVUpVWURsQ2xVWXhydm1famRCTndpYjl0WWs3QzZmYm1MVXBSMlNUMzNOOGFaTl90QXk4c3lIMndFNWNfOTZOamgxeFZaV2VfT0xibE5RMmNmRHVWaXpTbHBhQ3Y1ZUJPd2NjSFB5dHJwa3V3eFhtcVhLZWZPbEV3V01xeDhYczB4QXpZQUVuLWRTVF9BVXRoamM?oc=5"" target=""_blank"">Meta Agrees to Report Child Safety Cases Directly to Cybercrime Portal in India</a>&nbsp;&nbsp;<font color=""#6f6f6f"">The Indian EYE</font>",Neutral,Community_Discussion,Dataset 1,OK,Dataset 1
Mohammad Rizwan breaks silence on cybercrime probe after disastrous England tour - Moneycontrol.com,"<a href=""https://news.google.com/rss/articles/CBMi3wFBVV95cUxNRHBDakVOaEw2ZlhzbmJhN2s5TlF4OTdSejJnNkRfQlliVDNranlueWEyMXBOd0tvLUFoWGs5T2pPb3ZlNHZscVkwemZLc19XNTlraEVLUFNUZnZVUUpxaFZsYTIzMm5uaDEyMkhCZExmT2FoNUY4YmxjMWxNYm51UXhlNloxdnN0QnFXdTFGU1MwWlRvQXF6cjFHWXFPVm1pcHVUUlZwOVFDOGpoaE9fUXZyblBSODhfTWVobllrVlNab3NiaXhxRS05OXhCaTY0WkdfenV0anZKNm9BYVBj0gHkAUFVX3lxTE5uYkhWTzI3QVlXeDhNVjFkN1BRNS1Nd3JEN2h4TTdfeU8xN2hMOVBEYVJFcl91ZGU0R1RBRjVuNmFyX2JTQnFwc1RybFZZekFwQnFhVWZfM0o4WHNsd0ZHdmRUVDhZTEhPUjFSQXpTX1JsODRadDYzcFJWbDJoOWhnZEhGODN5LVlTczNCRUMzSFJYYzItOVdfa3ltMDB0N3FCV1JwZ0M5OXpGWG52RDdEMFgyZDBhUC1XRWZWdEJHNU9GbmMtbWhYRk9Vc08zNXhCMHFRQ3JNVzN6dGNyM1ZfMVk4OQ?oc=5"" target=""_blank"">Mohammad Rizwan breaks silence on cybercrime probe after disastrous England tour</a>&nbsp;&nbsp;<font color=""#6f6f6f"">Moneycontrol.com</font>",https://news.google.com/rss/articles/CBMi3wFBVV95cUxNRHBDakVOaEw2ZlhzbmJhN2s5TlF4OTdSejJnNkRfQlliVDNranlueWEyMXBOd0tvLUFoWGs5T2pPb3ZlNHZscVkwemZLc19XNTlraEVLUFNUZnZVUUpxaFZsYTIzMm5uaDEyMkhCZExmT2FoNUY4YmxjMWxNYm51UXhlNloxdnN0QnFXdTFGU1MwWlRvQXF6cjFHWXFPVm1pcHVUUlZwOVFDOGpoaE9fUXZyblBSODhfTWVobllrVlNab3NiaXhxRS05OXhCaTY0WkdfenV0anZKNm9BYVBj0gHkAUFVX3lxTE5uYkhWTzI3QVlXeDhNVjFkN1BRNS1Nd3JEN2h4TTdfeU8xN2hMOVBEYVJFcl91ZGU0R1RBRjVuNmFyX2JTQnFwc1RybFZZekFwQnFhVWZfM0o4WHNsd0ZHdmRUVDhZTEhPUjFSQXpTX1JsODRadDYzcFJWbDJoOWhnZEhGODN5LVlTczNCRUMzSFJYYzItOVdfa3ltMDB0N3FCV1JwZ0M5OXpGWG52RDdEMFgyZDBhUC1XRWZWdEJHNU9GbmMtbWhYRk9Vc08zNXhCMHFRQ3JNVzN6dGNyM1ZfMVk4OQ?oc=5,2026-09-14 11:09:03+00:00,2026-09-21 02:59:38.360668+00:00,Moneycontrol.com,cybercrime,"Mohammad Rizwan breaks silence on cybercrime probe after disastrous England tour - Moneycontrol.com <a href=""https://news.google.com/rss/articles/CBMi3wFBVV95cUxNRHBDakVOaEw2ZlhzbmJhN2s5TlF4OTdSejJnNkRfQlliVDNranlueWEyMXBOd0tvLUFoWGs5T2pPb3ZlNHZscVkwemZLc19XNTlraEVLUFNUZnZVUUpxaFZsYTIzMm5uaDEyMkhCZExmT2FoNUY4YmxjMWxNYm51UXhlNloxdnN0QnFXdTFGU1MwWlRvQXF6cjFHWXFPVm1pcHVUUlZwOVFDOGpoaE9fUXZyblBSODhfTWVobllrVlNab3NiaXhxRS05OXhCaTY0WkdfenV0anZKNm9BYVBj0gHkAUFVX3lxTE5uYkhWTzI3QVlXeDhNVjFkN1BRNS1Nd3JEN2h4TTdfeU8xN2hMOVBEYVJFcl91ZGU0R1RBRjVuNmFyX2JTQnFwc1RybFZZekFwQnFhVWZfM0o4WHNsd0ZHdmRUVDhZTEhPUjFSQXpTX1JsODRadDYzcFJWbDJoOWhnZEhGODN5LVlTczNCRUMzSFJYYzItOVdfa3ltMDB0N3FCV1JwZ0M5OXpGWG52RDdEMFgyZDBhUC1XRWZWdEJHNU9GbmMtbWhYRk9Vc08zNXhCMHFRQ3JNVzN6dGNyM1ZfMVk4OQ?oc=5"" target=""_blank"">Mohammad Rizwan breaks silence on cybercrime probe after disastrous England tour</a>&nbsp;&nbsp;<font color=""#6f6f6f"">Moneycontrol.com</font>",Neutral,Community_Discussion,Dataset 1,OK,Dataset 1
Mindsets changed to bridge digital divide in ethnic areas - Vietnam+ (VietnamPlus),"<a href=""https://news.google.com/rss/articles/CBMinwFBVV95cUxOS3hhR1FmVnNTZFh0d2doaTFqWW1CNHBDa1Y3VWhFOERmdUs5WVNyb3RmVTN3WXRDYjJkVnFSNGo1SjFwSTJNcThWWjQ3VDB1dGNVcl9IYU9LVlhQTmdvc2YtQWxIMzFRVkpnTkY3WV9vU3BOMFYxSjJFd3JYejdGUUtOeVRLYmRaWDZJanJ0dHpEaEtNU19yOVhQRG4wYU0?oc=5"" target=""_blank"">Mindsets changed to bridge digital divide in ethnic areas</a>&nbsp;&nbsp;<font color=""#6f6f6f"">Vietnam+ (VietnamPlus)</font>",https://news.google.com/rss/articles/CBMinwFBVV95cUxOS3hhR1FmVnNTZFh0d2doaTFqWW1CNHBDa1Y3VWhFOERmdUs5WVNyb3RmVTN3WXRDYjJkVnFSNGo1SjFwSTJNcThWWjQ3VDB1dGNVcl9IYU9LVlhQTmdvc2YtQWxIMzFRVkpnTkY3WV9vU3BOMFYxSjJFd3JYejdGUUtOeVRLYmRaWDZJanJ0dHpEaEtNU19yOVhQRG4wYU0?oc=5,2026-09-16 02:18:00+00:00,2026-09-21 02:59:39.139768+00:00,Vietnam+ (VietnamPlus),digital_exclusion,"Mindsets changed to bridge digital divide in ethnic areas - Vietnam+ (VietnamPlus) <a href=""https://news.google.com/rss/articles/CBMinwFBVV95cUxOS3hhR1FmVnNTZFh0d2doaTFqWW1CNHBDa1Y3VWhFOERmdUs5WVNyb3RmVTN3WXRDYjJkVnFSNGo1SjFwSTJNcThWWjQ3VDB1dGNVcl9IYU9LVlhQTmdvc2YtQWxIMzFRVkpnTkY3WV9vU3BOMFYxSjJFd3JYejdGUUtOeVRLYmRaWDZJanJ0dHpEaEtNU19yOVhQRG4wYU0?oc=5"" target=""_blank"">Mindsets changed to bridge digital divide in ethnic areas</a>&nbsp;&nbsp;<font color=""#6f6f6f"">Vietnam+ (VietnamPlus)</font>",Neutral,Community_Discussion,Dataset 1,OK,Dataset 1
Bridging the Digital Divide - INSIGHTS IAS,"<a href=""https://news.google.com/rss/articles/CBMie0FVX3lxTE5mWkpVWGkwSmtPa1NqQ2piZ3ZMdEpYcHBMb1FPZHkxSjBjX0trc29idmI0T2EtcG1PQmJSeUVKNHlzWm4ySFpTSlI3RmQybl94ZDlEUS05c3pMVWNyQnhzdXg5UHItMFp1WVRPQ1VaeWlram1zck90VFc0UQ?oc=5"" target=""_blank"">Bridging the Digital Divide</a>&nbsp;&nbsp;<font color=""#6f6f6f"">INSIGHTS IAS</font>",https://news.google.com/rss/articles/CBMie0FVX3lxTE5mWkpVWGkwSmtPa1NqQ2piZ3ZMdEpYcHBMb1FPZHkxSjBjX0trc29idmI0T2EtcG1PQmJSeUVKNHlzWm4ySFpTSlI3RmQybl94ZDlEUS05c3pMVWNyQnhzdXg5UHItMFp1WVRPQ1VaeWlram1zck90VFc0UQ?oc=5,2026-03-10 07:00:00+00:00,2026-09-21 02:59:39.139777+00:00,INSIGHTS IAS,digital_exclusion,"Bridging the Digital Divide - INSIGHTS IAS <a href=""https://news.google.com/rss/articles/CBMie0FVX3lxTE5mWkpVWGkwSmtPa1NqQ2piZ3ZMdEpYcHBMb1FPZHkxSjBjX0trc29idmI0T2EtcG1PQmJSeUVKNHlzWm4ySFpTSlI3RmQybl94ZDlEUS05c3pMVWNyQnhzdXg5UHItMFp1WVRPQ1VaeWlram1zck90VFc0UQ?oc=5"" target=""_blank"">Bridging the Digital Divide</a>&nbsp;&nbsp;<font color=""#6f6f6f"">INSIGHTS IAS</font>",Neutral,Community_Discussion,Dataset 1,OK,Dataset 1
Bridging the digital divide for ethnic minorities in the Central Highlands. - vietnam.vn,"<a href=""https://news.google.com/rss/articles/CBMikwFBVV95cUxQaTAxM1ZQSFN2czBOWUl2Skp3cjRPODRTQ3hKazloVUZWaUZvaGdFVkNXX1hfenJVUHlsQk1VTUxEN2NBNmw4cnpfUWsyRE5TaTduNEJuQTY3QTFlT1c2UHY4Nk41YXA2Rkhfa25iaGI3Uk9Tci1fWm5fLWtVOWdLTHBhMFNpR3NTQzdzcVpQb0dtTFk?oc=5"" target=""_blank"">Bridging the digital divide for ethnic minorities in the Central Highlands.</a>&nbsp;&nbsp;<font color=""#6f6f6f"">vietnam.vn</font>",https://news.google.com/rss/articles/CBMikwFBVV95cUxQaTAxM1ZQSFN2czBOWUl2Skp3cjRPODRTQ3hKazloVUZWaUZvaGdFVkNXX1hfenJVUHlsQk1VTUxEN2NBNmw4cnpfUWsyRE5TaTduNEJuQTY3QTFlT1c2UHY4Nk41YXA2Rkhfa25iaGI3Uk9Tci1fWm5fLWtVOWdLTHBhMFNpR3NTQzdzcVpQb0dtTFk?oc=5,2026-09-20 10:18:22+00:00,2026-09-21 02:59:39.139877+00:00,vietnam.vn,digital_exclusion,"Bridging the digital divide for ethnic minorities in the Central Highlands. - vietnam.vn <a href=""https://news.google.com/rss/articles/CBMikwFBVV95cUxQaTAxM1ZQSFN2czBOWUl2Skp3cjRPODRTQ3hKazloVUZWaUZvaGdFVkNXX1hfenJVUHlsQk1VTUxEN2NBNmw4cnpfUWsyRE5TaTduNEJuQTY3QTFlT1c2UHY4Nk41YXA2Rkhfa25iaGI3Uk9Tci1fWm5fLWtVOWdLTHBhMFNpR3NTQzdzcVpQb0dtTFk?oc=5"" target=""_blank"">Bridging the digital divide for ethnic minorities in the Central Highlands.</a>&nbsp;&nbsp;<font color=""#6f6f6f"">vietnam.vn</font>",Neutral,Community_Discussion,Dataset 1,OK,Dataset 1
Digital Divide in India - ClearIAS,"<a href=""https://news.google.com/rss/articles/CBMiXkFVX3lxTE1VSUFVS0dBcUxXbGswc2p4UXB4bVpfcTFyMU5saWFpMFNvVmRTeEFMVDdsQVozRjRWSXd5ZUhkTzAyZW5vcDdQbFU4cTNnSm9iRG92M0R5SFlsRGlQeGc?oc=5"" target=""_blank"">Digital Divide in India</a>&nbsp;&nbsp;<font color=""#6f6f6f"">ClearIAS</font>",https://news.google.com/rss/articles/CBMiXkFVX3lxTE1VSUFVS0dBcUxXbGswc2p4UXB4bVpfcTFyMU5saWFpMFNvVmRTeEFMVDdsQVozRjRWSXd5ZUhkTzAyZW5vcDdQbFU4cTNnSm9iRG92M0R5SFlsRGlQeGc?oc=5,2025-11-22 08:00:00+00:00,2026-09-21 02:59:39.139940+00:00,ClearIAS,digital_exclusion,"Digital Divide in India - ClearIAS <a href=""https://news.google.com/rss/articles/CBMiXkFVX3lxTE1VSUFVS0dBcUxXbGswc2p4UXB4bVpfcTFyMU5saWFpMFNvVmRTeEFMVDdsQVozRjRWSXd5ZUhkTzAyZW5vcDdQbFU4cTNnSm9iRG92M0R5SFlsRGlQeGc?oc=5"" target=""_blank"">Digital Divide in India</a>&nbsp;&nbsp;<font color=""#6f6f6f"">ClearIAS</font>",Neutral,Community_Discussion,Dataset 1,OK,Dataset 1
Iran Wields Wartime Internet Access as a Political Tool - Carnegie Endowment for International Peace,"<a href=""https://news.google.com/rss/articles/CBMipAFBVV95cUxORzFnRlU4eFVTaHpaNW02TjM0MndrdFlFNDlXZGM0YXFFOGJjODdNTWV1X1NZYmxUN3d2RHNheFFUNmdWY1hLWVJ6bFQxN3FQeFc4WGtTWGY5WWloRjhsMEdGMWExWDR6ZklnNW9vbExCLUJGUmRxd0lvNzk1VDhLOHRZZ3FZMDM1U0FPZF9kLWVRdWFTaG9oTnFNSzVsT3lLZU5jQw?oc=5"" target=""_blank"">Iran Wields Wartime Internet Access as a Political Tool</a>&nbsp;&nbsp;<font color=""#6f6f6f"">Carnegie Endowment for International Peace</font>",https://news.google.com/rss/articles/CBMipAFBVV95cUxORzFnRlU4eFVTaHpaNW02TjM0MndrdFlFNDlXZGM0YXFFOGJjODdNTWV1X1NZYmxUN3d2RHNheFFUNmdWY1hLWVJ6bFQxN3FQeFc4WGtTWGY5WWloRjhsMEdGMWExWDR6ZklnNW9vbExCLUJGUmRxd0lvNzk1VDhLOHRZZ3FZMDM1U0FPZF9kLWVRdWFTaG9oTnFNSzVsT3lLZU5jQw?oc=5,2026-03-18 07:00:00+00:00,2026-09-21 02:59:39.139955+00:00,Carnegie Endowment for International Peace,digital_exclusion,"Iran Wields Wartime Internet Access as a Political Tool - Carnegie Endowment for International Peace <a href=""https://news.google.com/rss/articles/CBMipAFBVV95cUxORzFnRlU4eFVTaHpaNW02TjM0MndrdFlFNDlXZGM0YXFFOGJjODdNTWV1X1NZYmxUN3d2RHNheFFUNmdWY1hLWVJ6bFQxN3FQeFc4WGtTWGY5WWloRjhsMEdGMWExWDR6ZklnNW9vbExCLUJGUmRxd0lvNzk1VDhLOHRZZ3FZMDM1U0FPZF9kLWVRdWFTaG9oTnFNSzVsT3lLZU5jQw?oc=5"" target=""_blank"">Iran Wields Wartime Internet Access as a Political Tool</a>&nbsp;&nbsp;<font color=""#6f6f6f"">Carnegie Endowment for International Peace</font>",Neutral,Community_Discussion,Dataset 1,OK,Dataset 1
"Technology and older people: bridging the digital divide with empathy, innovation and purpose - telefonica.com","<a href=""https://news.google.com/rss/articles/CBMiqgFBVV95cUxOSUxhWnJGSm5lTTVxZEszelg4NTlOYWdXYXBDLUxYWW1PUUZXN1A5UW9DV2JlbGRRQ3h5aDlHMDlmSXY2SElzS1JwZjJmRW4tSy1HMEt2X2QtMFFfcnBsLXY5WDFFMUdveUt3UW5RWW5qc21LUnNZWEZLd1dzZjJaejBNZzA2dktHbjFfQnhkQzRNTDNaOWNEN1Iyc2FzTWFYWHp0UmUtYWRfZw?oc=5"" target=""_blank"">Technology and older people: bridging the digital divide with empathy, innovation and purpose</a>&nbsp;&nbsp;<font color=""#6f6f6f"">telefonica.com</font>",https://news.google.com/rss/articles/CBMiqgFBVV95cUxOSUxhWnJGSm5lTTVxZEszelg4NTlOYWdXYXBDLUxYWW1PUUZXN1A5UW9DV2JlbGRRQ3h5aDlHMDlmSXY2SElzS1JwZjJmRW4tSy1HMEt2X2QtMFFfcnBsLXY5WDFFMUdveUt3UW5RWW5qc21LUnNZWEZLd1dzZjJaejBNZzA2dktHbjFfQnhkQzRNTDNaOWNEN1Iyc2FzTWFYWHp0UmUtYWRfZw?oc=5,2026-02-09 08:00:00+00:00,2026-09-21 02:59:39.139979+00:00,telefonica.com,digital_exclusion,"Technology and older people: bridging the digital divide with empathy, innovation and purpose - telefonica.com <a href=""https://news.google.com/rss/articles/CBMiqgFBVV95cUxOSUxhWnJGSm5lTTVxZEszelg4NTlOYWdXYXBDLUxYWW1PUUZXN1A5UW9DV2JlbGRRQ3h5aDlHMDlmSXY2SElzS1JwZjJmRW4tSy1HMEt2X2QtMFFfcnBsLXY5WDFFMUdveUt3UW5RWW5qc21LUnNZWEZLd1dzZjJaejBNZzA2dktHbjFfQnhkQzRNTDNaOWNEN1Iyc2FzTWFYWHp0UmUtYWRfZw?oc=5"" target=""_blank"">Technology and older people: bridging the digital divide with empathy, innovation and purpose</a>&nbsp;&nbsp;<font color=""#6f6f6f"">telefonica.com</font>",Neutral,Community_Discussion,Dataset 1,OK,Dataset 1
A Sample Proposal on ”Bridging the Digital Divide in Underserved Communities” - fundsforNGOs,"<a href=""https://news.google.com/rss/articles/CBMiuwFBVV95cUxQUmZILU1qLVJNOEtjZGVONC1uMWRzRDVTVzRIRkNqOE13MUtSQXNFNUJROVQ0YXpCTXdlOGt2WFZvUUZiWWxBdXBxSXhZSTFCTnJQNHFDTFRBQWd3ZXk4UWRVWkp3RF91dGZnZk1QWVZ6ekRkZ25CNzRuX3lyOUdnOERwOE92TXkzamwyWGRCUXBxSXIxZVRCVEJiSUhzaEhEX2xocDZ1aHRWUlM5c0RfQWpaNDZoVTN1OXlN?oc=5"" target=""_blank"">A Sample Proposal on ”Bridging the Digital Divide in Underserved Communities”</a>&nbsp;&nbsp;<font color=""#6f6f6f"">fundsforNGOs</font>",https://news.google.com/rss/articles/CBMiuwFBVV95cUxQUmZILU1qLVJNOEtjZGVONC1uMWRzRDVTVzRIRkNqOE13MUtSQXNFNUJROVQ0YXpCTXdlOGt2WFZvUUZiWWxBdXBxSXhZSTFCTnJQNHFDTFRBQWd3ZXk4UWRVWkp3RF91dGZnZk1QWVZ6ekRkZ25CNzRuX3lyOUdnOERwOE92TXkzamwyWGRCUXBxSXIxZVRCVEJiSUhzaEhEX2xocDZ1aHRWUlM5c0RfQWpaNDZoVTN1OXlN?oc=5,2026-02-23 09:30:43+00:00,2026-09-21 02:59:39.139987+00:00,fundsforNGOs,digital_exclusion,"A Sample Proposal on ”Bridging the Digital Divide in Underserved Communities” - fundsforNGOs <a href=""https://news.google.com/rss/articles/CBMiuwFBVV95cUxQUmZILU1qLVJNOEtjZGVONC1uMWRzRDVTVzRIRkNqOE13MUtSQXNFNUJROVQ0YXpCTXdlOGt2WFZvUUZiWWxBdXBxSXhZSTFCTnJQNHFDTFRBQWd3ZXk4UWRVWkp3RF91dGZnZk1QWVZ6ekRkZ25CNzRuX3lyOUdnOERwOE92TXkzamwyWGRCUXBxSXIxZVRCVEJiSUhzaEhEX2xocDZ1aHRWUlM5c0RfQWpaNDZoVTN1OXlN?oc=5"" target=""_blank"">A Sample Proposal on ”Bridging the Digital Divide in Underserved Communities”</a>&nbsp;&nbsp;<font color=""#6f6f6f"">fundsforNGOs</font>",Neutral,Community_Discussion,Dataset 1,OK,Dataset 1
Global AI Adoption in 2025 – AI Economy Institute - Microsoft,"<a href=""https://news.google.com/rss/articles/CBMiugFBVV95cUxPOXZTd01Td0VFS2gtdTNkdjExalFfa2kzSExZLVI4MnREWjJQUFA2TkdfUmFfQ21qU2xWM1R1c0tud08zT0pqakd1RUJPaXpLSU54RFExOFJrVTZkQ1JCeUFjTWp3emQwdUtSd2RfR2stcEZnbnptckowNVFUUExVWGRWRUQtVzVlY1hmOEQ1bFlWQng1ZUltUDFSWHI4TFZWVGZOSVhHY0R2ek00WGpUWFN0T1J3SjRBd2c?oc=5"" target=""_blank"">Global AI Adoption in 2025 – AI Economy Institute</a>&nbsp;&nbsp;<font color=""#6f6f6f"">Microsoft</font>",https://news.google.com/rss/articles/CBMiugFBVV95cUxPOXZTd01Td0VFS2gtdTNkdjExalFfa2kzSExZLVI4MnREWjJQUFA2TkdfUmFfQ21qU2xWM1R1c0tud08zT0pqakd1RUJPaXpLSU54RFExOFJrVTZkQ1JCeUFjTWp3emQwdUtSd2RfR2stcEZnbnptckowNVFUUExVWGRWRUQtVzVlY1hmOEQ1bFlWQng1ZUltUDFSWHI4TFZWVGZOSVhHY0R2ek00WGpUWFN0T1J3SjRBd2c?oc=5,2026-01-08 08:00:00+00:00,2026-09-21 02:59:39.139994+00:00,Microsoft,digital_exclusion,"Global AI Adoption in 2025 – AI Economy Institute - Microsoft <a href=""https://news.google.com/rss/articles/CBMiugFBVV95cUxPOXZTd01Td0VFS2gtdTNkdjExalFfa2kzSExZLVI4MnREWjJQUFA2TkdfUmFfQ21qU2xWM1R1c0tud08zT0pqakd1RUJPaXpLSU54RFExOFJrVTZkQ1JCeUFjTWp3emQwdUtSd2RfR2stcEZnbnptckowNVFUUExVWGRWRUQtVzVlY1hmOEQ1bFlWQng1ZUltUDFSWHI4TFZWVGZOSVhHY0R2ek00WGpUWFN0T1J3SjRBd2c?oc=5"" target=""_blank"">Global AI Adoption in 2025 – AI Economy Institute</a>&nbsp;&nbsp;<font color=""#6f6f6f"">Microsoft</font>",Neutral,Community_Discussion,Dataset 1,OK,Dataset 1
Outcomes from WTDC: Bridging the Digital Divide - GSMA,"<a href=""https://news.google.com/rss/articles/CBMi5wFBVV95cUxPemFPZmFjZndCb256RGNGUUFhTXRYNVQ5Y2NsdGFBeEZ2SU5fT0lzekpsRHowd1V4WWNiWV9qUVFsMFRWNzZUdDlPcHA1RUlYR3NmTzNVdDZTazZLaTUxWDNjTFhjTnJUOFlOZzJhOHloYy1kYng4eVRGMFp5c2RIOU5vcjZ6LXFHTGE2RHA5RldXTjE5MXVsazhZeE1DOWVoOTYxUnNnTUxfS0hEZHFWdGlDaWIwZFFsS1hkZnFGVHhoOFotYk4wd1lHb3dPMVBTOXhVTlY1Q2R2TXlzWmh6WVdhOGY2WFk?oc=5"" target=""_blank"">Outcomes from WTDC: Bridging the Digital Divide</a>&nbsp;&nbsp;<font color=""#6f6f6f"">GSMA</font>",https://news.google.com/rss/articles/CBMi5wFBVV95cUxPemFPZmFjZndCb256RGNGUUFhTXRYNVQ5Y2NsdGFBeEZ2SU5fT0lzekpsRHowd1V4WWNiWV9qUVFsMFRWNzZUdDlPcHA1RUlYR3NmTzNVdDZTazZLaTUxWDNjTFhjTnJUOFlOZzJhOHloYy1kYng4eVRGMFp5c2RIOU5vcjZ6LXFHTGE2RHA5RldXTjE5MXVsazhZeE1DOWVoOTYxUnNnTUxfS0hEZHFWdGlDaWIwZFFsS1hkZnFGVHhoOFotYk4wd1lHb3dPMVBTOXhVTlY1Q2R2TXlzWmh6WVdhOGY2WFk?oc=5,2025-12-05 08:00:00+00:00,2026-09-21 02:59:39.140002+00:00,GSMA,digital_exclusion,"Outcomes from WTDC: Bridging the Digital Divide - GSMA <a href=""https://news.google.com/rss/articles/CBMi5wFBVV95cUxPemFPZmFjZndCb256RGNGUUFhTXRYNVQ5Y2NsdGFBeEZ2SU5fT0lzekpsRHowd1V4WWNiWV9qUVFsMFRWNzZUdDlPcHA1RUlYR3NmTzNVdDZTazZLaTUxWDNjTFhjTnJUOFlOZzJhOHloYy1kYng4eVRGMFp5c2RIOU5vcjZ6LXFHTGE2RHA5RldXTjE5MXVsazhZeE1DOWVoOTYxUnNnTUxfS0hEZHFWdGlDaWIwZFFsS1hkZnFGVHhoOFotYk4wd1lHb3dPMVBTOXhVTlY1Q2R2TXlzWmh6WVdhOGY2WFk?oc=5"" target=""_blank"">Outcomes from WTDC: Bridging the Digital Divide</a>&nbsp;&nbsp;<font color=""#6f6f6f"">GSMA</font>",Neutral,Community_Discussion,Dataset 1,OK,Dataset 1
A Sample Grant Proposal on “Closing the Digital Divide Through Affordable Technology Access” - fundsforNGOs,"<a href=""https://news.google.com/rss/articles/CBMizwFBVV95cUxOSUtmcUl3X19Pb1YxQUJpcGJZT2xiYUdwVnpVT2xMdUc1Q2ZCWnlHT0ZWY3NfLVRybUZTdHlralJEYzdBR1ZPVlRHdGxMakRoZ3JTd2JCNXVTaEh3S193bmhfMHU1anRCNmNSUFlNTENsWnFxbVdvWHdNYVVPRXhkNmg0Zy1SZGdWY3BVSGVCLUZfUFR3bVgxMWI4aEFuVWFzeW9hNVhqcUZCLWVKSGlhNlROdE9XY1Q0RUdkU2l5OFpUN3A1RmhVTEt0b3RyeXc?oc=5"" target=""_blank"">A Sample Grant Proposal on “Closing the Digital Divide Through Affordable Technology Access”</a>&nbsp;&nbsp;<font color=""#6f6f6f"">fundsforNGOs</font>",https://news.google.com/rss/articles/CBMizwFBVV95cUxOSUtmcUl3X19Pb1YxQUJpcGJZT2xiYUdwVnpVT2xMdUc1Q2ZCWnlHT0ZWY3NfLVRybUZTdHlralJEYzdBR1ZPVlRHdGxMakRoZ3JTd2JCNXVTaEh3S193bmhfMHU1anRCNmNSUFlNTENsWnFxbVdvWHdNYVVPRXhkNmg0Zy1SZGdWY3BVSGVCLUZfUFR3bVgxMWI4aEFuVWFzeW9hNVhqcUZCLWVKSGlhNlROdE9XY1Q0RUdkU2l5OFpUN3A1RmhVTEt0b3RyeXc?oc=5,2026-02-03 06:42:55+00:00,2026-09-21 02:59:39.140025+00:00,fundsforNGOs,digital_exclusion,"A Sample Grant Proposal on “Closing the Digital Divide Through Affordable Technology Access” - fundsforNGOs <a href=""https://news.google.com/rss/articles/CBMizwFBVV95cUxOSUtmcUl3X19Pb1YxQUJpcGJZT2xiYUdwVnpVT2xMdUc1Q2ZCWnlHT0ZWY3NfLVRybUZTdHlralJEYzdBR1ZPVlRHdGxMakRoZ3JTd2JCNXVTaEh3S193bmhfMHU1anRCNmNSUFlNTENsWnFxbVdvWHdNYVVPRXhkNmg0Zy1SZGdWY3BVSGVCLUZfUFR3bVgxMWI4aEFuVWFzeW9hNVhqcUZCLWVKSGlhNlROdE9XY1Q0RUdkU2l5OFpUN3A1RmhVTEt0b3RyeXc?oc=5"" target=""_blank"">A Sample Grant Proposal on “Closing the Digital Divide Through Affordable Technology Access”</a>&nbsp;&nbsp;<font color=""#6f6f6f"">fundsforNGOs</font>",Neutral,Community_Discussion,Dataset 1,OK,Dataset 1
Bridging the digital divide: development and validation of a digital literacy scale for older adults in China - Nature,"<a href=""https://news.google.com/rss/articles/CBMiX0FVX3lxTE5rTVJ3VGVVcVJZRmpwcTFnRGVuNVJqdDlfcWhfUl90b0ZiaUR1WjVVZ3RLMm8tTGV1XzRscTN4ei1rSzM2Y2g2MU1wZzNuTW5FWDJMZDlrNnVtdERkRHZF?oc=5"" target=""_blank"">Bridging the digital divide: development and validation of a digital literacy scale for older adults in China</a>&nbsp;&nbsp;<font color=""#6f6f6f"">Nature</font>",https://news.google.com/rss/articles/CBMiX0FVX3lxTE5rTVJ3VGVVcVJZRmpwcTFnRGVuNVJqdDlfcWhfUl90b0ZiaUR1WjVVZ3RLMm8tTGV1XzRscTN4ei1rSzM2Y2g2MU1wZzNuTW5FWDJMZDlrNnVtdERkRHZF?oc=5,2025-11-12 08:00:00+00:00,2026-09-21 02:59:39.140034+00:00,Nature,digital_exclusion,"Bridging the digital divide: development and validation of a digital literacy scale for older adults in China - Nature <a href=""https://news.google.com/rss/articles/CBMiX0FVX3lxTE5rTVJ3VGVVcVJZRmpwcTFnRGVuNVJqdDlfcWhfUl90b0ZiaUR1WjVVZ3RLMm8tTGV1XzRscTN4ei1rSzM2Y2g2MU1wZzNuTW5FWDJMZDlrNnVtdERkRHZF?oc=5"" target=""_blank"">Bridging the digital divide: development and validation of a digital literacy scale for older adults in China</a>&nbsp;&nbsp;<font color=""#6f6f6f"">Nature</font>",Neutral,Community_Discussion,Dataset 1,OK,Dataset 1
"What we know about internet use, smartphone ownership and digital divides in the U.S. - Pew Research Center","<a href=""https://news.google.com/rss/articles/CBMirAFBVV95cUxNNUxud2ttVWUydGtsaGs5UmJKRzVDTHBFa0dmbG1CaEVYTmdDcnQ5QTRPMER6YnBnYWNHZS16QWNfSGhzSUJNTTl5dEFIVmJsdjNic3ZaT1h0LWhETS1wekQ5QTFDREFBcWNJemJGR0IwdkJCUktLOC1LclRFemI3endBblNidDBucXZRMjhnR2RjQTRYemRRNS01Ukc5M2ZqRU9uNEY0OXQyZ2dh?oc=5"" target=""_blank"">What we know about internet use, smartphone ownership and digital divides in the U.S.</a>&nbsp;&nbsp;<font color=""#6f6f6f"">Pew Research Center</font>",https://news.google.com/rss/articles/CBMirAFBVV95cUxNNUxud2ttVWUydGtsaGs5UmJKRzVDTHBFa0dmbG1CaEVYTmdDcnQ5QTRPMER6YnBnYWNHZS16QWNfSGhzSUJNTTl5dEFIVmJsdjNic3ZaT1h0LWhETS1wekQ5QTFDREFBcWNJemJGR0IwdkJCUktLOC1LclRFemI3endBblNidDBucXZRMjhnR2RjQTRYemRRNS01Ukc5M2ZqRU9uNEY0OXQyZ2dh?oc=5,2026-01-08 08:00:00+00:00,2026-09-21 02:59:39.140042+00:00,Pew Research Center,digital_exclusion,"What we know about internet use, smartphone ownership and digital divides in the U.S. - Pew Research Center <a href=""https://news.google.com/rss/articles/CBMirAFBVV95cUxNNUxud2ttVWUydGtsaGs5UmJKRzVDTHBFa0dmbG1CaEVYTmdDcnQ5QTRPMER6YnBnYWNHZS16QWNfSGhzSUJNTTl5dEFIVmJsdjNic3ZaT1h0LWhETS1wekQ5QTFDREFBcWNJemJGR0IwdkJCUktLOC1LclRFemI3endBblNidDBucXZRMjhnR2RjQTRYemRRNS01Ukc5M2ZqRU9uNEY0OXQyZ2dh?oc=5"" target=""_blank"">What we know about internet use, smartphone ownership and digital divides in the U.S.</a>&nbsp;&nbsp;<font color=""#6f6f6f"">Pew Research Center</font>",Neutral,Community_Discussion,Dataset 1,OK,Dataset 1
Full Connectivity Bridging the Digital Divide with Shared Infrastructure - oxfordmartin.ox.ac.uk,"<a href=""https://news.google.com/rss/articles/CBMiuwFBVV95cUxPQzktRnpCZWZYaGdOdm9RRkQ4UDVZNFhhcUVxTmd3N2E5UEhFQ1lKeXQ3OXNqVU0zUFI2NTlxQWVVS1ZyRk5VVUdpNTBQckFKQ0phNW5QRy1ZRVNJZ2xiZHRKOHY1bWExZDNUR2J4Z0hRZGQ0dFg3NWRHVVg3RnJhN0E2bEY3Vm1PRXhfal9wdzgzUDdqSFQwSjVnckU0UE5QYzVRMG02Z3RYTTF2b2E1a0RQcEQ1b3F4MkRn?oc=5"" target=""_blank"">Full Connectivity Bridging the Digital Divide with Shared Infrastructure</a>&nbsp;&nbsp;<font color=""#6f6f6f"">oxfordmartin.ox.ac.uk</font>",https://news.google.com/rss/articles/CBMiuwFBVV95cUxPQzktRnpCZWZYaGdOdm9RRkQ4UDVZNFhhcUVxTmd3N2E5UEhFQ1lKeXQ3OXNqVU0zUFI2NTlxQWVVS1ZyRk5VVUdpNTBQckFKQ0phNW5QRy1ZRVNJZ2xiZHRKOHY1bWExZDNUR2J4Z0hRZGQ0dFg3NWRHVVg3RnJhN0E2bEY3Vm1PRXhfal9wdzgzUDdqSFQwSjVnckU0UE5QYzVRMG02Z3RYTTF2b2E1a0RQcEQ1b3F4MkRn?oc=5,2026-01-30 08:00:00+00:00,2026-09-21 02:59:39.140066+00:00,oxfordmartin.ox.ac.uk,digital_exclusion,"Full Connectivity Bridging the Digital Divide with Shared Infrastructure - oxfordmartin.ox.ac.uk <a href=""https://news.google.com/rss/articles/CBMiuwFBVV95cUxPQzktRnpCZWZYaGdOdm9RRkQ4UDVZNFhhcUVxTmd3N2E5UEhFQ1lKeXQ3OXNqVU0zUFI2NTlxQWVVS1ZyRk5VVUdpNTBQckFKQ0phNW5QRy1ZRVNJZ2xiZHRKOHY1bWExZDNUR2J4Z0hRZGQ0dFg3NWRHVVg3RnJhN0E2bEY3Vm1PRXhfal9wdzgzUDdqSFQwSjVnckU0UE5QYzVRMG02Z3RYTTF2b2E1a0RQcEQ1b3F4MkRn?oc=5"" target=""_blank"">Full Connectivity Bridging the Digital Divide with Shared Infrastructure</a>&nbsp;&nbsp;<font color=""#6f6f6f"">oxfordmartin.ox.ac.uk</font>",Neutral,Community_Discussion,Dataset 1,OK,Dataset 1
What is the role of digital divide between digital inclusive finance and common prosperity? Evidence from 245 cities in China - Nature,"<a href=""https://news.google.com/rss/articles/CBMiX0FVX3lxTFBaSVQxbV9Kei1UQ25qSkhQeTl1TVZBOG13OV9ZLTN3VVlseFVQeFFObDVKTXA2R1NrVVlWYWgxTDRSaWVrdWRrcU9tb3BzZkZhWUd1SHhtOUFiZmtJVnJn?oc=5"" target=""_blank"">What is the role of digital divide between digital inclusive finance and common prosperity? Evidence from 245 cities in China</a>&nbsp;&nbsp;<font color=""#6f6f6f"">Nature</font>",https://news.google.com/rss/articles/CBMiX0FVX3lxTFBaSVQxbV9Kei1UQ25qSkhQeTl1TVZBOG13OV9ZLTN3VVlseFVQeFFObDVKTXA2R1NrVVlWYWgxTDRSaWVrdWRrcU9tb3BzZkZhWUd1SHhtOUFiZmtJVnJn?oc=5,2025-11-18 08:00:00+00:00,2026-09-21 02:59:39.140073+00:00,Nature,digital_exclusion,"What is the role of digital divide between digital inclusive finance and common prosperity? Evidence from 245 cities in China - Nature <a href=""https://news.google.com/rss/articles/CBMiX0FVX3lxTFBaSVQxbV9Kei1UQ25qSkhQeTl1TVZBOG13OV9ZLTN3VVlseFVQeFFObDVKTXA2R1NrVVlWYWgxTDRSaWVrdWRrcU9tb3BzZkZhWUd1SHhtOUFiZmtJVnJn?oc=5"" target=""_blank"">What is the role of digital divide between digital inclusive finance and common prosperity? Evidence from 245 cities in China</a>&nbsp;&nbsp;<font color=""#6f6f6f"">Nature</font>",Neutral,Community_Discussion,Dataset 1,OK,Dataset 1
"Bridging the Digital Divide for Visually Impaired South Asians: Language, Technology and Inclusion - TheWire.in","<a href=""https://news.google.com/rss/articles/CBMi0AFBVV95cUxOckg0aE1oYlBUWUFVVzJKd1ZuTEpYY1RnbXFEWTVsYURlT1VqRkN2UkkwcVdCWUwzdGprT25CRHNRYmo0OTVjOXNtUEszRjdBa29mUkNuVFN1NEp5aS0wSWpKM0NNWUlHU0tCczlkbXdxYmFXTE1XSkt1MlBQcl83QWdYNzF4bGxQZEVWZkpDMW9rbG91cEtqZlp2OU9UWWtGTXNuaXlQOUd2TU52NEdMM3VDSXQ3eUhlWGNZZFNYWGp2QjZHM1VsMjVxV2J5OURT0gHWAUFVX3lxTE1TTEU1UUhrdjkwWWthUENVYS0xbWd2TUVOdVV5OW9pak1FVFpmdlZ4ZjhHWmN5TFotbjhHVTdhbTYwVVRzMEN4X0hQaExYUWJTR0ZXYzlTcjQ4alZKMi1paS1UVndKOGs1S3hrX3VZSEx1blVEWVM3OGFZdU9RRGRhdWhhb3htZlV0UGt4emFEVmNvYnFLdzM1M0EzMGJINFF4TGM3TG1aYzd4cHRDV05nY1YteFNqaUZKMlBVem9YaW5UZ21vRGpxMEVaa1Z0OWduci1QU2c?oc=5"" target=""_blank"">Bridging the Digital Divide for Visually Impaired South Asians: Language, Technology and Inclusion</a>&nbsp;&nbsp;<font color=""#6f6f6f"">TheWire.in</font>",https://news.google.com/rss/articles/CBMi0AFBVV95cUxOckg0aE1oYlBUWUFVVzJKd1ZuTEpYY1RnbXFEWTVsYURlT1VqRkN2UkkwcVdCWUwzdGprT25CRHNRYmo0OTVjOXNtUEszRjdBa29mUkNuVFN1NEp5aS0wSWpKM0NNWUlHU0tCczlkbXdxYmFXTE1XSkt1MlBQcl83QWdYNzF4bGxQZEVWZkpDMW9rbG91cEtqZlp2OU9UWWtGTXNuaXlQOUd2TU52NEdMM3VDSXQ3eUhlWGNZZFNYWGp2QjZHM1VsMjVxV2J5OURT0gHWAUFVX3lxTE1TTEU1UUhrdjkwWWthUENVYS0xbWd2TUVOdVV5OW9pak1FVFpmdlZ4ZjhHWmN5TFotbjhHVTdhbTYwVVRzMEN4X0hQaExYUWJTR0ZXYzlTcjQ4alZKMi1paS1UVndKOGs1S3hrX3VZSEx1blVEWVM3OGFZdU9RRGRhdWhhb3htZlV0UGt4emFEVmNvYnFLdzM1M0EzMGJINFF4TGM3TG1aYzd4cHRDV05nY1YteFNqaUZKMlBVem9YaW5UZ21vRGpxMEVaa1Z0OWduci1QU2c?oc=5,2026-03-16 07:00:00+00:00,2026-09-21 02:59:39.140081+00:00,TheWire.in,digital_exclusion,"Bridging the Digital Divide for Visually Impaired South Asians: Language, Technology and Inclusion - TheWire.in <a href=""https://news.google.com/rss/articles/CBMi0AFBVV95cUxOckg0aE1oYlBUWUFVVzJKd1ZuTEpYY1RnbXFEWTVsYURlT1VqRkN2UkkwcVdCWUwzdGprT25CRHNRYmo0OTVjOXNtUEszRjdBa29mUkNuVFN1NEp5aS0wSWpKM0NNWUlHU0tCczlkbXdxYmFXTE1XSkt1MlBQcl83QWdYNzF4bGxQZEVWZkpDMW9rbG91cEtqZlp2OU9UWWtGTXNuaXlQOUd2TU52NEdMM3VDSXQ3eUhlWGNZZFNYWGp2QjZHM1VsMjVxV2J5OURT0gHWAUFVX3lxTE1TTEU1UUhrdjkwWWthUENVYS0xbWd2TUVOdVV5OW9pak1FVFpmdlZ4ZjhHWmN5TFotbjhHVTdhbTYwVVRzMEN4X0hQaExYUWJTR0ZXYzlTcjQ4alZKMi1paS1UVndKOGs1S3hrX3VZSEx1blVEWVM3OGFZdU9RRGRhdWhhb3htZlV0UGt4emFEVmNvYnFLdzM1M0EzMGJINFF4TGM3TG1aYzd4cHRDV05nY1YteFNqaUZKMlBVem9YaW5UZ21vRGpxMEVaa1Z0OWduci1QU2c?oc=5"" target=""_blank"">Bridging the Digital Divide for Visually Impaired South Asians: Language, Technology and Inclusion</a>&nbsp;&nbsp;<font color=""#6f6f6f"">TheWire.in</font>",Neutral,Community_Discussion,Dataset 1,OK,Dataset 1
Study Finds ‘Smartphone-Only’ Internet Access Deepens Digital Inequality - University at Albany,"<a href=""https://news.google.com/rss/articles/CBMitgFBVV95cUxONmE5Q01ZS1VOX1dicWhzM1lycExOdTVvMkV4cEM0QTNpbHZ3a1YzNE9ZbmZjZjkyajZfMGFKWUxLWlZhNUd1RTRjdlNwNnNHQmZmNkdfU29rLXM1bXNwVUxqLU5kcFNBWDh0dTdBS2lwWlU4ZDEzbk90Z1JpWFJ3Z0dtcDVsUktYOTg5Y0xNZ0pLX2paeG5KanY3UXZUQ0RQb0tTOUZqQlBjMm9LbHY2cmF2R29qdw?oc=5"" target=""_blank"">Study Finds ‘Smartphone-Only’ Internet Access Deepens Digital Inequality</a>&nbsp;&nbsp;<font color=""#6f6f6f"">University at Albany</font>",https://news.google.com/rss/articles/CBMitgFBVV95cUxONmE5Q01ZS1VOX1dicWhzM1lycExOdTVvMkV4cEM0QTNpbHZ3a1YzNE9ZbmZjZjkyajZfMGFKWUxLWlZhNUd1RTRjdlNwNnNHQmZmNkdfU29rLXM1bXNwVUxqLU5kcFNBWDh0dTdBS2lwWlU4ZDEzbk90Z1JpWFJ3Z0dtcDVsUktYOTg5Y0xNZ0pLX2paeG5KanY3UXZUQ0RQb0tTOUZqQlBjMm9LbHY2cmF2R29qdw?oc=5,2026-02-25 19:31:37+00:00,2026-09-21 02:59:39.140136+00:00,University at Albany,digital_exclusion,"Study Finds ‘Smartphone-Only’ Internet Access Deepens Digital Inequality - University at Albany <a href=""https://news.google.com/rss/articles/CBMitgFBVV95cUxONmE5Q01ZS1VOX1dicWhzM1lycExOdTVvMkV4cEM0QTNpbHZ3a1YzNE9ZbmZjZjkyajZfMGFKWUxLWlZhNUd1RTRjdlNwNnNHQmZmNkdfU29rLXM1bXNwVUxqLU5kcFNBWDh0dTdBS2lwWlU4ZDEzbk90Z1JpWFJ3Z0dtcDVsUktYOTg5Y0xNZ0pLX2paeG5KanY3UXZUQ0RQb0tTOUZqQlBjMm9LbHY2cmF2R29qdw?oc=5"" target=""_blank"">Study Finds ‘Smartphone-Only’ Internet Access Deepens Digital Inequality</a>&nbsp;&nbsp;<font color=""#6f6f6f"">University at Albany</font>",Neutral,Community_Discussion,Dataset 1,OK,Dataset 1
Hounslow tackles the digital divide: Call for locals to donate unwanted tech - London Borough of Hounslow,"<a href=""https://news.google.com/rss/articles/CBMivwFBVV95cUxOUlVKYkJNVlpYM1FwWW1hN001bUJiUHNteE82WHZNVGl1QVNXR3dCVHRORXVtZGxyRERJRnVSbzFFQm5zd2UyNjVTb1lILXg4aWhJaWlocU40TWhYLU1EY0d2UHFzS0VhUUpFWm8yRXNwd1VoWHJIWThhUEhyN2kzWlFaaXYyamRvc1JBMWp3OTZJNlkwZ2pJbS1oams1ZUp0MWdhMllpeFV3SkZMX0pNRUFhMTJmVkhpQUNhNF9uVQ?oc=5"" target=""_blank"">Hounslow tackles the digital divide: Call for locals to donate unwanted tech</a>&nbsp;&nbsp;<font color=""#6f6f6f"">London Borough of Hounslow</font>",https://news.google.com/rss/articles/CBMivwFBVV95cUxOUlVKYkJNVlpYM1FwWW1hN001bUJiUHNteE82WHZNVGl1QVNXR3dCVHRORXVtZGxyRERJRnVSbzFFQm5zd2UyNjVTb1lILXg4aWhJaWlocU40TWhYLU1EY0d2UHFzS0VhUUpFWm8yRXNwd1VoWHJIWThhUEhyN2kzWlFaaXYyamRvc1JBMWp3OTZJNlkwZ2pJbS1oams1ZUp0MWdhMllpeFV3SkZMX0pNRUFhMTJmVkhpQUNhNF9uVQ?oc=5,2026-09-02 14:57:50+00:00,2026-09-21 02:59:39.140175+00:00,London Borough of Hounslow,digital_exclusion,"Hounslow tackles the digital divide: Call for locals to donate unwanted tech - London Borough of Hounslow <a href=""https://news.google.com/rss/articles/CBMivwFBVV95cUxOUlVKYkJNVlpYM1FwWW1hN001bUJiUHNteE82WHZNVGl1QVNXR3dCVHRORXVtZGxyRERJRnVSbzFFQm5zd2UyNjVTb1lILXg4aWhJaWlocU40TWhYLU1EY0d2UHFzS0VhUUpFWm8yRXNwd1VoWHJIWThhUEhyN2kzWlFaaXYyamRvc1JBMWp3OTZJNlkwZ2pJbS1oams1ZUp0MWdhMllpeFV3SkZMX0pNRUFhMTJmVkhpQUNhNF9uVQ?oc=5"" target=""_blank"">Hounslow tackles the digital divide: Call for locals to donate unwanted tech</a>&nbsp;&nbsp;<font color=""#6f6f6f"">London Borough of Hounslow</font>",Neutral,Community_Discussion,Dataset 1,OK,Dataset 1
"Patient portal 'techquity' elusive, digital divide remains - TechTarget","<a href=""https://news.google.com/rss/articles/CBMitgFBVV95cUxPbVBBYkFpajVRdklGN3c1NHVLQk9rRDdQWU1oMFVXbnZwOTBFcXJBdHQ2N1ZSeUhFYWhWUWtwTlFIR1BzUHRZR2cyajBMVlNkRkNITF9qYk91QnJ5ZDl6emxFTmN3ZTVvVHZzYUJTcGlGM2dxRGttemVlT0pKZ1VaRUN6VGw2cUZ1WHNDRTY4RU5MekxsTkhKV1ZZQVI4czRSOS1ZX1BKM1k4cl9nbHdGTUZWNVhOUQ?oc=5"" target=""_blank"">Patient portal 'techquity' elusive, digital divide remains</a>&nbsp;&nbsp;<font color=""#6f6f6f"">TechTarget</font>",https://news.google.com/rss/articles/CBMitgFBVV95cUxPbVBBYkFpajVRdklGN3c1NHVLQk9rRDdQWU1oMFVXbnZwOTBFcXJBdHQ2N1ZSeUhFYWhWUWtwTlFIR1BzUHRZR2cyajBMVlNkRkNITF9qYk91QnJ5ZDl6emxFTmN3ZTVvVHZzYUJTcGlGM2dxRGttemVlT0pKZ1VaRUN6VGw2cUZ1WHNDRTY4RU5MekxsTkhKV1ZZQVI4czRSOS1ZX1BKM1k4cl9nbHdGTUZWNVhOUQ?oc=5,2026-01-14 08:00:00+00:00,2026-09-21 02:59:39.140182+00:00,TechTarget,digital_exclusion,"Patient portal 'techquity' elusive, digital divide remains - TechTarget <a href=""https://news.google.com/rss/articles/CBMitgFBVV95cUxPbVBBYkFpajVRdklGN3c1NHVLQk9rRDdQWU1oMFVXbnZwOTBFcXJBdHQ2N1ZSeUhFYWhWUWtwTlFIR1BzUHRZR2cyajBMVlNkRkNITF9qYk91QnJ5ZDl6emxFTmN3ZTVvVHZzYUJTcGlGM2dxRGttemVlT0pKZ1VaRUN6VGw2cUZ1WHNDRTY4RU5MekxsTkhKV1ZZQVI4czRSOS1ZX1BKM1k4cl9nbHdGTUZWNVhOUQ?oc=5"" target=""_blank"">Patient portal 'techquity' elusive, digital divide remains</a>&nbsp;&nbsp;<font color=""#6f6f6f"">TechTarget</font>",Neutral,Community_Discussion,Dataset 1,OK,Dataset 1
Bridging our digital divide - Dhaka Tribune,"<a href=""https://news.google.com/rss/articles/CBMigwFBVV95cUxNUjlCazVzRW1ES1ZoUDA4WDFXdEdseHpjUVVmbDU0RVdDcVZZb0llWkFpc2dXcmlTWnNrOTJuNjRwOUZBX3lGTjR5ZjViVUZVVm5UQjB4NS12RlE5NGF2cllsTUVWdEU5Z3Bic0ZCc0d6ZVI1RW1BUzBzVklGYWx0YjRHWdIBiAFBVV95cUxQNFBGWXNnMG1sQzljVG1vX00tbXhYRnNQbHNXNWpNUVZkbF9MREsyMWdldW9zeVVoMVMxeHJFeWJsOWpSVjFiQ0VRYWlkYkRBUFkwU3B5LVAtX1MxVFk1T1hDalJxMGE4ZFhZZTFobVlnRkl4NG9PZWpKTk9zTmZJQk16d3N3dXdt?oc=5"" target=""_blank"">Bridging our digital divide</a>&nbsp;&nbsp;<font color=""#6f6f6f"">Dhaka Tribune</font>",https://news.google.com/rss/articles/CBMigwFBVV95cUxNUjlCazVzRW1ES1ZoUDA4WDFXdEdseHpjUVVmbDU0RVdDcVZZb0llWkFpc2dXcmlTWnNrOTJuNjRwOUZBX3lGTjR5ZjViVUZVVm5UQjB4NS12RlE5NGF2cllsTUVWdEU5Z3Bic0ZCc0d6ZVI1RW1BUzBzVklGYWx0YjRHWdIBiAFBVV95cUxQNFBGWXNnMG1sQzljVG1vX00tbXhYRnNQbHNXNWpNUVZkbF9MREsyMWdldW9zeVVoMVMxeHJFeWJsOWpSVjFiQ0VRYWlkYkRBUFkwU3B5LVAtX1MxVFk1T1hDalJxMGE4ZFhZZTFobVlnRkl4NG9PZWpKTk9zTmZJQk16d3N3dXdt?oc=5,2025-12-19 08:00:00+00:00,2026-09-21 02:59:39.140251+00:00,Dhaka Tribune,digital_exclusion,"Bridging our digital divide - Dhaka Tribune <a href=""https://news.google.com/rss/articles/CBMigwFBVV95cUxNUjlCazVzRW1ES1ZoUDA4WDFXdEdseHpjUVVmbDU0RVdDcVZZb0llWkFpc2dXcmlTWnNrOTJuNjRwOUZBX3lGTjR5ZjViVUZVVm5UQjB4NS12RlE5NGF2cllsTUVWdEU5Z3Bic0ZCc0d6ZVI1RW1BUzBzVklGYWx0YjRHWdIBiAFBVV95cUxQNFBGWXNnMG1sQzljVG1vX00tbXhYRnNQbHNXNWpNUVZkbF9MREsyMWdldW9zeVVoMVMxeHJFeWJsOWpSVjFiQ0VRYWlkYkRBUFkwU3B5LVAtX1MxVFk1T1hDalJxMGE4ZFhZZTFobVlnRkl4NG9PZWpKTk9zTmZJQk16d3N3dXdt?oc=5"" target=""_blank"">Bridging our digital divide</a>&nbsp;&nbsp;<font color=""#6f6f6f"">Dhaka Tribune</font>",Neutral,Community_Discussion,Dataset 1,OK,Dataset 1
Uganda cuts internet access ahead of elections - Le Monde.fr,"<a href=""https://news.google.com/rss/articles/CBMivAFBVV95cUxPWDFsb0ZpRFpicEtZTjNfLU96SXBYRlFzd0tyUXF0TmRwbTR0QXM2Ty03bmFLdTN4VW5vMm9tVk0tbjVfTGJsMEdlTmZjRm1ya2NkbzhpSWhJam9LMHFUdGU4Y21reVVnaU5nc0twZ2tQWGlOUGd6dW1kVDlDc2tueklHcXVoMUVWWmYybmQzQzVvUTluM0JtZ3lPRVZyRGVGQ2JnTVVtSTlrcWg4SEtwc25QUEFxVDhnWW5RTw?oc=5"" target=""_blank"">Uganda cuts internet access ahead of elections</a>&nbsp;&nbsp;<font color=""#6f6f6f"">Le Monde.fr</font>",https://news.google.com/rss/articles/CBMivAFBVV95cUxPWDFsb0ZpRFpicEtZTjNfLU96SXBYRlFzd0tyUXF0TmRwbTR0QXM2Ty03bmFLdTN4VW5vMm9tVk0tbjVfTGJsMEdlTmZjRm1ya2NkbzhpSWhJam9LMHFUdGU4Y21reVVnaU5nc0twZ2tQWGlOUGd6dW1kVDlDc2tueklHcXVoMUVWWmYybmQzQzVvUTluM0JtZ3lPRVZyRGVGQ2JnTVVtSTlrcWg4SEtwc25QUEFxVDhnWW5RTw?oc=5,2026-01-13 08:00:00+00:00,2026-09-21 02:59:39.140290+00:00,Le Monde.fr,digital_exclusion,"Uganda cuts internet access ahead of elections - Le Monde.fr <a href=""https://news.google.com/rss/articles/CBMivAFBVV95cUxPWDFsb0ZpRFpicEtZTjNfLU96SXBYRlFzd0tyUXF0TmRwbTR0QXM2Ty03bmFLdTN4VW5vMm9tVk0tbjVfTGJsMEdlTmZjRm1ya2NkbzhpSWhJam9LMHFUdGU4Y21reVVnaU5nc0twZ2tQWGlOUGd6dW1kVDlDc2tueklHcXVoMUVWWmYybmQzQzVvUTluM0JtZ3lPRVZyRGVGQ2JnTVVtSTlrcWg4SEtwc25QUEFxVDhnWW5RTw?oc=5"" target=""_blank"">Uganda cuts internet access ahead of elections</a>&nbsp;&nbsp;<font color=""#6f6f6f"">Le Monde.fr</font>",Neutral,Community_Discussion,Dataset 1,OK,Dataset 1
Avoiding the next digital divide: Defining digital sovereignty for Tribal Nations in the AI age - Brookings,"<a href=""https://news.google.com/rss/articles/CBMiygFBVV95cUxOQjBhbDZjU3ZPUkZlaWg5MDJLZG1zNmYzRDBkM21qRlRNSEtUQ1NLM1RxUkRzcGptWENpR01nS1FTaW9pM3Nfa3FJZnNmUFdUS0w1NU9qZWFDS2dzRWoteFFHSlJmdFVxTklWVzh4cG12ZEM2U3NybUZyUWt4WW1WWWlZY2NjSE8ydzVhSjZ6Z0FUQThQUGxKVEhoMnlKRU5hVEVzaDFVcG9zVUptNnhySjJIZFRXcXJIUXRsMlVOWmNka2tOeUliSjBR?oc=5"" target=""_blank"">Avoiding the next digital divide: Defining digital sovereignty for Tribal Nations in the AI age</a>&nbsp;&nbsp;<font color=""#6f6f6f"">Brookings</font>",https://news.google.com/rss/articles/CBMiygFBVV95cUxOQjBhbDZjU3ZPUkZlaWg5MDJLZG1zNmYzRDBkM21qRlRNSEtUQ1NLM1RxUkRzcGptWENpR01nS1FTaW9pM3Nfa3FJZnNmUFdUS0w1NU9qZWFDS2dzRWoteFFHSlJmdFVxTklWVzh4cG12ZEM2U3NybUZyUWt4WW1WWWlZY2NjSE8ydzVhSjZ6Z0FUQThQUGxKVEhoMnlKRU5hVEVzaDFVcG9zVUptNnhySjJIZFRXcXJIUXRsMlVOWmNka2tOeUliSjBR?oc=5,2026-02-17 22:01:45+00:00,2026-09-21 02:59:39.140338+00:00,Brookings,digital_exclusion,"Avoiding the next digital divide: Defining digital sovereignty for Tribal Nations in the AI age - Brookings <a href=""https://news.google.com/rss/articles/CBMiygFBVV95cUxOQjBhbDZjU3ZPUkZlaWg5MDJLZG1zNmYzRDBkM21qRlRNSEtUQ1NLM1RxUkRzcGptWENpR01nS1FTaW9pM3Nfa3FJZnNmUFdUS0w1NU9qZWFDS2dzRWoteFFHSlJmdFVxTklWVzh4cG12ZEM2U3NybUZyUWt4WW1WWWlZY2NjSE8ydzVhSjZ6Z0FUQThQUGxKVEhoMnlKRU5hVEVzaDFVcG9zVUptNnhySjJIZFRXcXJIUXRsMlVOWmNka2tOeUliSjBR?oc=5"" target=""_blank"">Avoiding the next digital divide: Defining digital sovereignty for Tribal Nations in the AI age</a>&nbsp;&nbsp;<font color=""#6f6f6f"">Brookings</font>",Neutral,Community_Discussion,Dataset 1,OK,Dataset 1
A Global Mission: Modernizing Space Rules to Close the Digital Divide - About Amazon,"<a href=""https://news.google.com/rss/articles/CBMiqAFBVV95cUxNRjdmX29YZThtTEZocXlsaEg1Y1RvOTR3U29nNmhBUkg1MkRTTDRfTGU3ekRtNDRBeFpIOTlHWTgxSU82WkdCYlhLcFhSQUgyMFVGc05IR2J5SDhqRzBhWTY1RXYxWXNxaTVuMnU5MG0wc1VmN3JsemFXM3JlMkpNVFF6dGVaOC1vU2h1VHF4Ykp1MUk1UVZWcWtPOWNEdTNuTmx5TERhbUE?oc=5"" target=""_blank"">A Global Mission: Modernizing Space Rules to Close the Digital Divide</a>&nbsp;&nbsp;<font color=""#6f6f6f"">About Amazon</font>",https://news.google.com/rss/articles/CBMiqAFBVV95cUxNRjdmX29YZThtTEZocXlsaEg1Y1RvOTR3U29nNmhBUkg1MkRTTDRfTGU3ekRtNDRBeFpIOTlHWTgxSU82WkdCYlhLcFhSQUgyMFVGc05IR2J5SDhqRzBhWTY1RXYxWXNxaTVuMnU5MG0wc1VmN3JsemFXM3JlMkpNVFF6dGVaOC1vU2h1VHF4Ykp1MUk1UVZWcWtPOWNEdTNuTmx5TERhbUE?oc=5,2026-03-26 07:00:00+00:00,2026-09-21 02:59:39.140353+00:00,About Amazon,digital_exclusion,"A Global Mission: Modernizing Space Rules to Close the Digital Divide - About Amazon <a href=""https://news.google.com/rss/articles/CBMiqAFBVV95cUxNRjdmX29YZThtTEZocXlsaEg1Y1RvOTR3U29nNmhBUkg1MkRTTDRfTGU3ekRtNDRBeFpIOTlHWTgxSU82WkdCYlhLcFhSQUgyMFVGc05IR2J5SDhqRzBhWTY1RXYxWXNxaTVuMnU5MG0wc1VmN3JsemFXM3JlMkpNVFF6dGVaOC1vU2h1VHF4Ykp1MUk1UVZWcWtPOWNEdTNuTmx5TERhbUE?oc=5"" target=""_blank"">A Global Mission: Modernizing Space Rules to Close the Digital Divide</a>&nbsp;&nbsp;<font color=""#6f6f6f"">About Amazon</font>",Neutral,Community_Discussion,Dataset 1,OK,Dataset 1
Digital divide narrows but gaps remain for Australians as GenAI use surges - eurekalert.org,"<a href=""https://news.google.com/rss/articles/CBMiXEFVX3lxTFBoN25vcHA1QVQyaUFBV1FIZmtWOUxXeGZKWlFuaGtKdnZ3djhEOUVFUEhjOHFZMWh5R3NSUlE4MVZnSi0tOW5MYTBnRW5lOHJOeVUyazdMV21xbDNT?oc=5"" target=""_blank"">Digital divide narrows but gaps remain for Australians as GenAI use surges</a>&nbsp;&nbsp;<font color=""#6f6f6f"">eurekalert.org</font>",https://news.google.com/rss/articles/CBMiXEFVX3lxTFBoN25vcHA1QVQyaUFBV1FIZmtWOUxXeGZKWlFuaGtKdnZ3djhEOUVFUEhjOHFZMWh5R3NSUlE4MVZnSi0tOW5MYTBnRW5lOHJOeVUyazdMV21xbDNT?oc=5,2025-11-04 08:00:00+00:00,2026-09-21 02:59:39.140369+00:00,eurekalert.org,digital_exclusion,"Digital divide narrows but gaps remain for Australians as GenAI use surges - eurekalert.org <a href=""https://news.google.com/rss/articles/CBMiXEFVX3lxTFBoN25vcHA1QVQyaUFBV1FIZmtWOUxXeGZKWlFuaGtKdnZ3djhEOUVFUEhjOHFZMWh5R3NSUlE4MVZnSi0tOW5MYTBnRW5lOHJOeVUyazdMV21xbDNT?oc=5"" target=""_blank"">Digital divide narrows but gaps remain for Australians as GenAI use surges</a>&nbsp;&nbsp;<font color=""#6f6f6f"">eurekalert.org</font>",Neutral,Community_Discussion,Dataset 1,OK,Dataset 1
Openreach Taps Google Cloud AI to Accelerate High-Speed Internet Access and Cut Carbon - Google Cloud Press Corner,"<a href=""https://news.google.com/rss/articles/CBMi1AFBVV95cUxPWG1JYUt2OEMzTnI1TTZHYXJtYVQzMVJ0cm9rOXVfcU9USXhRQWhyWjUxZEwwYkJnR3ZOUk1ua2s2cXI3cGJjQ3NucmJTVXd2ODI5SjB1dGNCSTRacUhUSkJpemdkMmF0S194WU1PNF9nQWNwZEhXLWVDUTRRTGQ4d28zQzQzQTRaOUR5dU5DdWdYODNWTEpNUmJ2US1NQURBcDNvYWgyMXlPdHJmZDBXcnRIenFMT3dJclBOblpWNlhWdWQyMC1uZXlIcGhYZHd4RmNKeQ?oc=5"" target=""_blank"">Openreach Taps Google Cloud AI to Accelerate High-Speed Internet Access and Cut Carbon</a>&nbsp;&nbsp;<font color=""#6f6f6f"">Google Cloud Press Corner</font>",https://news.google.com/rss/articles/CBMi1AFBVV95cUxPWG1JYUt2OEMzTnI1TTZHYXJtYVQzMVJ0cm9rOXVfcU9USXhRQWhyWjUxZEwwYkJnR3ZOUk1ua2s2cXI3cGJjQ3NucmJTVXd2ODI5SjB1dGNCSTRacUhUSkJpemdkMmF0S194WU1PNF9nQWNwZEhXLWVDUTRRTGQ4d28zQzQzQTRaOUR5dU5DdWdYODNWTEpNUmJ2US1NQURBcDNvYWgyMXlPdHJmZDBXcnRIenFMT3dJclBOblpWNlhWdWQyMC1uZXlIcGhYZHd4RmNKeQ?oc=5,2026-03-25 07:00:00+00:00,2026-09-21 02:59:39.140392+00:00,Google Cloud Press Corner,digital_exclusion,"Openreach Taps Google Cloud AI to Accelerate High-Speed Internet Access and Cut Carbon - Google Cloud Press Corner <a href=""https://news.google.com/rss/articles/CBMi1AFBVV95cUxPWG1JYUt2OEMzTnI1TTZHYXJtYVQzMVJ0cm9rOXVfcU9USXhRQWhyWjUxZEwwYkJnR3ZOUk1ua2s2cXI3cGJjQ3NucmJTVXd2ODI5SjB1dGNCSTRacUhUSkJpemdkMmF0S194WU1PNF9nQWNwZEhXLWVDUTRRTGQ4d28zQzQzQTRaOUR5dU5DdWdYODNWTEpNUmJ2US1NQURBcDNvYWgyMXlPdHJmZDBXcnRIenFMT3dJclBOblpWNlhWdWQyMC1uZXlIcGhYZHd4RmNKeQ?oc=5"" target=""_blank"">Openreach Taps Google Cloud AI to Accelerate High-Speed Internet Access and Cut Carbon</a>&nbsp;&nbsp;<font color=""#6f6f6f"">Google Cloud Press Corner</font>",Neutral,Community_Discussion,Dataset 1,OK,Dataset 1
"California’s Digital Divide: Progress made, but gaps persist - Lake County News,California","<a href=""https://news.google.com/rss/articles/CBMikwFBVV95cUxQcWVXakx0Sk9rT1ZyamxxS0NnRXBKQzVHenU0djJOLUp3NWZlY0ZuVDYzelJrVXlQWTVoSVlhbnduek9EVkJDa1VfMkRsRGEzWVhscG5Ybko1YmlHbVdnNmxLRFgzeDhkUVQtMlRMZ3FtV1h6SzZTdjRkRzlMbUtBMXpqWkNIdFVsOENBOFVjR3JiTXM?oc=5"" target=""_blank"">California’s Digital Divide: Progress made, but gaps persist</a>&nbsp;&nbsp;<font color=""#6f6f6f"">Lake County News,California</font>",https://news.google.com/rss/articles/CBMikwFBVV95cUxQcWVXakx0Sk9rT1ZyamxxS0NnRXBKQzVHenU0djJOLUp3NWZlY0ZuVDYzelJrVXlQWTVoSVlhbnduek9EVkJDa1VfMkRsRGEzWVhscG5Ybko1YmlHbVdnNmxLRFgzeDhkUVQtMlRMZ3FtV1h6SzZTdjRkRzlMbUtBMXpqWkNIdFVsOENBOFVjR3JiTXM?oc=5,2026-09-04 12:19:32+00:00,2026-09-21 02:59:39.140414+00:00,"Lake County News,California",digital_exclusion,"California’s Digital Divide: Progress made, but gaps persist - Lake County News,California <a href=""https://news.google.com/rss/articles/CBMikwFBVV95cUxQcWVXakx0Sk9rT1ZyamxxS0NnRXBKQzVHenU0djJOLUp3NWZlY0ZuVDYzelJrVXlQWTVoSVlhbnduek9EVkJDa1VfMkRsRGEzWVhscG5Ybko1YmlHbVdnNmxLRFgzeDhkUVQtMlRMZ3FtV1h6SzZTdjRkRzlMbUtBMXpqWkNIdFVsOENBOFVjR3JiTXM?oc=5"" target=""_blank"">California’s Digital Divide: Progress made, but gaps persist</a>&nbsp;&nbsp;<font color=""#6f6f6f"">Lake County News,California</font>",Neutral,Community_Discussion,Dataset 1,OK,Dataset 1
AI Skills: The New Digital Divide - td.org,"<a href=""https://news.google.com/rss/articles/CBMijgFBVV95cUxNVG82bWk1OUZBMFJmS2ZGeVRUblJSV29SRUhaMGUyb3NrSmFnY2Y1S1JfMzJWNnhudnJ1bzFUOHJGZnR6anktX09RX0ZReTdJelItTEs2N19NZElHWEl3Q2NwelpXangxaHJ6NUZVVlpZSGczcGMzd0hVaG16cW9UTzN3Y1pZZjRaOHNpLWdB?oc=5"" target=""_blank"">AI Skills: The New Digital Divide</a>&nbsp;&nbsp;<font color=""#6f6f6f"">td.org</font>",https://news.google.com/rss/articles/CBMijgFBVV95cUxNVG82bWk1OUZBMFJmS2ZGeVRUblJSV29SRUhaMGUyb3NrSmFnY2Y1S1JfMzJWNnhudnJ1bzFUOHJGZnR6anktX09RX0ZReTdJelItTEs2N19NZElHWEl3Q2NwelpXangxaHJ6NUZVVlpZSGczcGMzd0hVaG16cW9UTzN3Y1pZZjRaOHNpLWdB?oc=5,2025-10-20 07:00:00+00:00,2026-09-21 02:59:39.140428+00:00,td.org,digital_exclusion,"AI Skills: The New Digital Divide - td.org <a href=""https://news.google.com/rss/articles/CBMijgFBVV95cUxNVG82bWk1OUZBMFJmS2ZGeVRUblJSV29SRUhaMGUyb3NrSmFnY2Y1S1JfMzJWNnhudnJ1bzFUOHJGZnR6anktX09RX0ZReTdJelItTEs2N19NZElHWEl3Q2NwelpXangxaHJ6NUZVVlpZSGczcGMzd0hVaG16cW9UTzN3Y1pZZjRaOHNpLWdB?oc=5"" target=""_blank"">AI Skills: The New Digital Divide</a>&nbsp;&nbsp;<font color=""#6f6f6f"">td.org</font>",Neutral,Community_Discussion,Dataset 1,OK,Dataset 1
Cybercrime feud erupts on dark web as notorious group claims hijack of rival's website - Reuters,"<a href=""https://news.google.com/rss/articles/CBMiyAFBVV95cUxNNlhfNzZkZ20wMmZ4LVk3OGdpaEZhTk9yUXBOWnB6ZzZ2c3BVYTRzYmNiS1NyX1NXV3VaLUlYbmdSUUxlbGtPN3JNN3BDNGp6ZHE4ekZmcHFzelZLQmMtYW5IX0ctMmhUSk10bkQ5Q1h6NGl0cWJMNDFsaFdJOFpqNFpva0pCZVJpVHFwZ2lfcTVOM3Qtd2J0b3VNREtRRE5WbEY5dElNVW96d2xLUHQ1X0VfNXUwT1o3WHI0aGdVOGloV21EV2dNdw?oc=5"" target=""_blank"">Cybercrime feud erupts on dark web as notorious group claims hijack of rival's website</a>&nbsp;&nbsp;<font color=""#6f6f6f"">Reuters</font>",https://news.google.com/rss/articles/CBMiyAFBVV95cUxNNlhfNzZkZ20wMmZ4LVk3OGdpaEZhTk9yUXBOWnB6ZzZ2c3BVYTRzYmNiS1NyX1NXV3VaLUlYbmdSUUxlbGtPN3JNN3BDNGp6ZHE4ekZmcHFzelZLQmMtYW5IX0ctMmhUSk10bkQ5Q1h6NGl0cWJMNDFsaFdJOFpqNFpva0pCZVJpVHFwZ2lfcTVOM3Qtd2J0b3VNREtRRE5WbEY5dElNVW96d2xLUHQ1X0VfNXUwT1o3WHI0aGdVOGloV21EV2dNdw?oc=5,2026-09-21 01:58:00+00:00,2026-09-21 07:48:20.435845+00:00,Reuters,cybercrime,"Cybercrime feud erupts on dark web as notorious group claims hijack of rival's website - Reuters <a href=""https://news.google.com/rss/articles/CBMiyAFBVV95cUxNNlhfNzZkZ20wMmZ4LVk3OGdpaEZhTk9yUXBOWnB6ZzZ2c3BVYTRzYmNiS1NyX1NXV3VaLUlYbmdSUUxlbGtPN3JNN3BDNGp6ZHE4ekZmcHFzelZLQmMtYW5IX0ctMmhUSk10bkQ5Q1h6NGl0cWJMNDFsaFdJOFpqNFpva0pCZVJpVHFwZ2lfcTVOM3Qtd2J0b3VNREtRRE5WbEY5dElNVW96d2xLUHQ1X0VfNXUwT1o3WHI0aGdVOGloV21EV2dNdw?oc=5"" target=""_blank"">Cybercrime feud erupts on dark web as notorious group claims hijack of rival's website</a>&nbsp;&nbsp;<font color=""#6f6f6f"">Reuters</font>",Neutral,Community_Discussion,Dataset 2,OK,"Dataset 1, Dataset 2"
Be careful before finding Garba partners online during Navratri: Avoid secluded places for meetings; cyberc... - Bhaskar English,"<a href=""https://news.google.com/rss/articles/CBMiwgFBVV95cUxPelRWNFY5WFgzQ2M1WmFNVUp1b2p6SElTaWxFazVrM005b1RoUWN3VDBkdmN3aDEwcjIxWnYzR3BjTGtYWjBLajgxTldPVzdxdHFndzFSUEZvMngwWVdISUdSVjlkZTRTeDUzbVNGLW9ZTnNyVnlIbmp3LUhaczEzYVlTZ1B2czJlay0wcjM3M0pMQzVJeFBaTmNlT0NaWUVSQ0NxOHl5aXV0TXFvZkhjaDRMbmR6dEJCazVSb05SNXNKZ9IBxwFBVV95cUxNWnZ4SXo5MEktLS1vRkY4QUZZRGU0YUZCcHp0dFZoRmVma1p1NUlDNHhtdEw4eURjbHo3ZjBrMzVhZ3N0bTNnY0hCakxXTmxHVzlISE42OHZYbTdzUVF1UTFOYnJjUk02NV9kblVyME9XTm5ZOU5uWFlaa0VTM2ktMTlmeUNNYlFtZWZYLTZfdjZCeWxyaDJJM1B5NE51ODZIeUpiSG1udEVoUVpXblktU1d0WHAtZTZhci1RdDRFTGNjT1UtMDdv?oc=5"" target=""_blank"">Be careful before finding Garba partners online during Navratri: Avoid secluded places for meetings; cyberc...</a>&nbsp;&nbsp;<font color=""#6f6f6f"">Bhaskar English</font>",https://news.google.com/rss/articles/CBMiwgFBVV95cUxPelRWNFY5WFgzQ2M1WmFNVUp1b2p6SElTaWxFazVrM005b1RoUWN3VDBkdmN3aDEwcjIxWnYzR3BjTGtYWjBLajgxTldPVzdxdHFndzFSUEZvMngwWVdISUdSVjlkZTRTeDUzbVNGLW9ZTnNyVnlIbmp3LUhaczEzYVlTZ1B2czJlay0wcjM3M0pMQzVJeFBaTmNlT0NaWUVSQ0NxOHl5aXV0TXFvZkhjaDRMbmR6dEJCazVSb05SNXNKZ9IBxwFBVV95cUxNWnZ4SXo5MEktLS1vRkY4QUZZRGU0YUZCcHp0dFZoRmVma1p1NUlDNHhtdEw4eURjbHo3ZjBrMzVhZ3N0bTNnY0hCakxXTmxHVzlISE42OHZYbTdzUVF1UTFOYnJjUk02NV9kblVyME9XTm5ZOU5uWFlaa0VTM2ktMTlmeUNNYlFtZWZYLTZfdjZCeWxyaDJJM1B5NE51ODZIeUpiSG1udEVoUVpXblktU1d0WHAtZTZhci1RdDRFTGNjT1UtMDdv?oc=5,2026-09-21 01:57:09+00:00,2026-09-21 07:48:20.435890+00:00,Bhaskar English,cybercrime,"Be careful before finding Garba partners online during Navratri: Avoid secluded places for meetings; cyberc... - Bhaskar English <a href=""https://news.google.com/rss/articles/CBMiwgFBVV95cUxPelRWNFY5WFgzQ2M1WmFNVUp1b2p6SElTaWxFazVrM005b1RoUWN3VDBkdmN3aDEwcjIxWnYzR3BjTGtYWjBLajgxTldPVzdxdHFndzFSUEZvMngwWVdISUdSVjlkZTRTeDUzbVNGLW9ZTnNyVnlIbmp3LUhaczEzYVlTZ1B2czJlay0wcjM3M0pMQzVJeFBaTmNlT0NaWUVSQ0NxOHl5aXV0TXFvZkhjaDRMbmR6dEJCazVSb05SNXNKZ9IBxwFBVV95cUxNWnZ4SXo5MEktLS1vRkY4QUZZRGU0YUZCcHp0dFZoRmVma1p1NUlDNHhtdEw4eURjbHo3ZjBrMzVhZ3N0bTNnY0hCakxXTmxHVzlISE42OHZYbTdzUVF1UTFOYnJjUk02NV9kblVyME9XTm5ZOU5uWFlaa0VTM2ktMTlmeUNNYlFtZWZYLTZfdjZCeWxyaDJJM1B5NE51ODZIeUpiSG1udEVoUVpXblktU1d0WHAtZTZhci1RdDRFTGNjT1UtMDdv?oc=5"" target=""_blank"">Be careful before finding Garba partners online during Navratri: Avoid secluded places for meetings; cyberc...</a>&nbsp;&nbsp;<font color=""#6f6f6f"">Bhaskar English</font>",Neutral,Community_Discussion,Dataset 2,OK,"Dataset 1, Dataset 2"
"Mumbai Cybercrime police arrest two from Bihar, Jharkhand in ₹48.60 lakh ‘Boss’ scam - The Hindu","<a href=""https://news.google.com/rss/articles/CBMi5AFBVV95cUxNR19iaFJ4UVBfNjJzbHY1Ynk1ZDliVjZtd0ZWX1lndVJwMEtwbGVNZV9qZWNGemliOUI1eGpzOVhZRlBycGQ3MFYzdFNvVXZYV1lYZGh5bGtMa2E0TG5RWXBQT2w3bjN2bXkxVXZrQlY0OHhUNDB2bVlWb2h3YmhpUnhoSHdYbzEyRm1qWGRmeW9nZnZ5aFZwblAxZ2pSVjBGM0g2blBVekQ5aWFYNXRINXBlMVRVQUdrRWhXTExjUGFWd0ZURGpnWGdUekhIQ0M3STBka3hrdWZIQUtna3JSXzYtdEHSAesBQVVfeXFMT1ltQkQ4eHhXYjdxcXdEeWdJQlo5NkdFckxJQnc3U21iU3N5Q0VYbUdmem43VzduZ3NsNG00bjlEUDNoZzZiXzVuWTA4eHJLWVIxWEhCdVZwQ2FiT245ZFNfRFZSR1pUZ0tZemdsWS0zaHFVVjdrZHJPLXlhUUt3ZUpIQ3lSR0U4SUZnWk5fSDJvRlJYRWJUNFRTLW9nNE01NlBzVV9qc1hwWnA2TTl1elYtZE5ZMmYxTHRsbjV6QVZIaTFueFpTYjdzRFpqMEVrb0kxX2p2NnExVkY3X2NNSktHdlItUWJMWG1uMA?oc=5"" target=""_blank"">Mumbai Cybercrime police arrest two from Bihar, Jharkhand in ₹48.60 lakh ‘Boss’ scam</a>&nbsp;&nbsp;<font color=""#6f6f6f"">The Hindu</font>",https://news.google.com/rss/articles/CBMi5AFBVV95cUxNR19iaFJ4UVBfNjJzbHY1Ynk1ZDliVjZtd0ZWX1lndVJwMEtwbGVNZV9qZWNGemliOUI1eGpzOVhZRlBycGQ3MFYzdFNvVXZYV1lYZGh5bGtMa2E0TG5RWXBQT2w3bjN2bXkxVXZrQlY0OHhUNDB2bVlWb2h3YmhpUnhoSHdYbzEyRm1qWGRmeW9nZnZ5aFZwblAxZ2pSVjBGM0g2blBVekQ5aWFYNXRINXBlMVRVQUdrRWhXTExjUGFWd0ZURGpnWGdUekhIQ0M3STBka3hrdWZIQUtna3JSXzYtdEHSAesBQVVfeXFMT1ltQkQ4eHhXYjdxcXdEeWdJQlo5NkdFckxJQnc3U21iU3N5Q0VYbUdmem43VzduZ3NsNG00bjlEUDNoZzZiXzVuWTA4eHJLWVIxWEhCdVZwQ2FiT245ZFNfRFZSR1pUZ0tZemdsWS0zaHFVVjdrZHJPLXlhUUt3ZUpIQ3lSR0U4SUZnWk5fSDJvRlJYRWJUNFRTLW9nNE01NlBzVV9qc1hwWnA2TTl1elYtZE5ZMmYxTHRsbjV6QVZIaTFueFpTYjdzRFpqMEVrb0kxX2p2NnExVkY3X2NNSktHdlItUWJMWG1uMA?oc=5,2026-08-20 07:00:00+00:00,2026-09-21 07:48:20.435908+00:00,The Hindu,cybercrime,"Mumbai Cybercrime police arrest two from Bihar, Jharkhand in ₹48.60 lakh ‘Boss’ scam - The Hindu <a href=""https://news.google.com/rss/articles/CBMi5AFBVV95cUxNR19iaFJ4UVBfNjJzbHY1Ynk1ZDliVjZtd0ZWX1lndVJwMEtwbGVNZV9qZWNGemliOUI1eGpzOVhZRlBycGQ3MFYzdFNvVXZYV1lYZGh5bGtMa2E0TG5RWXBQT2w3bjN2bXkxVXZrQlY0OHhUNDB2bVlWb2h3YmhpUnhoSHdYbzEyRm1qWGRmeW9nZnZ5aFZwblAxZ2pSVjBGM0g2blBVekQ5aWFYNXRINXBlMVRVQUdrRWhXTExjUGFWd0ZURGpnWGdUekhIQ0M3STBka3hrdWZIQUtna3JSXzYtdEHSAesBQVVfeXFMT1ltQkQ4eHhXYjdxcXdEeWdJQlo5NkdFckxJQnc3U21iU3N5Q0VYbUdmem43VzduZ3NsNG00bjlEUDNoZzZiXzVuWTA4eHJLWVIxWEhCdVZwQ2FiT245ZFNfRFZSR1pUZ0tZemdsWS0zaHFVVjdrZHJPLXlhUUt3ZUpIQ3lSR0U4SUZnWk5fSDJvRlJYRWJUNFRTLW9nNE01NlBzVV9qc1hwWnA2TTl1elYtZE5ZMmYxTHRsbjV6QVZIaTFueFpTYjdzRFpqMEVrb0kxX2p2NnExVkY3X2NNSktHdlItUWJMWG1uMA?oc=5"" target=""_blank"">Mumbai Cybercrime police arrest two from Bihar, Jharkhand in ₹48.60 lakh ‘Boss’ scam</a>&nbsp;&nbsp;<font color=""#6f6f6f"">The Hindu</font>",Neutral,Community_Discussion,Dataset 2,OK,"Dataset 1, Dataset 2"
Dial 1930: J&K Police’s new weapon against online fraud - Rising Kashmir,"<a href=""https://news.google.com/rss/articles/CBMioAFBVV95cUxPZVhYUjloXzFSSXZrejNfaHlXRU9jNVlGV0p4dnJwRTQzS3ZpLV80SDMwanlSWjBsVUUyRnBaMG1SWUdjTk5tSjVUM1J0T0pnSVg1X214WDliM21uWTZmTDhldmFEemVQbHg2N1pZR0xJYWNrTEFjR01IcHp6WVdHZ3N3NmNmZ2lJSUVwcUlHWUQzd21oRFRKWWdvdjJCcDE0?oc=5"" target=""_blank"">Dial 1930: J&amp;K Police’s new weapon against online fraud</a>&nbsp;&nbsp;<font color=""#6f6f6f"">Rising Kashmir</font>",https://news.google.com/rss/articles/CBMioAFBVV95cUxPZVhYUjloXzFSSXZrejNfaHlXRU9jNVlGV0p4dnJwRTQzS3ZpLV80SDMwanlSWjBsVUUyRnBaMG1SWUdjTk5tSjVUM1J0T0pnSVg1X214WDliM21uWTZmTDhldmFEemVQbHg2N1pZR0xJYWNrTEFjR01IcHp6WVdHZ3N3NmNmZ2lJSUVwcUlHWUQzd21oRFRKWWdvdjJCcDE0?oc=5,2026-09-18 21:46:37+00:00,2026-09-21 07:48:20.435923+00:00,Rising Kashmir,cybercrime,"Dial 1930: J&K Police’s new weapon against online fraud - Rising Kashmir <a href=""https://news.google.com/rss/articles/CBMioAFBVV95cUxPZVhYUjloXzFSSXZrejNfaHlXRU9jNVlGV0p4dnJwRTQzS3ZpLV80SDMwanlSWjBsVUUyRnBaMG1SWUdjTk5tSjVUM1J0T0pnSVg1X214WDliM21uWTZmTDhldmFEemVQbHg2N1pZR0xJYWNrTEFjR01IcHp6WVdHZ3N3NmNmZ2lJSUVwcUlHWUQzd21oRFRKWWdvdjJCcDE0?oc=5"" target=""_blank"">Dial 1930: J&amp;K Police’s new weapon against online fraud</a>&nbsp;&nbsp;<font color=""#6f6f6f"">Rising Kashmir</font>",Neutral,Community_Discussion,Dataset 2,OK,"Dataset 1, Dataset 2"
Survey finds 84% of Australians expect AI to increase cybercrime - Australian Cyber Security Magazine,"<a href=""https://news.google.com/rss/articles/CBMisAFBVV95cUxORGpQNXRKY09vZms4enB2S0k1LUhQZnhpc1JTNm5MMkpIVHMxMnR0MENoXzRqRGphRzJKdUVpbmtaMW5vQ3M4MDdaMFUxenN5azI0cURFZ0h3ZVFXMUlwMWlFLWQ5T3R2dlpJMzFXNGkwQVdfa3VjQ01qcXM3SXhYeDhob3pzcVZTUzlyWHJxMDNDTVpNajNBR1VWMXNjVkhTUGM4Sk1kQkxmcDFnSnZtYw?oc=5"" target=""_blank"">Survey finds 84% of Australians expect AI to increase cybercrime</a>&nbsp;&nbsp;<font color=""#6f6f6f"">Australian Cyber Security Magazine</font>",https://news.google.com/rss/articles/CBMisAFBVV95cUxORGpQNXRKY09vZms4enB2S0k1LUhQZnhpc1JTNm5MMkpIVHMxMnR0MENoXzRqRGphRzJKdUVpbmtaMW5vQ3M4MDdaMFUxenN5azI0cURFZ0h3ZVFXMUlwMWlFLWQ5T3R2dlpJMzFXNGkwQVdfa3VjQ01qcXM3SXhYeDhob3pzcVZTUzlyWHJxMDNDTVpNajNBR1VWMXNjVkhTUGM4Sk1kQkxmcDFnSnZtYw?oc=5,2026-09-21 04:53:48+00:00,2026-09-21 07:48:20.435938+00:00,Australian Cyber Security Magazine,cybercrime,"Survey finds 84% of Australians expect AI to increase cybercrime - Australian Cyber Security Magazine <a href=""https://news.google.com/rss/articles/CBMisAFBVV95cUxORGpQNXRKY09vZms4enB2S0k1LUhQZnhpc1JTNm5MMkpIVHMxMnR0MENoXzRqRGphRzJKdUVpbmtaMW5vQ3M4MDdaMFUxenN5azI0cURFZ0h3ZVFXMUlwMWlFLWQ5T3R2dlpJMzFXNGkwQVdfa3VjQ01qcXM3SXhYeDhob3pzcVZTUzlyWHJxMDNDTVpNajNBR1VWMXNjVkhTUGM4Sk1kQkxmcDFnSnZtYw?oc=5"" target=""_blank"">Survey finds 84% of Australians expect AI to increase cybercrime</a>&nbsp;&nbsp;<font color=""#6f6f6f"">Australian Cyber Security Magazine</font>",Neutral,Community_Discussion,Dataset 2,OK,Dataset 2
Delhi Police cut cybercrime money restoration pendency from 90% to 13.6% - The Tribune,"<a href=""https://news.google.com/rss/articles/CBMisAFBVV95cUxQRlYyUVJBaUhlcGxKNDNPOGVseW8tZUtzMDJoNExSM1VJa09UQ05ZWlBQaVdBUmZicHZZcWktcVJVZDBPd0xmMElOZUg1UV83dExnSEUxYXBtRmZuNVVTQWJyTFUzOFU2TUhLdWtPUkk4eUszcHF3MDRkSlFrUnZBMWtUby01Q043STRKSVM5S0V6UmdIWjRVSElUZkVhN2VmNXZwQmQ5RWlYNlJ0T1lITNIBtAFBVV95cUxNR2dWS28wQVQ5T1FuWG45WVNKMXRteTlqNTJuNW1nc2FJYVBCQXJuOXVKc0VGa2pDY2QxUDZ4QmhXclVHSGMwTDdGVGRYZG1Oa0ZTSURaOVotMXFINVpWdlBXUzlmbEhOZVIyT1VmUVdELVFDZlBJSXRCUVAwTTliMG9JdmE3TUFTS2pIeUdHV0gtZkY1dnczLUMtTE42b2hoMmh0WktjVUVyeVhLQkhNelctZzk?oc=5"" target=""_blank"">Delhi Police cut cybercrime money restoration pendency from 90% to 13.6%</a>&nbsp;&nbsp;<font color=""#6f6f6f"">The Tribune</font>",https://news.google.com/rss/articles/CBMisAFBVV95cUxQRlYyUVJBaUhlcGxKNDNPOGVseW8tZUtzMDJoNExSM1VJa09UQ05ZWlBQaVdBUmZicHZZcWktcVJVZDBPd0xmMElOZUg1UV83dExnSEUxYXBtRmZuNVVTQWJyTFUzOFU2TUhLdWtPUkk4eUszcHF3MDRkSlFrUnZBMWtUby01Q043STRKSVM5S0V6UmdIWjRVSElUZkVhN2VmNXZwQmQ5RWlYNlJ0T1lITNIBtAFBVV95cUxNR2dWS28wQVQ5T1FuWG45WVNKMXRteTlqNTJuNW1nc2FJYVBCQXJuOXVKc0VGa2pDY2QxUDZ4QmhXclVHSGMwTDdGVGRYZG1Oa0ZTSURaOVotMXFINVpWdlBXUzlmbEhOZVIyT1VmUVdELVFDZlBJSXRCUVAwTTliMG9JdmE3TUFTS2pIeUdHV0gtZkY1dnczLUMtTE42b2hoMmh0WktjVUVyeVhLQkhNelctZzk?oc=5,2026-09-20 23:54:33+00:00,2026-09-21 07:48:20.435953+00:00,The Tribune,cybercrime,"Delhi Police cut cybercrime money restoration pendency from 90% to 13.6% - The Tribune <a href=""https://news.google.com/rss/articles/CBMisAFBVV95cUxQRlYyUVJBaUhlcGxKNDNPOGVseW8tZUtzMDJoNExSM1VJa09UQ05ZWlBQaVdBUmZicHZZcWktcVJVZDBPd0xmMElOZUg1UV83dExnSEUxYXBtRmZuNVVTQWJyTFUzOFU2TUhLdWtPUkk4eUszcHF3MDRkSlFrUnZBMWtUby01Q043STRKSVM5S0V6UmdIWjRVSElUZkVhN2VmNXZwQmQ5RWlYNlJ0T1lITNIBtAFBVV95cUxNR2dWS28wQVQ5T1FuWG45WVNKMXRteTlqNTJuNW1nc2FJYVBCQXJuOXVKc0VGa2pDY2QxUDZ4QmhXclVHSGMwTDdGVGRYZG1Oa0ZTSURaOVotMXFINVpWdlBXUzlmbEhOZVIyT1VmUVdELVFDZlBJSXRCUVAwTTliMG9JdmE3TUFTS2pIeUdHV0gtZkY1dnczLUMtTE42b2hoMmh0WktjVUVyeVhLQkhNelctZzk?oc=5"" target=""_blank"">Delhi Police cut cybercrime money restoration pendency from 90% to 13.6%</a>&nbsp;&nbsp;<font color=""#6f6f6f"">The Tribune</font>",Neutral,Community_Discussion,Dataset 2,OK,"Dataset 1, Dataset 2"
"‘Digital Arrests’ Fall 67%, Investment Fraud Emerges as Growing Cybercrime Threat - bfsi.eletsonline.com","<a href=""https://news.google.com/rss/articles/CBMiqwFBVV95cUxOVlVoZjcxOXhnT1ZoR1VXTHVYYjNMeV9VR3VpbGluVDlHQVhYczFLOVdPTVVGZDkyYmNfVkJoVXo3MTFSZ0JaTnpqVXZHNXc3UTBNd2JuMV9tem8zc2FmVFU2SXhLZ1p2SEp6QnVaQVZTQ1BaYzlaM0x3b2VFY1d3WHdYaGxWcUR5aXFISVJjWFdyUV9xX284a3NLTmJhWVV4d0JxREM0d2ZtOEk?oc=5"" target=""_blank"">‘Digital Arrests’ Fall 67%, Investment Fraud Emerges as Growing Cybercrime Threat</a>&nbsp;&nbsp;<font color=""#6f6f6f"">bfsi.eletsonline.com</font>",https://news.google.com/rss/articles/CBMiqwFBVV95cUxOVlVoZjcxOXhnT1ZoR1VXTHVYYjNMeV9VR3VpbGluVDlHQVhYczFLOVdPTVVGZDkyYmNfVkJoVXo3MTFSZ0JaTnpqVXZHNXc3UTBNd2JuMV9tem8zc2FmVFU2SXhLZ1p2SEp6QnVaQVZTQ1BaYzlaM0x3b2VFY1d3WHdYaGxWcUR5aXFISVJjWFdyUV9xX284a3NLTmJhWVV4d0JxREM0d2ZtOEk?oc=5,2026-09-18 07:39:05+00:00,2026-09-21 07:48:20.435967+00:00,bfsi.eletsonline.com,cybercrime,"‘Digital Arrests’ Fall 67%, Investment Fraud Emerges as Growing Cybercrime Threat - bfsi.eletsonline.com <a href=""https://news.google.com/rss/articles/CBMiqwFBVV95cUxOVlVoZjcxOXhnT1ZoR1VXTHVYYjNMeV9VR3VpbGluVDlHQVhYczFLOVdPTVVGZDkyYmNfVkJoVXo3MTFSZ0JaTnpqVXZHNXc3UTBNd2JuMV9tem8zc2FmVFU2SXhLZ1p2SEp6QnVaQVZTQ1BaYzlaM0x3b2VFY1d3WHdYaGxWcUR5aXFISVJjWFdyUV9xX284a3NLTmJhWVV4d0JxREM0d2ZtOEk?oc=5"" target=""_blank"">‘Digital Arrests’ Fall 67%, Investment Fraud Emerges as Growing Cybercrime Threat</a>&nbsp;&nbsp;<font color=""#6f6f6f"">bfsi.eletsonline.com</font>",Neutral,Community_Discussion,Dataset 2,OK,"Dataset 1, Dataset 2"
JKP Roll Out Dedicated Cybercrime Mechanism - Kashmir Observer,"<a href=""https://news.google.com/rss/articles/CBMiiwFBVV95cUxPSW5TN2VyQlQwV1JteVAwa29wYWpTYVZnQTB3NXA1bjRuVm9pWHFYYS1ZaW9Xd2lfc3R0bUdrRGhRNkZzZmhyX1lLcy0zZXc3VnB2cEUtN0xvZDFyMXVuOWRaTDl2Z3hTRGN5VmFCOVNJa1pvRW9VT2VpUkRELUh6SWtXdXAtZWhLRXU0?oc=5"" target=""_blank"">JKP Roll Out Dedicated Cybercrime Mechanism</a>&nbsp;&nbsp;<font color=""#6f6f6f"">Kashmir Observer</font>",https://news.google.com/rss/articles/CBMiiwFBVV95cUxPSW5TN2VyQlQwV1JteVAwa29wYWpTYVZnQTB3NXA1bjRuVm9pWHFYYS1ZaW9Xd2lfc3R0bUdrRGhRNkZzZmhyX1lLcy0zZXc3VnB2cEUtN0xvZDFyMXVuOWRaTDl2Z3hTRGN5VmFCOVNJa1pvRW9VT2VpUkRELUh6SWtXdXAtZWhLRXU0?oc=5,2026-09-18 16:31:00+00:00,2026-09-21 07:48:20.435981+00:00,Kashmir Observer,cybercrime,"JKP Roll Out Dedicated Cybercrime Mechanism - Kashmir Observer <a href=""https://news.google.com/rss/articles/CBMiiwFBVV95cUxPSW5TN2VyQlQwV1JteVAwa29wYWpTYVZnQTB3NXA1bjRuVm9pWHFYYS1ZaW9Xd2lfc3R0bUdrRGhRNkZzZmhyX1lLcy0zZXc3VnB2cEUtN0xvZDFyMXVuOWRaTDl2Z3hTRGN5VmFCOVNJa1pvRW9VT2VpUkRELUh6SWtXdXAtZWhLRXU0?oc=5"" target=""_blank"">JKP Roll Out Dedicated Cybercrime Mechanism</a>&nbsp;&nbsp;<font color=""#6f6f6f"">Kashmir Observer</font>",Neutral,Community_Discussion,Dataset 2,OK,"Dataset 1, Dataset 2"
Cybercrime feud erupts on dark web as notorious group claims hijack of rival's website - TradingView,"<a href=""https://news.google.com/rss/articles/CBMi7AFBVV95cUxPMFFmY2ZBczNwSEh0MkFHMWczVWxsRGFVNFBRMmlyODJPLVRUVjgxZGxIVzRtTHBYUVJCZDFsNkI4RGN3bWtma1pLeENMQXladEJodW15cHRFMFQtN2FyYUpCaWlSdnlzaFNZbl9reHhOX1NkRm11bE84dGtta3VnMzFPUjEzLWJNSENVR09JaF9vNzJFUzZOWnZSSFVaRDZqcDlfV19vbjJjR0xid29PQ0ItTG9UQjVHWTNJZ0dkRXBoVEFMNHlqUGVPNUhUOE1Pa2x5TFVQcDkxV1RjTlFKOXNYTllnZjNLWFJ5ag?oc=5"" target=""_blank"">Cybercrime feud erupts on dark web as notorious group claims hijack of rival's website</a>&nbsp;&nbsp;<font color=""#6f6f6f"">TradingView</font>",https://news.google.com/rss/articles/CBMi7AFBVV95cUxPMFFmY2ZBczNwSEh0MkFHMWczVWxsRGFVNFBRMmlyODJPLVRUVjgxZGxIVzRtTHBYUVJCZDFsNkI4RGN3bWtma1pLeENMQXladEJodW15cHRFMFQtN2FyYUpCaWlSdnlzaFNZbl9reHhOX1NkRm11bE84dGtta3VnMzFPUjEzLWJNSENVR09JaF9vNzJFUzZOWnZSSFVaRDZqcDlfV19vbjJjR0xid29PQ0ItTG9UQjVHWTNJZ0dkRXBoVEFMNHlqUGVPNUhUOE1Pa2x5TFVQcDkxV1RjTlFKOXNYTllnZjNLWFJ5ag?oc=5,2026-09-21 01:56:00+00:00,2026-09-21 07:48:20.435996+00:00,TradingView,cybercrime,"Cybercrime feud erupts on dark web as notorious group claims hijack of rival's website - TradingView <a href=""https://news.google.com/rss/articles/CBMi7AFBVV95cUxPMFFmY2ZBczNwSEh0MkFHMWczVWxsRGFVNFBRMmlyODJPLVRUVjgxZGxIVzRtTHBYUVJCZDFsNkI4RGN3bWtma1pLeENMQXladEJodW15cHRFMFQtN2FyYUpCaWlSdnlzaFNZbl9reHhOX1NkRm11bE84dGtta3VnMzFPUjEzLWJNSENVR09JaF9vNzJFUzZOWnZSSFVaRDZqcDlfV19vbjJjR0xid29PQ0ItTG9UQjVHWTNJZ0dkRXBoVEFMNHlqUGVPNUhUOE1Pa2x5TFVQcDkxV1RjTlFKOXNYTllnZjNLWFJ5ag?oc=5"" target=""_blank"">Cybercrime feud erupts on dark web as notorious group claims hijack of rival's website</a>&nbsp;&nbsp;<font color=""#6f6f6f"">TradingView</font>",Neutral,Community_Discussion,Dataset 2,OK,"Dataset 1, Dataset 2"
Report: 44 per cent of Australian cybercrime victims fail to report the incident - Cyber Daily,"<a href=""https://news.google.com/rss/articles/CBMivAFBVV95cUxPSUJwUzdtcW43alo1RTRZMXI0RlBBZWJtbDE3Xy16WVh1Nk9rUkFoQTFLTmVLdzBiSUxGMlVFZ25YaXUycTZaZzgwS0FvVVRLSEY2Qm85Rk81TGRxdXhrX0xSMDNhNXM4OHM5c0hUbFhfdDJXemxJSkVZUllmUFNieWlGdG1IZnRYVzh1c1lRajY1d1FmU0JCeUU3bmtpMkNFNTdLUkJGYlJSbU1QTVJlbU56YXJGZ05Ub0UxdQ?oc=5"" target=""_blank"">Report: 44 per cent of Australian cybercrime victims fail to report the incident</a>&nbsp;&nbsp;<font color=""#6f6f6f"">Cyber Daily</font>",https://news.google.com/rss/articles/CBMivAFBVV95cUxPSUJwUzdtcW43alo1RTRZMXI0RlBBZWJtbDE3Xy16WVh1Nk9rUkFoQTFLTmVLdzBiSUxGMlVFZ25YaXUycTZaZzgwS0FvVVRLSEY2Qm85Rk81TGRxdXhrX0xSMDNhNXM4OHM5c0hUbFhfdDJXemxJSkVZUllmUFNieWlGdG1IZnRYVzh1c1lRajY1d1FmU0JCeUU3bmtpMkNFNTdLUkJGYlJSbU1QTVJlbU56YXJGZ05Ub0UxdQ?oc=5,2026-09-21 06:32:12+00:00,2026-09-21 07:48:20.436010+00:00,Cyber Daily,cybercrime,"Report: 44 per cent of Australian cybercrime victims fail to report the incident - Cyber Daily <a href=""https://news.google.com/rss/articles/CBMivAFBVV95cUxPSUJwUzdtcW43alo1RTRZMXI0RlBBZWJtbDE3Xy16WVh1Nk9rUkFoQTFLTmVLdzBiSUxGMlVFZ25YaXUycTZaZzgwS0FvVVRLSEY2Qm85Rk81TGRxdXhrX0xSMDNhNXM4OHM5c0hUbFhfdDJXemxJSkVZUllmUFNieWlGdG1IZnRYVzh1c1lRajY1d1FmU0JCeUU3bmtpMkNFNTdLUkJGYlJSbU1QTVJlbU56YXJGZ05Ub0UxdQ?oc=5"" target=""_blank"">Report: 44 per cent of Australian cybercrime victims fail to report the incident</a>&nbsp;&nbsp;<font color=""#6f6f6f"">Cyber Daily</font>",Neutral,Community_Discussion,Dataset 2,OK,Dataset 2
Meta to directly report child safety cases to India's cybercrime portal - The New Indian Express,"<a href=""https://news.google.com/rss/articles/CBMixAFBVV95cUxONGRpemdiOXAwaVBMc0xWTC1MNl82UUtOYk96NUprRmM0cnlXdllWOGNsOU9LMWQ2ZmNaV2ppZ2FDd3ZuVTVZV2NQam9DMmxOcm14WXZlTXhYMDloY3RQY3U0TUVZRmVoM2c1YldSUHgyelZFdzEtVGVEcFNfNzNrelZjbThKNXRFa2Q0MGZYeU9UMi1UNG9XOFJsMEp1YmhkaWZUSlFsT1ViTEdwY3ljR0xQenZrY0NMcDhaYzFWTHJRZGdH0gHSAUFVX3lxTE42Ui00VEVHSVZwTjFlMEI1ZlBIQnpFRk9SLUszV1ZYc3UwOV9FUkoxMVQxb0VobUZxLVdzYm83MFRrNGlOX2pXQlBRSHVZMHVJS2VBclFYWGg2OThkUnZtSDU5ZWF1aDU5VFlod0pnaVVtMVdvZUNQQllaZmV2QkhpX2JyRlZLeTRLcGtGZGlxMHRMTWpsMm92YXdPTzV0NkVWSjR4ZFZabk1SaE9Qb1JrLUN4MHp1WWJTN0ZRSExlRkNHWUM2WEhmYlMxVGo5WjJ0UQ?oc=5"" target=""_blank"">Meta to directly report child safety cases to India's cybercrime portal</a>&nbsp;&nbsp;<font color=""#6f6f6f"">The New Indian Express</font>",https://news.google.com/rss/articles/CBMixAFBVV95cUxONGRpemdiOXAwaVBMc0xWTC1MNl82UUtOYk96NUprRmM0cnlXdllWOGNsOU9LMWQ2ZmNaV2ppZ2FDd3ZuVTVZV2NQam9DMmxOcm14WXZlTXhYMDloY3RQY3U0TUVZRmVoM2c1YldSUHgyelZFdzEtVGVEcFNfNzNrelZjbThKNXRFa2Q0MGZYeU9UMi1UNG9XOFJsMEp1YmhkaWZUSlFsT1ViTEdwY3ljR0xQenZrY0NMcDhaYzFWTHJRZGdH0gHSAUFVX3lxTE42Ui00VEVHSVZwTjFlMEI1ZlBIQnpFRk9SLUszV1ZYc3UwOV9FUkoxMVQxb0VobUZxLVdzYm83MFRrNGlOX2pXQlBRSHVZMHVJS2VBclFYWGg2OThkUnZtSDU5ZWF1aDU5VFlod0pnaVVtMVdvZUNQQllaZmV2QkhpX2JyRlZLeTRLcGtGZGlxMHRMTWpsMm92YXdPTzV0NkVWSjR4ZFZabk1SaE9Qb1JrLUN4MHp1WWJTN0ZRSExlRkNHWUM2WEhmYlMxVGo5WjJ0UQ?oc=5,2026-09-15 18:00:01+00:00,2026-09-21 07:48:20.436024+00:00,The New Indian Express,cybercrime,"Meta to directly report child safety cases to India's cybercrime portal - The New Indian Express <a href=""https://news.google.com/rss/articles/CBMixAFBVV95cUxONGRpemdiOXAwaVBMc0xWTC1MNl82UUtOYk96NUprRmM0cnlXdllWOGNsOU9LMWQ2ZmNaV2ppZ2FDd3ZuVTVZV2NQam9DMmxOcm14WXZlTXhYMDloY3RQY3U0TUVZRmVoM2c1YldSUHgyelZFdzEtVGVEcFNfNzNrelZjbThKNXRFa2Q0MGZYeU9UMi1UNG9XOFJsMEp1YmhkaWZUSlFsT1ViTEdwY3ljR0xQenZrY0NMcDhaYzFWTHJRZGdH0gHSAUFVX3lxTE42Ui00VEVHSVZwTjFlMEI1ZlBIQnpFRk9SLUszV1ZYc3UwOV9FUkoxMVQxb0VobUZxLVdzYm83MFRrNGlOX2pXQlBRSHVZMHVJS2VBclFYWGg2OThkUnZtSDU5ZWF1aDU5VFlod0pnaVVtMVdvZUNQQllaZmV2QkhpX2JyRlZLeTRLcGtGZGlxMHRMTWpsMm92YXdPTzV0NkVWSjR4ZFZabk1SaE9Qb1JrLUN4MHp1WWJTN0ZRSExlRkNHWUM2WEhmYlMxVGo5WjJ0UQ?oc=5"" target=""_blank"">Meta to directly report child safety cases to India's cybercrime portal</a>&nbsp;&nbsp;<font color=""#6f6f6f"">The New Indian Express</font>",Neutral,Community_Discussion,Dataset 2,OK,"Dataset 1, Dataset 2"
J&K rolls out dedicated cybercrime system for faster action on complaints: SSP Crime - Kashmir News Observer,"<a href=""https://news.google.com/rss/articles/CBMi3AFBVV95cUxPc1dlQ2xlV3ZKYzRxNGNwS3pDMDVfbkJpZ2RBUk9BX0Vyd0J1c280Nm10RVJxY0dLaFhIRENsa2RYZGJ1aVZ4ajJUVWJYUHJ3cnFoY185T2VSVmREbjhWQi1YVHhhZnAya2Q3Y1RjcGFweVhhZ0xoZGt6TllUWEVaRjhvdldvdFdlUGgwZGVldW8yZ2xSVkt6azJTcXl5bFo2VGNIWUl0RlJpYlRGc0U4b184VENFUVhZbUl4Z1VKS2NYaUZqZE9rWUF6THpiLUx2NzBOdUlobjctTTBF?oc=5"" target=""_blank"">J&amp;K rolls out dedicated cybercrime system for faster action on complaints: SSP Crime</a>&nbsp;&nbsp;<font color=""#6f6f6f"">Kashmir News Observer</font>",https://news.google.com/rss/articles/CBMi3AFBVV95cUxPc1dlQ2xlV3ZKYzRxNGNwS3pDMDVfbkJpZ2RBUk9BX0Vyd0J1c280Nm10RVJxY0dLaFhIRENsa2RYZGJ1aVZ4ajJUVWJYUHJ3cnFoY185T2VSVmREbjhWQi1YVHhhZnAya2Q3Y1RjcGFweVhhZ0xoZGt6TllUWEVaRjhvdldvdFdlUGgwZGVldW8yZ2xSVkt6azJTcXl5bFo2VGNIWUl0RlJpYlRGc0U4b184VENFUVhZbUl4Z1VKS2NYaUZqZE9rWUF6THpiLUx2NzBOdUlobjctTTBF?oc=5,2026-09-18 16:12:49+00:00,2026-09-21 07:48:20.436039+00:00,Kashmir News Observer,cybercrime,"J&K rolls out dedicated cybercrime system for faster action on complaints: SSP Crime - Kashmir News Observer <a href=""https://news.google.com/rss/articles/CBMi3AFBVV95cUxPc1dlQ2xlV3ZKYzRxNGNwS3pDMDVfbkJpZ2RBUk9BX0Vyd0J1c280Nm10RVJxY0dLaFhIRENsa2RYZGJ1aVZ4ajJUVWJYUHJ3cnFoY185T2VSVmREbjhWQi1YVHhhZnAya2Q3Y1RjcGFweVhhZ0xoZGt6TllUWEVaRjhvdldvdFdlUGgwZGVldW8yZ2xSVkt6azJTcXl5bFo2VGNIWUl0RlJpYlRGc0U4b184VENFUVhZbUl4Z1VKS2NYaUZqZE9rWUF6THpiLUx2NzBOdUlobjctTTBF?oc=5"" target=""_blank"">J&amp;K rolls out dedicated cybercrime system for faster action on complaints: SSP Crime</a>&nbsp;&nbsp;<font color=""#6f6f6f"">Kashmir News Observer</font>",Neutral,Community_Discussion,Dataset 2,OK,"Dataset 1, Dataset 2"
Police Warn Against Online Fraud After 'Rent Garba Partner' Posts Go Viral Ahead Of Navratri - News18,"<a href=""https://news.google.com/rss/articles/CBMi0wFBVV95cUxQdVNIeWFaci01cTJmWjJ2QTVXRGRTX3I3aEJKckxoS2N6TExuS3lVRjBFd2luaWdzakpXZkdZNjFMaWxPdmotTEVqenI3TGI1Nnc0WjlfLW1BVDl5YzJzYVdIT3Q0VkNoVU9kUXozTkVCS29UR0l0MmFXV09GeXh1MTNpb1dNdjN0Sm8xSlVtX0ZNQVFQMFJ1T0xiS1dzS3FDT1F3eWZjT2pJQU9sVFJUaUlZZmpLRktTMTZhbVpsOFdOaUo4X3FTUnlRckhGMzhRMDl30gHTAUFVX3lxTFB1U0h5YVpyLTVxMmZaMnZBNVdEZFNfcjdoQkpyTGhLY3pMTG5LeVVGMEV3aW5pZ3NqSldmR1k2MUxpbE92ai1MRWp6cjdMYjU2dzRaOV8tbUFUOXljMnNhV0hPdDRWQ2hVT2RRejNORUJLb1RHSXQyYVdXT0Z5eHUxM2lvV012M3RKbzFKVW1fRk1BUVAwUnVPTGJLV3NLcUNPUXd5ZmNPaklBT2xUUlRpSVlmaktGS1MxNmFtWmw4V05pSjhfcVNSeVFySEYzOFEwOXc?oc=5"" target=""_blank"">Police Warn Against Online Fraud After 'Rent Garba Partner' Posts Go Viral Ahead Of Navratri</a>&nbsp;&nbsp;<font color=""#6f6f6f"">News18</font>",https://news.google.com/rss/articles/CBMi0wFBVV95cUxQdVNIeWFaci01cTJmWjJ2QTVXRGRTX3I3aEJKckxoS2N6TExuS3lVRjBFd2luaWdzakpXZkdZNjFMaWxPdmotTEVqenI3TGI1Nnc0WjlfLW1BVDl5YzJzYVdIT3Q0VkNoVU9kUXozTkVCS29UR0l0MmFXV09GeXh1MTNpb1dNdjN0Sm8xSlVtX0ZNQVFQMFJ1T0xiS1dzS3FDT1F3eWZjT2pJQU9sVFJUaUlZZmpLRktTMTZhbVpsOFdOaUo4X3FTUnlRckhGMzhRMDl30gHTAUFVX3lxTFB1U0h5YVpyLTVxMmZaMnZBNVdEZFNfcjdoQkpyTGhLY3pMTG5LeVVGMEV3aW5pZ3NqSldmR1k2MUxpbE92ai1MRWp6cjdMYjU2dzRaOV8tbUFUOXljMnNhV0hPdDRWQ2hVT2RRejNORUJLb1RHSXQyYVdXT0Z5eHUxM2lvV012M3RKbzFKVW1fRk1BUVAwUnVPTGJLV3NLcUNPUXd5ZmNPaklBT2xUUlRpSVlmaktGS1MxNmFtWmw4V05pSjhfcVNSeVFySEYzOFEwOXc?oc=5,2026-09-20 17:01:58+00:00,2026-09-21 07:48:20.436053+00:00,News18,cybercrime,"Police Warn Against Online Fraud After 'Rent Garba Partner' Posts Go Viral Ahead Of Navratri - News18 <a href=""https://news.google.com/rss/articles/CBMi0wFBVV95cUxQdVNIeWFaci01cTJmWjJ2QTVXRGRTX3I3aEJKckxoS2N6TExuS3lVRjBFd2luaWdzakpXZkdZNjFMaWxPdmotTEVqenI3TGI1Nnc0WjlfLW1BVDl5YzJzYVdIT3Q0VkNoVU9kUXozTkVCS29UR0l0MmFXV09GeXh1MTNpb1dNdjN0Sm8xSlVtX0ZNQVFQMFJ1T0xiS1dzS3FDT1F3eWZjT2pJQU9sVFJUaUlZZmpLRktTMTZhbVpsOFdOaUo4X3FTUnlRckhGMzhRMDl30gHTAUFVX3lxTFB1U0h5YVpyLTVxMmZaMnZBNVdEZFNfcjdoQkpyTGhLY3pMTG5LeVVGMEV3aW5pZ3NqSldmR1k2MUxpbE92ai1MRWp6cjdMYjU2dzRaOV8tbUFUOXljMnNhV0hPdDRWQ2hVT2RRejNORUJLb1RHSXQyYVdXT0Z5eHUxM2lvV012M3RKbzFKVW1fRk1BUVAwUnVPTGJLV3NLcUNPUXd5ZmNPaklBT2xUUlRpSVlmaktGS1MxNmFtWmw4V05pSjhfcVNSeVFySEYzOFEwOXc?oc=5"" target=""_blank"">Police Warn Against Online Fraud After 'Rent Garba Partner' Posts Go Viral Ahead Of Navratri</a>&nbsp;&nbsp;<font color=""#6f6f6f"">News18</font>",Neutral,Community_Discussion,Dataset 2,OK,"Dataset 1, Dataset 2"
"Dedicated Cybercrime System Launched in Jammu Kashmir to Expedite Complaints, Says SSP Crime - Kashmir Life","<a href=""https://news.google.com/rss/articles/CBMiwAFBVV95cUxPZ1VOVEFZejg5NVVvRkdST0c3RXhZMjRtRUhiR1FxWDU1RFdBSnlRQUZlNFN4b1BqMmhwTV9OdWM5VXg0bkR0c1Fma2NqOVdSZlhlTGg0eTdZMzJKY0t2eG1haDdaX1ZBWGtHT1VLLTVNdzBxOGp6el93OUpXck1uM3ZJdlVJREJ6aUdIajNGZDZPQU43Mk52M18xVHZUaFdVMWI2MExNbmtNZnJzUjBuLTZ3Tm9IUkkzUGU3N1ZNbDU?oc=5"" target=""_blank"">Dedicated Cybercrime System Launched in Jammu Kashmir to Expedite Complaints, Says SSP Crime</a>&nbsp;&nbsp;<font color=""#6f6f6f"">Kashmir Life</font>",https://news.google.com/rss/articles/CBMiwAFBVV95cUxPZ1VOVEFZejg5NVVvRkdST0c3RXhZMjRtRUhiR1FxWDU1RFdBSnlRQUZlNFN4b1BqMmhwTV9OdWM5VXg0bkR0c1Fma2NqOVdSZlhlTGg0eTdZMzJKY0t2eG1haDdaX1ZBWGtHT1VLLTVNdzBxOGp6el93OUpXck1uM3ZJdlVJREJ6aUdIajNGZDZPQU43Mk52M18xVHZUaFdVMWI2MExNbmtNZnJzUjBuLTZ3Tm9IUkkzUGU3N1ZNbDU?oc=5,2026-09-18 11:18:05+00:00,2026-09-21 07:48:20.436067+00:00,Kashmir Life,cybercrime,"Dedicated Cybercrime System Launched in Jammu Kashmir to Expedite Complaints, Says SSP Crime - Kashmir Life <a href=""https://news.google.com/rss/articles/CBMiwAFBVV95cUxPZ1VOVEFZejg5NVVvRkdST0c3RXhZMjRtRUhiR1FxWDU1RFdBSnlRQUZlNFN4b1BqMmhwTV9OdWM5VXg0bkR0c1Fma2NqOVdSZlhlTGg0eTdZMzJKY0t2eG1haDdaX1ZBWGtHT1VLLTVNdzBxOGp6el93OUpXck1uM3ZJdlVJREJ6aUdIajNGZDZPQU43Mk52M18xVHZUaFdVMWI2MExNbmtNZnJzUjBuLTZ3Tm9IUkkzUGU3N1ZNbDU?oc=5"" target=""_blank"">Dedicated Cybercrime System Launched in Jammu Kashmir to Expedite Complaints, Says SSP Crime</a>&nbsp;&nbsp;<font color=""#6f6f6f"">Kashmir Life</font>",Neutral,Community_Discussion,Dataset 2,OK,"Dataset 1, Dataset 2"
Meta To Report Child Safety Cases Directly To India’s Cybercrime Portal - LawBeat,"<a href=""https://news.google.com/rss/articles/CBMirwFBVV95cUxNMi12OXNDTDRIODM1NFVUV2NBeFpRbWY5UUk4R3BuZ3c5Yk9teW9XcXEwX2UxUGVkaDdhbmVBdmpkcl9RYWg1Ty03Q2VoNmVWaE1qRWJqaEJ1bXBONGNCNFRBRnNrWTRZSG5selNudkMwRFdWTmZQNDQ4N0dFRTZNOWpjUzRQbWkwdU81Snk4MEpIT2pYa0tqaHN1RGFhOE4tM2NqWVlzZFU2VVJieVVn0gG0AUFVX3lxTFA2cXVZWGdLeXJocGcweXRMRy1RVjJVMDl5bzM5RFZiMFZ4WGE0dGx4UXJsdXhMWE93bWM5NFZXWTJYdHNhZnA4TnROYVlLclZSTXN3VjJrV0xYU3BSZVFXMDFmTkhuendqa1puaWZqemlXUFNEWnB3U0FoREg3R09XY1JCZTRfMjJBek5nenk4cHRhb2h5dlBrN2Z2TlZOcml1Q1VjSENMdklreDRZcDVfemdUZg?oc=5"" target=""_blank"">Meta To Report Child Safety Cases Directly To India’s Cybercrime Portal</a>&nbsp;&nbsp;<font color=""#6f6f6f"">LawBeat</font>",https://news.google.com/rss/articles/CBMirwFBVV95cUxNMi12OXNDTDRIODM1NFVUV2NBeFpRbWY5UUk4R3BuZ3c5Yk9teW9XcXEwX2UxUGVkaDdhbmVBdmpkcl9RYWg1Ty03Q2VoNmVWaE1qRWJqaEJ1bXBONGNCNFRBRnNrWTRZSG5selNudkMwRFdWTmZQNDQ4N0dFRTZNOWpjUzRQbWkwdU81Snk4MEpIT2pYa0tqaHN1RGFhOE4tM2NqWVlzZFU2VVJieVVn0gG0AUFVX3lxTFA2cXVZWGdLeXJocGcweXRMRy1RVjJVMDl5bzM5RFZiMFZ4WGE0dGx4UXJsdXhMWE93bWM5NFZXWTJYdHNhZnA4TnROYVlLclZSTXN3VjJrV0xYU3BSZVFXMDFmTkhuendqa1puaWZqemlXUFNEWnB3U0FoREg3R09XY1JCZTRfMjJBek5nenk4cHRhb2h5dlBrN2Z2TlZOcml1Q1VjSENMdklreDRZcDVfemdUZg?oc=5,2026-09-15 07:24:20+00:00,2026-09-21 07:48:20.436081+00:00,LawBeat,cybercrime,"Meta To Report Child Safety Cases Directly To India’s Cybercrime Portal - LawBeat <a href=""https://news.google.com/rss/articles/CBMirwFBVV95cUxNMi12OXNDTDRIODM1NFVUV2NBeFpRbWY5UUk4R3BuZ3c5Yk9teW9XcXEwX2UxUGVkaDdhbmVBdmpkcl9RYWg1Ty03Q2VoNmVWaE1qRWJqaEJ1bXBONGNCNFRBRnNrWTRZSG5selNudkMwRFdWTmZQNDQ4N0dFRTZNOWpjUzRQbWkwdU81Snk4MEpIT2pYa0tqaHN1RGFhOE4tM2NqWVlzZFU2VVJieVVn0gG0AUFVX3lxTFA2cXVZWGdLeXJocGcweXRMRy1RVjJVMDl5bzM5RFZiMFZ4WGE0dGx4UXJsdXhMWE93bWM5NFZXWTJYdHNhZnA4TnROYVlLclZSTXN3VjJrV0xYU3BSZVFXMDFmTkhuendqa1puaWZqemlXUFNEWnB3U0FoREg3R09XY1JCZTRfMjJBek5nenk4cHRhb2h5dlBrN2Z2TlZOcml1Q1VjSENMdklreDRZcDVfemdUZg?oc=5"" target=""_blank"">Meta To Report Child Safety Cases Directly To India’s Cybercrime Portal</a>&nbsp;&nbsp;<font color=""#6f6f6f"">LawBeat</font>",Neutral,Community_Discussion,Dataset 2,OK,"Dataset 1, Dataset 2"
INTERPOL report finds AI linked to more than half of cybercrime in Africa - Interpol,"<a href=""https://news.google.com/rss/articles/CBMiwgFBVV95cUxPNVpob1dlS0xiRmVRaEs0WU5UTG1qMGpjczN6bWM0bkprZWM0Um5feXJRcTBqLVVoeHNuVFQ2eHNqN1dEVUlRa2VQa0tQRVBrZTdhTGQ5eldhQXFrQjhTOGM3UmlQRWozdVVCN21QeDVUTmxnUjJ2ZzVzOXJYRmsxVFFXYjVkLVVDS2JTSDdGWU5PVk9tREx1UXRpc1k2eE1uZ05GM1hhdHNVbnBEbkFaM1NhMVJFWVRZUndoeXNWRkE4dw?oc=5"" target=""_blank"">INTERPOL report finds AI linked to more than half of cybercrime in Africa</a>&nbsp;&nbsp;<font color=""#6f6f6f"">Interpol</font>",https://news.google.com/rss/articles/CBMiwgFBVV95cUxPNVpob1dlS0xiRmVRaEs0WU5UTG1qMGpjczN6bWM0bkprZWM0Um5feXJRcTBqLVVoeHNuVFQ2eHNqN1dEVUlRa2VQa0tQRVBrZTdhTGQ5eldhQXFrQjhTOGM3UmlQRWozdVVCN21QeDVUTmxnUjJ2ZzVzOXJYRmsxVFFXYjVkLVVDS2JTSDdGWU5PVk9tREx1UXRpc1k2eE1uZ05GM1hhdHNVbnBEbkFaM1NhMVJFWVRZUndoeXNWRkE4dw?oc=5,2026-08-03 07:00:00+00:00,2026-09-21 07:48:20.436095+00:00,Interpol,cybercrime,"INTERPOL report finds AI linked to more than half of cybercrime in Africa - Interpol <a href=""https://news.google.com/rss/articles/CBMiwgFBVV95cUxPNVpob1dlS0xiRmVRaEs0WU5UTG1qMGpjczN6bWM0bkprZWM0Um5feXJRcTBqLVVoeHNuVFQ2eHNqN1dEVUlRa2VQa0tQRVBrZTdhTGQ5eldhQXFrQjhTOGM3UmlQRWozdVVCN21QeDVUTmxnUjJ2ZzVzOXJYRmsxVFFXYjVkLVVDS2JTSDdGWU5PVk9tREx1UXRpc1k2eE1uZ05GM1hhdHNVbnBEbkFaM1NhMVJFWVRZUndoeXNWRkE4dw?oc=5"" target=""_blank"">INTERPOL report finds AI linked to more than half of cybercrime in Africa</a>&nbsp;&nbsp;<font color=""#6f6f6f"">Interpol</font>",Negative,Community_Discussion,Dataset 2,OK,"Dataset 1, Dataset 2"
"CID trains officers in cybercrime investigation, digital forensics - The Hindu","<a href=""https://news.google.com/rss/articles/CBMi1gFBVV95cUxPTFVkblI3N1NHc182RHZhQVl1OEMySDdzM3VFbHNxRFN3RFRrTkppUnV6OXFrdUYxXzVyNHFKT1Y4YTJXb0hSMjRWOXZ4aUZrR0x2cnVXaWZLWlVEVlUzdkZZcERKQzRXalJJWGZIaXlab3dVUmZiTFB2V3ZfTVMtSzlFaHhHdkN4TjJXY3VyLVdSVDNscXJZajg1U1QteTVUOGNMZFM1ZWVQVFkzWHllSHVCdzg2VzZRZUFJQnVCbFBnNnM0QVF1YVgxQlh6RTItWWpQNF9n0gHcAUFVX3lxTE1GdktSX2tpTEU2QTMxWE0wLXR4czFraFFDTFZRWDRkZmh2ekxJdnVUSDdLTjl2Mmc3c01JcFh1WENTZU13OUQtV0oyQ2oyTk1KOXRza2pBMmZFVHVfWHhJak5iS18zUEtveUVod2RseTFJbVJGWVZZRkd4TlFpWlhyTHNxa29PbU5lX1dOZXdMYmszSDJKam1HaWlCZjhWSmljb3N3emV1Ykc4WFNtMHJtSUZaTU0zaTcxcTVmeTdUSjIyVFVaS0dvSnFGamd0SEZjZEEwdnBNQWpheEc?oc=5"" target=""_blank"">CID trains officers in cybercrime investigation, digital forensics</a>&nbsp;&nbsp;<font color=""#6f6f6f"">The Hindu</font>",https://news.google.com/rss/articles/CBMi1gFBVV95cUxPTFVkblI3N1NHc182RHZhQVl1OEMySDdzM3VFbHNxRFN3RFRrTkppUnV6OXFrdUYxXzVyNHFKT1Y4YTJXb0hSMjRWOXZ4aUZrR0x2cnVXaWZLWlVEVlUzdkZZcERKQzRXalJJWGZIaXlab3dVUmZiTFB2V3ZfTVMtSzlFaHhHdkN4TjJXY3VyLVdSVDNscXJZajg1U1QteTVUOGNMZFM1ZWVQVFkzWHllSHVCdzg2VzZRZUFJQnVCbFBnNnM0QVF1YVgxQlh6RTItWWpQNF9n0gHcAUFVX3lxTE1GdktSX2tpTEU2QTMxWE0wLXR4czFraFFDTFZRWDRkZmh2ekxJdnVUSDdLTjl2Mmc3c01JcFh1WENTZU13OUQtV0oyQ2oyTk1KOXRza2pBMmZFVHVfWHhJak5iS18zUEtveUVod2RseTFJbVJGWVZZRkd4TlFpWlhyTHNxa29PbU5lX1dOZXdMYmszSDJKam1HaWlCZjhWSmljb3N3emV1Ykc4WFNtMHJtSUZaTU0zaTcxcTVmeTdUSjIyVFVaS0dvSnFGamd0SEZjZEEwdnBNQWpheEc?oc=5,2026-09-19 13:30:13+00:00,2026-09-21 07:48:20.436109+00:00,The Hindu,cybercrime,"CID trains officers in cybercrime investigation, digital forensics - The Hindu <a href=""https://news.google.com/rss/articles/CBMi1gFBVV95cUxPTFVkblI3N1NHc182RHZhQVl1OEMySDdzM3VFbHNxRFN3RFRrTkppUnV6OXFrdUYxXzVyNHFKT1Y4YTJXb0hSMjRWOXZ4aUZrR0x2cnVXaWZLWlVEVlUzdkZZcERKQzRXalJJWGZIaXlab3dVUmZiTFB2V3ZfTVMtSzlFaHhHdkN4TjJXY3VyLVdSVDNscXJZajg1U1QteTVUOGNMZFM1ZWVQVFkzWHllSHVCdzg2VzZRZUFJQnVCbFBnNnM0QVF1YVgxQlh6RTItWWpQNF9n0gHcAUFVX3lxTE1GdktSX2tpTEU2QTMxWE0wLXR4czFraFFDTFZRWDRkZmh2ekxJdnVUSDdLTjl2Mmc3c01JcFh1WENTZU13OUQtV0oyQ2oyTk1KOXRza2pBMmZFVHVfWHhJak5iS18zUEtveUVod2RseTFJbVJGWVZZRkd4TlFpWlhyTHNxa29PbU5lX1dOZXdMYmszSDJKam1HaWlCZjhWSmljb3N3emV1Ykc4WFNtMHJtSUZaTU0zaTcxcTVmeTdUSjIyVFVaS0dvSnFGamd0SEZjZEEwdnBNQWpheEc?oc=5"" target=""_blank"">CID trains officers in cybercrime investigation, digital forensics</a>&nbsp;&nbsp;<font color=""#6f6f6f"">The Hindu</font>",Neutral,Community_Discussion,Dataset 2,OK,"Dataset 1, Dataset 2"
Short: Dial 1930: J&K Police’s new weapon against online fraud - Rising Kashmir,"<a href=""https://news.google.com/rss/articles/CBMiqAFBVV95cUxOSWFfVFRPMjRYaldjbUVTeURDWTZVMlRLM1pscmM3UXl3WG82WjJjWmVfeEJvem5qb1hKQjdwSVBDalRfQmNoUndnV2VRejVpdExBaE5FTDhvMkNCQVBlaW9QR1BmcWt4WTI0Ukkybi03OHpjcDFXWDZuZGZhYkdhVlJDdkQ5R29kQ1NyZlpCWGx4Qm1nZ2ZDdVJ5WkVtS3lYRkhXY2tvblbSAagBQVVfeXFMTklhX1RUTzI0WGpXY21FU3lEQ1k2VTJUSzNabHJjN1F5d1hvNloyY1plX3hCb3puam9YSkI3cElQQ2pUX0JjaFJ3Z1dlUXo1aXRMQWhORUw4bzJDQkFQZWlvUEdQZnFreFkyNFJJMm4tNzh6Y3AxV1g2bmRmYWJHYVZSQ3ZEOUdvZENTcmZaQlhseEJtZ2dmQ3VSeVpFbUt5WEZIV2Nrb25W?oc=5"" target=""_blank"">Short: Dial 1930: J&amp;K Police’s new weapon against online fraud</a>&nbsp;&nbsp;<font color=""#6f6f6f"">Rising Kashmir</font>",https://news.google.com/rss/articles/CBMiqAFBVV95cUxOSWFfVFRPMjRYaldjbUVTeURDWTZVMlRLM1pscmM3UXl3WG82WjJjWmVfeEJvem5qb1hKQjdwSVBDalRfQmNoUndnV2VRejVpdExBaE5FTDhvMkNCQVBlaW9QR1BmcWt4WTI0Ukkybi03OHpjcDFXWDZuZGZhYkdhVlJDdkQ5R29kQ1NyZlpCWGx4Qm1nZ2ZDdVJ5WkVtS3lYRkhXY2tvblbSAagBQVVfeXFMTklhX1RUTzI0WGpXY21FU3lEQ1k2VTJUSzNabHJjN1F5d1hvNloyY1plX3hCb3puam9YSkI3cElQQ2pUX0JjaFJ3Z1dlUXo1aXRMQWhORUw4bzJDQkFQZWlvUEdQZnFreFkyNFJJMm4tNzh6Y3AxV1g2bmRmYWJHYVZSQ3ZEOUdvZENTcmZaQlhseEJtZ2dmQ3VSeVpFbUt5WEZIV2Nrb25W?oc=5,2026-09-19 01:54:16+00:00,2026-09-21 07:48:20.436124+00:00,Rising Kashmir,cybercrime,"Short: Dial 1930: J&K Police’s new weapon against online fraud - Rising Kashmir <a href=""https://news.google.com/rss/articles/CBMiqAFBVV95cUxOSWFfVFRPMjRYaldjbUVTeURDWTZVMlRLM1pscmM3UXl3WG82WjJjWmVfeEJvem5qb1hKQjdwSVBDalRfQmNoUndnV2VRejVpdExBaE5FTDhvMkNCQVBlaW9QR1BmcWt4WTI0Ukkybi03OHpjcDFXWDZuZGZhYkdhVlJDdkQ5R29kQ1NyZlpCWGx4Qm1nZ2ZDdVJ5WkVtS3lYRkhXY2tvblbSAagBQVVfeXFMTklhX1RUTzI0WGpXY21FU3lEQ1k2VTJUSzNabHJjN1F5d1hvNloyY1plX3hCb3puam9YSkI3cElQQ2pUX0JjaFJ3Z1dlUXo1aXRMQWhORUw4bzJDQkFQZWlvUEdQZnFreFkyNFJJMm4tNzh6Y3AxV1g2bmRmYWJHYVZSQ3ZEOUdvZENTcmZaQlhseEJtZ2dmQ3VSeVpFbUt5WEZIV2Nrb25W?oc=5"" target=""_blank"">Short: Dial 1930: J&amp;K Police’s new weapon against online fraud</a>&nbsp;&nbsp;<font color=""#6f6f6f"">Rising Kashmir</font>",Neutral,Community_Discussion,Dataset 2,OK,"Dataset 1, Dataset 2"
Meta to share child safety information directly with Indian agencies - The Hindu,"<a href=""https://news.google.com/rss/articles/CBMi0gFBVV95cUxNdk4yNHdQejNRUlJtWXkyY285ZjMxbWJrWEJocWVEb1FrLV9VZDI3UEVuYkNCRDh4MVp5TTZ4d25BWFBRbDZUQVBLc3hmSDJaeXByVWNzSmtsWFZLZHBZMnRvU1I4ZUpfV2MzTHhNUndNVVRuT0VPc1hpLWlzNm9vWGl2cVJtVVlHU3RFT25odlB2dzdjOHY4MWNSbFJqVnVSSmpMQl8tcHZuUXNWcGxpSWl5dkpLSUl3VUFCVTRXSGViV200MVRJMDNZX3drVkg0MHfSAdgBQVVfeXFMTXFrMmZsSkhrRDhHT0lvUGR1LTlqSjFmc1RiXzAtc2tRbWlzRDM1SVY3eFdLZVMxR0NpR2t1dlBWMVg1cXpIQXhKSkhCNWFrcE01VnNvZ25KR1UzZDBqRlVJNW1RanNxNU5EWWJzckVMODR0X3BaenIydnlEQ2NDU0lpbkx1bjhVQ3Z0TTYzX3A1ekNCWjVIY0ZvSnhPSmFub1UwTjI1MlBOYjBxX000bGZXOVNrbEV0cnlKZDdLcGs5UktiZENoLV8xTHJvWTBWMkh5NUJadmpr?oc=5"" target=""_blank"">Meta to share child safety information directly with Indian agencies</a>&nbsp;&nbsp;<font color=""#6f6f6f"">The Hindu</font>",https://news.google.com/rss/articles/CBMi0gFBVV95cUxNdk4yNHdQejNRUlJtWXkyY285ZjMxbWJrWEJocWVEb1FrLV9VZDI3UEVuYkNCRDh4MVp5TTZ4d25BWFBRbDZUQVBLc3hmSDJaeXByVWNzSmtsWFZLZHBZMnRvU1I4ZUpfV2MzTHhNUndNVVRuT0VPc1hpLWlzNm9vWGl2cVJtVVlHU3RFT25odlB2dzdjOHY4MWNSbFJqVnVSSmpMQl8tcHZuUXNWcGxpSWl5dkpLSUl3VUFCVTRXSGViV200MVRJMDNZX3drVkg0MHfSAdgBQVVfeXFMTXFrMmZsSkhrRDhHT0lvUGR1LTlqSjFmc1RiXzAtc2tRbWlzRDM1SVY3eFdLZVMxR0NpR2t1dlBWMVg1cXpIQXhKSkhCNWFrcE01VnNvZ25KR1UzZDBqRlVJNW1RanNxNU5EWWJzckVMODR0X3BaenIydnlEQ2NDU0lpbkx1bjhVQ3Z0TTYzX3A1ekNCWjVIY0ZvSnhPSmFub1UwTjI1MlBOYjBxX000bGZXOVNrbEV0cnlKZDdLcGs5UktiZENoLV8xTHJvWTBWMkh5NUJadmpr?oc=5,2026-09-15 06:54:14+00:00,2026-09-21 07:48:20.436138+00:00,The Hindu,cybercrime,"Meta to share child safety information directly with Indian agencies - The Hindu <a href=""https://news.google.com/rss/articles/CBMi0gFBVV95cUxNdk4yNHdQejNRUlJtWXkyY285ZjMxbWJrWEJocWVEb1FrLV9VZDI3UEVuYkNCRDh4MVp5TTZ4d25BWFBRbDZUQVBLc3hmSDJaeXByVWNzSmtsWFZLZHBZMnRvU1I4ZUpfV2MzTHhNUndNVVRuT0VPc1hpLWlzNm9vWGl2cVJtVVlHU3RFT25odlB2dzdjOHY4MWNSbFJqVnVSSmpMQl8tcHZuUXNWcGxpSWl5dkpLSUl3VUFCVTRXSGViV200MVRJMDNZX3drVkg0MHfSAdgBQVVfeXFMTXFrMmZsSkhrRDhHT0lvUGR1LTlqSjFmc1RiXzAtc2tRbWlzRDM1SVY3eFdLZVMxR0NpR2t1dlBWMVg1cXpIQXhKSkhCNWFrcE01VnNvZ25KR1UzZDBqRlVJNW1RanNxNU5EWWJzckVMODR0X3BaenIydnlEQ2NDU0lpbkx1bjhVQ3Z0TTYzX3A1ekNCWjVIY0ZvSnhPSmFub1UwTjI1MlBOYjBxX000bGZXOVNrbEV0cnlKZDdLcGs5UktiZENoLV8xTHJvWTBWMkh5NUJadmpr?oc=5"" target=""_blank"">Meta to share child safety information directly with Indian agencies</a>&nbsp;&nbsp;<font color=""#6f6f6f"">The Hindu</font>",Neutral,Community_Discussion,Dataset 2,OK,"Dataset 1, Dataset 2"
Cybersecurity 2026: The Year AI Became The Battlefield And What Comes Next - Cybercrime Magazine,"<a href=""https://news.google.com/rss/articles/CBMirAFBVV95cUxNb2ZYc1gxaXZwLVNrdkJNTzBtU1djaktMUG8tZXBNZ0JpN2U3cmFvd1QyUXpxWldnM3ViVUJtNWtjamQtZGlxTUp1blZwQnhQVmRuSDBCYW1adDl3aklpQUhpN1pGaFI2X3pFa0VLMUQzYngwR242Rzg3TzJodVNNTUhQNHNxeF9Rak56ZnFDdnZ5SURPc1lnRTFIaUdNMVJ1Qml6OFVYcXlnUnAz?oc=5"" target=""_blank"">Cybersecurity 2026: The Year AI Became The Battlefield And What Comes Next</a>&nbsp;&nbsp;<font color=""#6f6f6f"">Cybercrime Magazine</font>",https://news.google.com/rss/articles/CBMirAFBVV95cUxNb2ZYc1gxaXZwLVNrdkJNTzBtU1djaktMUG8tZXBNZ0JpN2U3cmFvd1QyUXpxWldnM3ViVUJtNWtjamQtZGlxTUp1blZwQnhQVmRuSDBCYW1adDl3aklpQUhpN1pGaFI2X3pFa0VLMUQzYngwR242Rzg3TzJodVNNTUhQNHNxeF9Rak56ZnFDdnZ5SURPc1lnRTFIaUdNMVJ1Qml6OFVYcXlnUnAz?oc=5,2026-09-18 12:45:39+00:00,2026-09-21 07:48:20.436152+00:00,Cybercrime Magazine,cybercrime,"Cybersecurity 2026: The Year AI Became The Battlefield And What Comes Next - Cybercrime Magazine <a href=""https://news.google.com/rss/articles/CBMirAFBVV95cUxNb2ZYc1gxaXZwLVNrdkJNTzBtU1djaktMUG8tZXBNZ0JpN2U3cmFvd1QyUXpxWldnM3ViVUJtNWtjamQtZGlxTUp1blZwQnhQVmRuSDBCYW1adDl3aklpQUhpN1pGaFI2X3pFa0VLMUQzYngwR242Rzg3TzJodVNNTUhQNHNxeF9Rak56ZnFDdnZ5SURPc1lnRTFIaUdNMVJ1Qml6OFVYcXlnUnAz?oc=5"" target=""_blank"">Cybersecurity 2026: The Year AI Became The Battlefield And What Comes Next</a>&nbsp;&nbsp;<font color=""#6f6f6f"">Cybercrime Magazine</font>",Neutral,Community_Discussion,Dataset 2,OK,"Dataset 1, Dataset 2"
AI Helps Hackers Open a New Front in Crypto’s Cybercrime Wave - finance.yahoo.com,"<a href=""https://news.google.com/rss/articles/CBMilwFBVV95cUxON3lLbl9YNlNVbkE4cWdTVE01dFF0NFZpSlRNcVlxM0hRR092UE1zUFN6dDdfMHloSW1oLVZjeDZFQ3JMU29JUnBkWGwtZGhXTi16THdGbEtSMy0wUWhSTkdMQmlqYTNQQ0JLRmZONnJtM0ZrWmhnd3c5XzdvLVgxdnRsd25aQmFRSEpkSXFrS0l6V1VOczk4?oc=5"" target=""_blank"">AI Helps Hackers Open a New Front in Crypto’s Cybercrime Wave</a>&nbsp;&nbsp;<font color=""#6f6f6f"">finance.yahoo.com</font>",https://news.google.com/rss/articles/CBMilwFBVV95cUxON3lLbl9YNlNVbkE4cWdTVE01dFF0NFZpSlRNcVlxM0hRR092UE1zUFN6dDdfMHloSW1oLVZjeDZFQ3JMU29JUnBkWGwtZGhXTi16THdGbEtSMy0wUWhSTkdMQmlqYTNQQ0JLRmZONnJtM0ZrWmhnd3c5XzdvLVgxdnRsd25aQmFRSEpkSXFrS0l6V1VOczk4?oc=5,2026-09-17 12:00:00+00:00,2026-09-21 07:48:20.436165+00:00,finance.yahoo.com,cybercrime,"AI Helps Hackers Open a New Front in Crypto’s Cybercrime Wave - finance.yahoo.com <a href=""https://news.google.com/rss/articles/CBMilwFBVV95cUxON3lLbl9YNlNVbkE4cWdTVE01dFF0NFZpSlRNcVlxM0hRR092UE1zUFN6dDdfMHloSW1oLVZjeDZFQ3JMU29JUnBkWGwtZGhXTi16THdGbEtSMy0wUWhSTkdMQmlqYTNQQ0JLRmZONnJtM0ZrWmhnd3c5XzdvLVgxdnRsd25aQmFRSEpkSXFrS0l6V1VOczk4?oc=5"" target=""_blank"">AI Helps Hackers Open a New Front in Crypto’s Cybercrime Wave</a>&nbsp;&nbsp;<font color=""#6f6f6f"">finance.yahoo.com</font>",Neutral,Community_Discussion,Dataset 2,OK,"Dataset 1, Dataset 2"
"Andhra cybercrime police arrest man for helping fake political profiles scam ex-serviceman of Rs 80,000 - The New Indian Express","<a href=""https://news.google.com/rss/articles/CBMi_gFBVV95cUxNakQybks5Ui01VEhvX2xFUW1QMzhWUGtOV2VndFQ1N1M1V1lQRUt6Wl9vcE0zYjVuLThpbFpUY2lpc2FpeS1vVGpxWGZsSkJ4TmdNNVZDUm0wUFdlQmdud2RXZGFVdm0xRkMyN0RvYi02NW1XajVIbWdoRFZKbVBkdVNWWkV3WjVMM3VFTmhRMzV3UEtpYXo0Mjlfd243X2FXN296VnNuNXZBcVpOZTFJNVk5MGVXbkNubm5yeHY3ajZNZEhmVk1tenRoNmNoS0lNbXk3QkVHTlV1TmRRLTFpN2JXWXJqN2w4VnlfVXU0cXl5UTdLRV9qMmR5dEVxQdIBiwJBVV95cUxNdTRMdDVhVkFGbzktWmxRYXFsazlhRU5XODJkYUVMU3FraHNub3ZyZ1VwUjNKZW1kcmFDUTZtSWVHZTRRRmtwcEFmcXVXaktlelJMUVYwVmxfRlZGVk02NU1IM2pIT3Rva21PckZvN2syS0Jldk81R1BHUlNKdVZVR0pNbzYzZGNIdzVmNFJpY1FkbHFSaWhsd1RSTE9ubm5uNk1TSDhFYnRrSE5fMHJKSWs3TWxUaFc1aEdmMFhxQjRJTTFyZFduamotSWJ5MlR5dmNWY2VHU0ZmTmVreVRiNXRVUnFGeHBwcTRWekV2LVVIOFZaSk5lNzkza2g1YVhkQU1kUTd2eG81bVE?oc=5"" target=""_blank"">Andhra cybercrime police arrest man for helping fake political profiles scam ex-serviceman of Rs 80,000</a>&nbsp;&nbsp;<font color=""#6f6f6f"">The New Indian Express</font>",https://news.google.com/rss/articles/CBMi_gFBVV95cUxNakQybks5Ui01VEhvX2xFUW1QMzhWUGtOV2VndFQ1N1M1V1lQRUt6Wl9vcE0zYjVuLThpbFpUY2lpc2FpeS1vVGpxWGZsSkJ4TmdNNVZDUm0wUFdlQmdud2RXZGFVdm0xRkMyN0RvYi02NW1XajVIbWdoRFZKbVBkdVNWWkV3WjVMM3VFTmhRMzV3UEtpYXo0Mjlfd243X2FXN296VnNuNXZBcVpOZTFJNVk5MGVXbkNubm5yeHY3ajZNZEhmVk1tenRoNmNoS0lNbXk3QkVHTlV1TmRRLTFpN2JXWXJqN2w4VnlfVXU0cXl5UTdLRV9qMmR5dEVxQdIBiwJBVV95cUxNdTRMdDVhVkFGbzktWmxRYXFsazlhRU5XODJkYUVMU3FraHNub3ZyZ1VwUjNKZW1kcmFDUTZtSWVHZTRRRmtwcEFmcXVXaktlelJMUVYwVmxfRlZGVk02NU1IM2pIT3Rva21PckZvN2syS0Jldk81R1BHUlNKdVZVR0pNbzYzZGNIdzVmNFJpY1FkbHFSaWhsd1RSTE9ubm5uNk1TSDhFYnRrSE5fMHJKSWs3TWxUaFc1aEdmMFhxQjRJTTFyZFduamotSWJ5MlR5dmNWY2VHU0ZmTmVreVRiNXRVUnFGeHBwcTRWekV2LVVIOFZaSk5lNzkza2g1YVhkQU1kUTd2eG81bVE?oc=5,2026-09-16 05:37:50+00:00,2026-09-21 07:48:20.436179+00:00,The New Indian Express,cybercrime,"Andhra cybercrime police arrest man for helping fake political profiles scam ex-serviceman of Rs 80,000 - The New Indian Express <a href=""https://news.google.com/rss/articles/CBMi_gFBVV95cUxNakQybks5Ui01VEhvX2xFUW1QMzhWUGtOV2VndFQ1N1M1V1lQRUt6Wl9vcE0zYjVuLThpbFpUY2lpc2FpeS1vVGpxWGZsSkJ4TmdNNVZDUm0wUFdlQmdud2RXZGFVdm0xRkMyN0RvYi02NW1XajVIbWdoRFZKbVBkdVNWWkV3WjVMM3VFTmhRMzV3UEtpYXo0Mjlfd243X2FXN296VnNuNXZBcVpOZTFJNVk5MGVXbkNubm5yeHY3ajZNZEhmVk1tenRoNmNoS0lNbXk3QkVHTlV1TmRRLTFpN2JXWXJqN2w4VnlfVXU0cXl5UTdLRV9qMmR5dEVxQdIBiwJBVV95cUxNdTRMdDVhVkFGbzktWmxRYXFsazlhRU5XODJkYUVMU3FraHNub3ZyZ1VwUjNKZW1kcmFDUTZtSWVHZTRRRmtwcEFmcXVXaktlelJMUVYwVmxfRlZGVk02NU1IM2pIT3Rva21PckZvN2syS0Jldk81R1BHUlNKdVZVR0pNbzYzZGNIdzVmNFJpY1FkbHFSaWhsd1RSTE9ubm5uNk1TSDhFYnRrSE5fMHJKSWs3TWxUaFc1aEdmMFhxQjRJTTFyZFduamotSWJ5MlR5dmNWY2VHU0ZmTmVreVRiNXRVUnFGeHBwcTRWekV2LVVIOFZaSk5lNzkza2g1YVhkQU1kUTd2eG81bVE?oc=5"" target=""_blank"">Andhra cybercrime police arrest man for helping fake political profiles scam ex-serviceman of Rs 80,000</a>&nbsp;&nbsp;<font color=""#6f6f6f"">The New Indian Express</font>",Neutral,Community_Discussion,Dataset 2,OK,"Dataset 1, Dataset 2"
Meta to report child safety cases directly to India’s cybercrime portal - The Hindu,"<a href=""https://news.google.com/rss/articles/CBMivwFBVV95cUxQTURnTkZGc18yXzF0Tm51V0hDTkxSbE1OYW1aUC1HRmluMEh2ekZMcENGcXlGM052QW9LZW9CWjFxX0JsUGRRaktlX0wwU1BmbW03WHNiaTZnbVN6SGtOQVJCVTVmMmgza3dKbzEtUEx1YUhGYmNQMDVrVDBHamJYSHNueE43RzVTWGJnX0lQNVEzNG1QdVhrMjY2TlI3UDFfUXVxRmhBWUtVcmlUSE9RYUpEYVVxVHRRVVBmY1Nxb9IBxgFBVV95cUxOUnFNS2pDV3FnRDlwRDhjVlhvMUF5a3p4MkdXdGRuUzhpM2YtMGlDZHpGQUN1dE4xZHplaEd5MWVfdzh6OTdoT1hZd1V5a0trTkFad3dyZHlTQmRvdnlWbGtmcnNUcW1XazZycklBQUhXRlctWHRzcGs2UzIwb245SXZkTDNpLWVxTmN5enhpbHJyNnUtWEFwS2VxNmxNRElSWjhBVmN1NzdwaDMzNjNTNnVqbzZqT2hsUElmakdwNDlHaTNvX0E?oc=5"" target=""_blank"">Meta to report child safety cases directly to India’s cybercrime portal</a>&nbsp;&nbsp;<font color=""#6f6f6f"">The Hindu</font>",https://news.google.com/rss/articles/CBMivwFBVV95cUxQTURnTkZGc18yXzF0Tm51V0hDTkxSbE1OYW1aUC1HRmluMEh2ekZMcENGcXlGM052QW9LZW9CWjFxX0JsUGRRaktlX0wwU1BmbW03WHNiaTZnbVN6SGtOQVJCVTVmMmgza3dKbzEtUEx1YUhGYmNQMDVrVDBHamJYSHNueE43RzVTWGJnX0lQNVEzNG1QdVhrMjY2TlI3UDFfUXVxRmhBWUtVcmlUSE9RYUpEYVVxVHRRVVBmY1Nxb9IBxgFBVV95cUxOUnFNS2pDV3FnRDlwRDhjVlhvMUF5a3p4MkdXdGRuUzhpM2YtMGlDZHpGQUN1dE4xZHplaEd5MWVfdzh6OTdoT1hZd1V5a0trTkFad3dyZHlTQmRvdnlWbGtmcnNUcW1XazZycklBQUhXRlctWHRzcGs2UzIwb245SXZkTDNpLWVxTmN5enhpbHJyNnUtWEFwS2VxNmxNRElSWjhBVmN1NzdwaDMzNjNTNnVqbzZqT2hsUElmakdwNDlHaTNvX0E?oc=5,2026-09-15 12:11:46+00:00,2026-09-21 07:48:20.436194+00:00,The Hindu,cybercrime,"Meta to report child safety cases directly to India’s cybercrime portal - The Hindu <a href=""https://news.google.com/rss/articles/CBMivwFBVV95cUxQTURnTkZGc18yXzF0Tm51V0hDTkxSbE1OYW1aUC1HRmluMEh2ekZMcENGcXlGM052QW9LZW9CWjFxX0JsUGRRaktlX0wwU1BmbW03WHNiaTZnbVN6SGtOQVJCVTVmMmgza3dKbzEtUEx1YUhGYmNQMDVrVDBHamJYSHNueE43RzVTWGJnX0lQNVEzNG1QdVhrMjY2TlI3UDFfUXVxRmhBWUtVcmlUSE9RYUpEYVVxVHRRVVBmY1Nxb9IBxgFBVV95cUxOUnFNS2pDV3FnRDlwRDhjVlhvMUF5a3p4MkdXdGRuUzhpM2YtMGlDZHpGQUN1dE4xZHplaEd5MWVfdzh6OTdoT1hZd1V5a0trTkFad3dyZHlTQmRvdnlWbGtmcnNUcW1XazZycklBQUhXRlctWHRzcGs2UzIwb245SXZkTDNpLWVxTmN5enhpbHJyNnUtWEFwS2VxNmxNRElSWjhBVmN1NzdwaDMzNjNTNnVqbzZqT2hsUElmakdwNDlHaTNvX0E?oc=5"" target=""_blank"">Meta to report child safety cases directly to India’s cybercrime portal</a>&nbsp;&nbsp;<font color=""#6f6f6f"">The Hindu</font>",Neutral,Community_Discussion,Dataset 2,OK,"Dataset 1, Dataset 2"
Cybercrime Statistics Worldwide: The 2026 Global Picture - Cybercrime Magazine,"<a href=""https://news.google.com/rss/articles/CBMilAFBVV95cUxPdkJBaGxMX2VzZ3A3eFhyQ3RHQ1ZLWm16T3ZmcXFTMkpoQVZwV1ZjUF9vNDRTREFsRDFsT2o5blBNZUFzUjAzekFIZ1lWWU1CU2lldU5EXzhJYUU5UGZ1OWJQRkxBZV9nQ0Jncy1ZQ0l6TjBHVVUtOGdEZ3dJOVpFU1JQbnNFRDFVZ0o1T1hVcDRiVXhT?oc=5"" target=""_blank"">Cybercrime Statistics Worldwide: The 2026 Global Picture</a>&nbsp;&nbsp;<font color=""#6f6f6f"">Cybercrime Magazine</font>",https://news.google.com/rss/articles/CBMilAFBVV95cUxPdkJBaGxMX2VzZ3A3eFhyQ3RHQ1ZLWm16T3ZmcXFTMkpoQVZwV1ZjUF9vNDRTREFsRDFsT2o5blBNZUFzUjAzekFIZ1lWWU1CU2lldU5EXzhJYUU5UGZ1OWJQRkxBZV9nQ0Jncy1ZQ0l6TjBHVVUtOGdEZ3dJOVpFU1JQbnNFRDFVZ0o1T1hVcDRiVXhT?oc=5,2026-08-28 07:00:00+00:00,2026-09-21 07:48:20.436208+00:00,Cybercrime Magazine,cybercrime,"Cybercrime Statistics Worldwide: The 2026 Global Picture - Cybercrime Magazine <a href=""https://news.google.com/rss/articles/CBMilAFBVV95cUxPdkJBaGxMX2VzZ3A3eFhyQ3RHQ1ZLWm16T3ZmcXFTMkpoQVZwV1ZjUF9vNDRTREFsRDFsT2o5blBNZUFzUjAzekFIZ1lWWU1CU2lldU5EXzhJYUU5UGZ1OWJQRkxBZV9nQ0Jncy1ZQ0l6TjBHVVUtOGdEZ3dJOVpFU1JQbnNFRDFVZ0o1T1hVcDRiVXhT?oc=5"" target=""_blank"">Cybercrime Statistics Worldwide: The 2026 Global Picture</a>&nbsp;&nbsp;<font color=""#6f6f6f"">Cybercrime Magazine</font>",Neutral,Community_Discussion,Dataset 2,OK,"Dataset 1, Dataset 2"
Spotlight Cybercrime Impact - Interpol,"<a href=""https://news.google.com/rss/articles/CBMirwFBVV95cUxOTGR4VDlRZUsxbDk1akNMTWpWYXhsU05GRzBMUFEwVVdnUFZvNExMdDg2NEhQclA5c2NpWjN1T0tLSS1RVXhpOEpqM3J5bHo0MWJLUU5sa2U5X05XMXVxMGFoRlJwazBjd3JCWlVtaVJfQjU4WDFNS0NIMkNpdFZRczdkalJNUnN6QzlWampjTDEwalhETHF2eXVoY2tSQXZObzFfRlNSeGxhSnpxaG13?oc=5"" target=""_blank"">Spotlight Cybercrime Impact</a>&nbsp;&nbsp;<font color=""#6f6f6f"">Interpol</font>",https://news.google.com/rss/articles/CBMirwFBVV95cUxOTGR4VDlRZUsxbDk1akNMTWpWYXhsU05GRzBMUFEwVVdnUFZvNExMdDg2NEhQclA5c2NpWjN1T0tLSS1RVXhpOEpqM3J5bHo0MWJLUU5sa2U5X05XMXVxMGFoRlJwazBjd3JCWlVtaVJfQjU4WDFNS0NIMkNpdFZRczdkalJNUnN6QzlWampjTDEwalhETHF2eXVoY2tSQXZObzFfRlNSeGxhSnpxaG13?oc=5,1970-01-01 00:00:00+00:00,2026-09-21 07:48:20.436222+00:00,Interpol,cybercrime,"Spotlight Cybercrime Impact - Interpol <a href=""https://news.google.com/rss/articles/CBMirwFBVV95cUxOTGR4VDlRZUsxbDk1akNMTWpWYXhsU05GRzBMUFEwVVdnUFZvNExMdDg2NEhQclA5c2NpWjN1T0tLSS1RVXhpOEpqM3J5bHo0MWJLUU5sa2U5X05XMXVxMGFoRlJwazBjd3JCWlVtaVJfQjU4WDFNS0NIMkNpdFZRczdkalJNUnN6QzlWampjTDEwalhETHF2eXVoY2tSQXZObzFfRlNSeGxhSnpxaG13?oc=5"" target=""_blank"">Spotlight Cybercrime Impact</a>&nbsp;&nbsp;<font color=""#6f6f6f"">Interpol</font>",Neutral,Community_Discussion,Dataset 2,Suspicious 1970 date,"Dataset 1, Dataset 2"
JK4C to focus on victim-centric response to cybercrime: SSP - dailyexcelsior.com,"<a href=""https://news.google.com/rss/articles/CBMilAFBVV95cUxOSUhiUlRYVmdNWDlid2JxeUNBU1h4NVBsUGNYTmxDVUtJeWg3OEc4V2pjQlMxNmtzQ24ySEtDbXRHRTFsNzg1eG9VcXJCbi16ZHBGQS1jNWQwZUNUOUhWajBTcGV6SGNNanE5X0pwbE11UktkNFhDeWZpSTI4ektHMHRuUlh5UFRKbEtJTnE2NW15UUFJ0gGYAUFVX3lxTFBkbEE2Y1hQYTdrajZ4Nnphcm9kWS1fMU02bGpHVWduU1JsZjFobHhpcm5idW00TjNtWk9Id0Z2cHdoNmd5MjRJMGtTQWU0cXhaQ1E1b1hSWEw5VFhRZ2dNSGpaLXNzUmxDZW9qdFdfLWljTFBZMWlNVmNPMUdTa2wtM215YzRURFA2SS1RQ2UyZklQX2VNN0NT?oc=5"" target=""_blank"">JK4C to focus on victim-centric response to cybercrime: SSP</a>&nbsp;&nbsp;<font color=""#6f6f6f"">dailyexcelsior.com</font>",https://news.google.com/rss/articles/CBMilAFBVV95cUxOSUhiUlRYVmdNWDlid2JxeUNBU1h4NVBsUGNYTmxDVUtJeWg3OEc4V2pjQlMxNmtzQ24ySEtDbXRHRTFsNzg1eG9VcXJCbi16ZHBGQS1jNWQwZUNUOUhWajBTcGV6SGNNanE5X0pwbE11UktkNFhDeWZpSTI4ektHMHRuUlh5UFRKbEtJTnE2NW15UUFJ0gGYAUFVX3lxTFBkbEE2Y1hQYTdrajZ4Nnphcm9kWS1fMU02bGpHVWduU1JsZjFobHhpcm5idW00TjNtWk9Id0Z2cHdoNmd5MjRJMGtTQWU0cXhaQ1E1b1hSWEw5VFhRZ2dNSGpaLXNzUmxDZW9qdFdfLWljTFBZMWlNVmNPMUdTa2wtM215YzRURFA2SS1RQ2UyZklQX2VNN0NT?oc=5,2026-09-18 22:40:45+00:00,2026-09-21 07:48:20.436241+00:00,dailyexcelsior.com,cybercrime,"JK4C to focus on victim-centric response to cybercrime: SSP - dailyexcelsior.com <a href=""https://news.google.com/rss/articles/CBMilAFBVV95cUxOSUhiUlRYVmdNWDlid2JxeUNBU1h4NVBsUGNYTmxDVUtJeWg3OEc4V2pjQlMxNmtzQ24ySEtDbXRHRTFsNzg1eG9VcXJCbi16ZHBGQS1jNWQwZUNUOUhWajBTcGV6SGNNanE5X0pwbE11UktkNFhDeWZpSTI4ektHMHRuUlh5UFRKbEtJTnE2NW15UUFJ0gGYAUFVX3lxTFBkbEE2Y1hQYTdrajZ4Nnphcm9kWS1fMU02bGpHVWduU1JsZjFobHhpcm5idW00TjNtWk9Id0Z2cHdoNmd5MjRJMGtTQWU0cXhaQ1E1b1hSWEw5VFhRZ2dNSGpaLXNzUmxDZW9qdFdfLWljTFBZMWlNVmNPMUdTa2wtM215YzRURFA2SS1RQ2UyZklQX2VNN0NT?oc=5"" target=""_blank"">JK4C to focus on victim-centric response to cybercrime: SSP</a>&nbsp;&nbsp;<font color=""#6f6f6f"">dailyexcelsior.com</font>",Neutral,Community_Discussion,Dataset 2,OK,"Dataset 1, Dataset 2"
"Transfer cybercrime cases to dedicated stations in Karnataka, orders DG & IGP Saleem - Deccan Herald","<a href=""https://news.google.com/rss/articles/CBMizwFBVV95cUxQNVpjclRONmlyanMxdWF3ajJRUl9udmtRUFJScC1PaWJkSExHdVZMNG9TT0RWYzRvMjZzZDdOeE9KTktxX1RXZWdJdEFXSFQ1NXRPZHE2cm9GQm5yVWFGY0xIUndSYnRYcnkyeVA0Zno1UndCekZaWHFlQ2M4SEg0eXhfb2R3R1k1NEQ2Z0RNeFo0bk9ZU2ZrZ3p6bFFqa1V6Z01CeUxxSjZGeC1XVG1SWU1WZnIyUkhMeXJKZmVzM0dRRHQxcWNNNzRKSDJMenM?oc=5"" target=""_blank"">Transfer cybercrime cases to dedicated stations in Karnataka, orders DG & IGP Saleem</a>&nbsp;&nbsp;<font color=""#6f6f6f"">Deccan Herald</font>",https://news.google.com/rss/articles/CBMizwFBVV95cUxQNVpjclRONmlyanMxdWF3ajJRUl9udmtRUFJScC1PaWJkSExHdVZMNG9TT0RWYzRvMjZzZDdOeE9KTktxX1RXZWdJdEFXSFQ1NXRPZHE2cm9GQm5yVWFGY0xIUndSYnRYcnkyeVA0Zno1UndCekZaWHFlQ2M4SEg0eXhfb2R3R1k1NEQ2Z0RNeFo0bk9ZU2ZrZ3p6bFFqa1V6Z01CeUxxSjZGeC1XVG1SWU1WZnIyUkhMeXJKZmVzM0dRRHQxcWNNNzRKSDJMenM?oc=5,2026-09-16 21:17:42+00:00,2026-09-21 07:48:20.436256+00:00,Deccan Herald,cybercrime,"Transfer cybercrime cases to dedicated stations in Karnataka, orders DG & IGP Saleem - Deccan Herald <a href=""https://news.google.com/rss/articles/CBMizwFBVV95cUxQNVpjclRONmlyanMxdWF3ajJRUl9udmtRUFJScC1PaWJkSExHdVZMNG9TT0RWYzRvMjZzZDdOeE9KTktxX1RXZWdJdEFXSFQ1NXRPZHE2cm9GQm5yVWFGY0xIUndSYnRYcnkyeVA0Zno1UndCekZaWHFlQ2M4SEg0eXhfb2R3R1k1NEQ2Z0RNeFo0bk9ZU2ZrZ3p6bFFqa1V6Z01CeUxxSjZGeC1XVG1SWU1WZnIyUkhMeXJKZmVzM0dRRHQxcWNNNzRKSDJMenM?oc=5"" target=""_blank"">Transfer cybercrime cases to dedicated stations in Karnataka, orders DG & IGP Saleem</a>&nbsp;&nbsp;<font color=""#6f6f6f"">Deccan Herald</font>",Neutral,Community_Discussion,Dataset 2,OK,"Dataset 1, Dataset 2"
GLACY-e and CyberSPEX: 11th INTERPOL Americas Working Group on cybercrime strengthens regional and operational co-operation - coe.int,"<a href=""https://news.google.com/rss/articles/CBMi9AFBVV95cUxPWXk3eEZxb0xFMlFVLXlSY2dYYVRkRVdDTXpXTUwyOHNidzB5Z3pZSi1KNko0MFVTdmVHOTUyQ3pJLUpFLTBZMHBxZjVlelRhbVhNTjcyQ09Bdk5YaTgxMkVRWHo1el9EX0FsMkVYdG9QRVc0djJTcHBzWDZlODZmXzVVQjZkSDVMQXhPSzV2UHlQTTlTelFXbnNNSnBuc0hSY0RaU0JhVlZUT2hSWjRNbzE4c3FINEVKN3NNQ0pPTGxxOUFBc2UxNVpNWEFvU0ZqbzBOdXBYa2pES2xFWGZ3TGhWN3RsT3VlcTc1QXNLb2V4YzZE?oc=5"" target=""_blank"">GLACY-e and CyberSPEX: 11th INTERPOL Americas Working Group on cybercrime strengthens regional and operational co-operation</a>&nbsp;&nbsp;<font color=""#6f6f6f"">coe.int</font>",https://news.google.com/rss/articles/CBMi9AFBVV95cUxPWXk3eEZxb0xFMlFVLXlSY2dYYVRkRVdDTXpXTUwyOHNidzB5Z3pZSi1KNko0MFVTdmVHOTUyQ3pJLUpFLTBZMHBxZjVlelRhbVhNTjcyQ09Bdk5YaTgxMkVRWHo1el9EX0FsMkVYdG9QRVc0djJTcHBzWDZlODZmXzVVQjZkSDVMQXhPSzV2UHlQTTlTelFXbnNNSnBuc0hSY0RaU0JhVlZUT2hSWjRNbzE4c3FINEVKN3NNQ0pPTGxxOUFBc2UxNVpNWEFvU0ZqbzBOdXBYa2pES2xFWGZ3TGhWN3RsT3VlcTc1QXNLb2V4YzZE?oc=5,2026-09-04 07:00:00+00:00,2026-09-21 07:48:20.436271+00:00,coe.int,cybercrime,"GLACY-e and CyberSPEX: 11th INTERPOL Americas Working Group on cybercrime strengthens regional and operational co-operation - coe.int <a href=""https://news.google.com/rss/articles/CBMi9AFBVV95cUxPWXk3eEZxb0xFMlFVLXlSY2dYYVRkRVdDTXpXTUwyOHNidzB5Z3pZSi1KNko0MFVTdmVHOTUyQ3pJLUpFLTBZMHBxZjVlelRhbVhNTjcyQ09Bdk5YaTgxMkVRWHo1el9EX0FsMkVYdG9QRVc0djJTcHBzWDZlODZmXzVVQjZkSDVMQXhPSzV2UHlQTTlTelFXbnNNSnBuc0hSY0RaU0JhVlZUT2hSWjRNbzE4c3FINEVKN3NNQ0pPTGxxOUFBc2UxNVpNWEFvU0ZqbzBOdXBYa2pES2xFWGZ3TGhWN3RsT3VlcTc1QXNLb2V4YzZE?oc=5"" target=""_blank"">GLACY-e and CyberSPEX: 11th INTERPOL Americas Working Group on cybercrime strengthens regional and operational co-operation</a>&nbsp;&nbsp;<font color=""#6f6f6f"">coe.int</font>",Neutral,Community_Discussion,Dataset 2,OK,Dataset 2
Lahore HC dismisses Rizwan's petition against Pakistan cybercrime agency's probe - Telegraph India,"<a href=""https://news.google.com/rss/articles/CBMi0gFBVV95cUxNM0ZwbW0tZ2RNT0ExNGFqcE8yc2p6Q2wwYjlfQ1Z2UzRRWlVtU21QdzBZR1l2cURIWm44OGI4cW94elRWN25QVk1OdVc3VDNJMUw1Y3ZqYjA4dTViMjhDRzRnMVphdEUyQ29MTWEwejhyNGg4YWlzV0JCS3BycjUyVVowVmlrT2ZicHpoX1ZGVmJCSGltNlRKc1NlYW1tRU1TaUU2NmE2TzlvZWd0a0lMNXJXM0g1cHk5dGVhOVhKbmlUcFV2V055XzUzS2o5bEhXS2fSAdcBQVVfeXFMTXZaQTBwTmtpLUhROFlkOWRneFpGVDVJRnYzR2xqVFNRQXhxN1VNUkVFQkxoVXNEOU9LQVhYcGlRUkxmYnhCY2JWVWxIXzhQM3pvU1o3VnMyN2oyRm9XcjlPc2d6R0JaNDJjMWs5VllSTk5rOGtQSXRNVXdzR01BcmExUnN5RGQyc2h4d2RHcUQ0TkdiN3lDeGR1M3hhV0JUN0JKUVRFWlV3Sk1BUEtHRmJxU3ZESDQ1RHN1dkd3TlhMZ25hdUg2X1dVMG0ybUlUS0hLeFR6eDQ?oc=5"" target=""_blank"">Lahore HC dismisses Rizwan's petition against Pakistan cybercrime agency's probe</a>&nbsp;&nbsp;<font color=""#6f6f6f"">Telegraph India</font>",https://news.google.com/rss/articles/CBMi0gFBVV95cUxNM0ZwbW0tZ2RNT0ExNGFqcE8yc2p6Q2wwYjlfQ1Z2UzRRWlVtU21QdzBZR1l2cURIWm44OGI4cW94elRWN25QVk1OdVc3VDNJMUw1Y3ZqYjA4dTViMjhDRzRnMVphdEUyQ29MTWEwejhyNGg4YWlzV0JCS3BycjUyVVowVmlrT2ZicHpoX1ZGVmJCSGltNlRKc1NlYW1tRU1TaUU2NmE2TzlvZWd0a0lMNXJXM0g1cHk5dGVhOVhKbmlUcFV2V055XzUzS2o5bEhXS2fSAdcBQVVfeXFMTXZaQTBwTmtpLUhROFlkOWRneFpGVDVJRnYzR2xqVFNRQXhxN1VNUkVFQkxoVXNEOU9LQVhYcGlRUkxmYnhCY2JWVWxIXzhQM3pvU1o3VnMyN2oyRm9XcjlPc2d6R0JaNDJjMWs5VllSTk5rOGtQSXRNVXdzR01BcmExUnN5RGQyc2h4d2RHcUQ0TkdiN3lDeGR1M3hhV0JUN0JKUVRFWlV3Sk1BUEtHRmJxU3ZESDQ1RHN1dkd3TlhMZ25hdUg2X1dVMG0ybUlUS0hLeFR6eDQ?oc=5,2026-09-18 03:14:22+00:00,2026-09-21 07:48:20.436284+00:00,Telegraph India,cybercrime,"Lahore HC dismisses Rizwan's petition against Pakistan cybercrime agency's probe - Telegraph India <a href=""https://news.google.com/rss/articles/CBMi0gFBVV95cUxNM0ZwbW0tZ2RNT0ExNGFqcE8yc2p6Q2wwYjlfQ1Z2UzRRWlVtU21QdzBZR1l2cURIWm44OGI4cW94elRWN25QVk1OdVc3VDNJMUw1Y3ZqYjA4dTViMjhDRzRnMVphdEUyQ29MTWEwejhyNGg4YWlzV0JCS3BycjUyVVowVmlrT2ZicHpoX1ZGVmJCSGltNlRKc1NlYW1tRU1TaUU2NmE2TzlvZWd0a0lMNXJXM0g1cHk5dGVhOVhKbmlUcFV2V055XzUzS2o5bEhXS2fSAdcBQVVfeXFMTXZaQTBwTmtpLUhROFlkOWRneFpGVDVJRnYzR2xqVFNRQXhxN1VNUkVFQkxoVXNEOU9LQVhYcGlRUkxmYnhCY2JWVWxIXzhQM3pvU1o3VnMyN2oyRm9XcjlPc2d6R0JaNDJjMWs5VllSTk5rOGtQSXRNVXdzR01BcmExUnN5RGQyc2h4d2RHcUQ0TkdiN3lDeGR1M3hhV0JUN0JKUVRFWlV3Sk1BUEtHRmJxU3ZESDQ1RHN1dkd3TlhMZ25hdUg2X1dVMG0ybUlUS0hLeFR6eDQ?oc=5"" target=""_blank"">Lahore HC dismisses Rizwan's petition against Pakistan cybercrime agency's probe</a>&nbsp;&nbsp;<font color=""#6f6f6f"">Telegraph India</font>",Neutral,Community_Discussion,Dataset 2,OK,"Dataset 1, Dataset 2"
"IITian, banker held in 1.2 crore Maharashtra digital arrest case - The Times of India","<a href=""https://news.google.com/rss/articles/CBMi9AFBVV95cUxQb3BHMEoydHFpTm5UbjAyY0xFVE41cVhEWk9fTUliSWJCR2ZnOEFtS05UeHV3bktIQ25BMXFJbjFzZHNBclU0Z24zbjY4SDhDZ0FWTWtvMUJtQjBmVU1SV1hXekw3aDgtYzdJV19TY1J5Y3hEQWtkSmIwcG9EY0JlbkVjUFRqbGh0ZjViOVlfVFFzMjhhMFM4LXZLYzVSQmZydlBlNG9qMlJXQnNRMnJlSTlRZnNkeDVUWnFwdm9vRlBIMnNDbHpvWGY2ZHJZbzcwTG1hOVR6Y2ZKVmZ4U1JieHRjVnZWNm8tUTBvNV9XMWNxTjM50gH6AUFVX3lxTE9HZ1VEdmZ4VWRxTmpic1F3OUNHNjR4c2VQQWNCRVczN0JldGdPUkJYSkdyR1JsWkI4SFJCUWxmUW9xLUhNbXRGX08zdEdheUxXUFJzNG5TUEw1TklqTzBlNWFoM0ltREM2ZjFvOGV1QkdzM2I2RmxIeTI1OXJWTm1KMUsxUFkycW1OVnBNdmE2b2RiM0taZDNNODhxOWJnOEcxMnYzc0tYUWJNWEhlZHdzcUtDSEpaX1FpbTFLR0RVRHpHYkVQSHZqVTdzdmRwMDUxcE9KTTN3MXpUaXVGa0tWN0Z3bklKNjNneFRReGw1R2EtWFNnRndnQnc?oc=5"" target=""_blank"">IITian, banker held in 1.2 crore Maharashtra digital arrest case</a>&nbsp;&nbsp;<font color=""#6f6f6f"">The Times of India</font>",https://news.google.com/rss/articles/CBMi9AFBVV95cUxQb3BHMEoydHFpTm5UbjAyY0xFVE41cVhEWk9fTUliSWJCR2ZnOEFtS05UeHV3bktIQ25BMXFJbjFzZHNBclU0Z24zbjY4SDhDZ0FWTWtvMUJtQjBmVU1SV1hXekw3aDgtYzdJV19TY1J5Y3hEQWtkSmIwcG9EY0JlbkVjUFRqbGh0ZjViOVlfVFFzMjhhMFM4LXZLYzVSQmZydlBlNG9qMlJXQnNRMnJlSTlRZnNkeDVUWnFwdm9vRlBIMnNDbHpvWGY2ZHJZbzcwTG1hOVR6Y2ZKVmZ4U1JieHRjVnZWNm8tUTBvNV9XMWNxTjM50gH6AUFVX3lxTE9HZ1VEdmZ4VWRxTmpic1F3OUNHNjR4c2VQQWNCRVczN0JldGdPUkJYSkdyR1JsWkI4SFJCUWxmUW9xLUhNbXRGX08zdEdheUxXUFJzNG5TUEw1TklqTzBlNWFoM0ltREM2ZjFvOGV1QkdzM2I2RmxIeTI1OXJWTm1KMUsxUFkycW1OVnBNdmE2b2RiM0taZDNNODhxOWJnOEcxMnYzc0tYUWJNWEhlZHdzcUtDSEpaX1FpbTFLR0RVRHpHYkVQSHZqVTdzdmRwMDUxcE9KTTN3MXpUaXVGa0tWN0Z3bklKNjNneFRReGw1R2EtWFNnRndnQnc?oc=5,2026-09-16 17:43:00+00:00,2026-09-21 07:48:20.436298+00:00,The Times of India,cybercrime,"IITian, banker held in 1.2 crore Maharashtra digital arrest case - The Times of India <a href=""https://news.google.com/rss/articles/CBMi9AFBVV95cUxQb3BHMEoydHFpTm5UbjAyY0xFVE41cVhEWk9fTUliSWJCR2ZnOEFtS05UeHV3bktIQ25BMXFJbjFzZHNBclU0Z24zbjY4SDhDZ0FWTWtvMUJtQjBmVU1SV1hXekw3aDgtYzdJV19TY1J5Y3hEQWtkSmIwcG9EY0JlbkVjUFRqbGh0ZjViOVlfVFFzMjhhMFM4LXZLYzVSQmZydlBlNG9qMlJXQnNRMnJlSTlRZnNkeDVUWnFwdm9vRlBIMnNDbHpvWGY2ZHJZbzcwTG1hOVR6Y2ZKVmZ4U1JieHRjVnZWNm8tUTBvNV9XMWNxTjM50gH6AUFVX3lxTE9HZ1VEdmZ4VWRxTmpic1F3OUNHNjR4c2VQQWNCRVczN0JldGdPUkJYSkdyR1JsWkI4SFJCUWxmUW9xLUhNbXRGX08zdEdheUxXUFJzNG5TUEw1TklqTzBlNWFoM0ltREM2ZjFvOGV1QkdzM2I2RmxIeTI1OXJWTm1KMUsxUFkycW1OVnBNdmE2b2RiM0taZDNNODhxOWJnOEcxMnYzc0tYUWJNWEhlZHdzcUtDSEpaX1FpbTFLR0RVRHpHYkVQSHZqVTdzdmRwMDUxcE9KTTN3MXpUaXVGa0tWN0Z3bklKNjNneFRReGw1R2EtWFNnRndnQnc?oc=5"" target=""_blank"">IITian, banker held in 1.2 crore Maharashtra digital arrest case</a>&nbsp;&nbsp;<font color=""#6f6f6f"">The Times of India</font>",Neutral,Community_Discussion,Dataset 2,OK,"Dataset 1, Dataset 2"
"26 states, 251 complaints, 21k OTPs sold: Making of a cybercrime network with links to China, Pakistan - ThePrint","<a href=""https://news.google.com/rss/articles/CBMizgFBVV95cUxQRTRzUm5EajVsdTdWdVQ2Y25aWEFKeUJiZDZ6RjJHb1pad21vN0Y2WGVvU20yRzdLM1VJOEhYUGdaSmd2U3B2RmpUODFiUjk3MFFOMWxMMGRpcGxxQW1fQ1NhYUY4aUpPNXRDY2EzcFNGMjYwVF94Q214ckx3WVJZaENVUEREY1RnNlZGOGFPdHlJTTlyUGJjMWRJbHBPREZzNnoyUWIzUjN6V0ctb1ByQVJJUjNORXZzd0lBLUdjV0dRX0lkMm5IX21pMHJiUdIB0wFBVV95cUxPRWt1c3MtNmFuOVhwc1ctbHRkWkFMVVZ5bDBuXzlaazNxbDl4bVEzSnVERFpsS0FSRUsySHczT0NQQ1poMDR3TEUxU29EWU9ESjhNalhnazNnbF9fekpEV1BpTXNicDUxWk1iMjhEWkJ5M0tlOGw1Z3B3c1dBT3gxbmZFaVNJcXp6ZHhRT2VwM1drbUhwN0Zic0steVJLRHFkUGdaRzFjYXVKay1VMXJpNThrWXREN280NWgtRHoteWhSQkE4Xzl6dVBSeXlTamFwSnpv?oc=5"" target=""_blank"">26 states, 251 complaints, 21k OTPs sold: Making of a cybercrime network with links to China, Pakistan</a>&nbsp;&nbsp;<font color=""#6f6f6f"">ThePrint</font>",https://news.google.com/rss/articles/CBMizgFBVV95cUxQRTRzUm5EajVsdTdWdVQ2Y25aWEFKeUJiZDZ6RjJHb1pad21vN0Y2WGVvU20yRzdLM1VJOEhYUGdaSmd2U3B2RmpUODFiUjk3MFFOMWxMMGRpcGxxQW1fQ1NhYUY4aUpPNXRDY2EzcFNGMjYwVF94Q214ckx3WVJZaENVUEREY1RnNlZGOGFPdHlJTTlyUGJjMWRJbHBPREZzNnoyUWIzUjN6V0ctb1ByQVJJUjNORXZzd0lBLUdjV0dRX0lkMm5IX21pMHJiUdIB0wFBVV95cUxPRWt1c3MtNmFuOVhwc1ctbHRkWkFMVVZ5bDBuXzlaazNxbDl4bVEzSnVERFpsS0FSRUsySHczT0NQQ1poMDR3TEUxU29EWU9ESjhNalhnazNnbF9fekpEV1BpTXNicDUxWk1iMjhEWkJ5M0tlOGw1Z3B3c1dBT3gxbmZFaVNJcXp6ZHhRT2VwM1drbUhwN0Zic0steVJLRHFkUGdaRzFjYXVKay1VMXJpNThrWXREN280NWgtRHoteWhSQkE4Xzl6dVBSeXlTamFwSnpv?oc=5,2026-08-19 07:00:00+00:00,2026-09-21 07:48:20.436312+00:00,ThePrint,cybercrime,"26 states, 251 complaints, 21k OTPs sold: Making of a cybercrime network with links to China, Pakistan - ThePrint <a href=""https://news.google.com/rss/articles/CBMizgFBVV95cUxQRTRzUm5EajVsdTdWdVQ2Y25aWEFKeUJiZDZ6RjJHb1pad21vN0Y2WGVvU20yRzdLM1VJOEhYUGdaSmd2U3B2RmpUODFiUjk3MFFOMWxMMGRpcGxxQW1fQ1NhYUY4aUpPNXRDY2EzcFNGMjYwVF94Q214ckx3WVJZaENVUEREY1RnNlZGOGFPdHlJTTlyUGJjMWRJbHBPREZzNnoyUWIzUjN6V0ctb1ByQVJJUjNORXZzd0lBLUdjV0dRX0lkMm5IX21pMHJiUdIB0wFBVV95cUxPRWt1c3MtNmFuOVhwc1ctbHRkWkFMVVZ5bDBuXzlaazNxbDl4bVEzSnVERFpsS0FSRUsySHczT0NQQ1poMDR3TEUxU29EWU9ESjhNalhnazNnbF9fekpEV1BpTXNicDUxWk1iMjhEWkJ5M0tlOGw1Z3B3c1dBT3gxbmZFaVNJcXp6ZHhRT2VwM1drbUhwN0Zic0steVJLRHFkUGdaRzFjYXVKay1VMXJpNThrWXREN280NWgtRHoteWhSQkE4Xzl6dVBSeXlTamFwSnpv?oc=5"" target=""_blank"">26 states, 251 complaints, 21k OTPs sold: Making of a cybercrime network with links to China, Pakistan</a>&nbsp;&nbsp;<font color=""#6f6f6f"">ThePrint</font>",Neutral,Community_Discussion,Dataset 2,OK,"Dataset 1, Dataset 2"
1930 helpline strengthened for cyber fraud: SSP Kichloo - Brighter Kashmir,"<a href=""https://news.google.com/rss/articles/CBMinwFBVV95cUxQcVJzM0c5Yk1tYzNwaDdCSkMyZmdhZ2dJNWoxVl9YQVdvUW9hZUFjRmNtdExPcy1tZmJfMGdsMmZqR181UFk3alhoNEVkX2NRcGF6YTAwTkpjRnN1Zk96VzV2ZHBlR3V2MllOS0E5WFl2WldFQ1BPQzFueXdwdktDSm9yRVFidmVMQ0d5ZnlXaDYyQWhHSEphY0JyY1hUcGM?oc=5"" target=""_blank"">1930 helpline strengthened for cyber fraud: SSP Kichloo</a>&nbsp;&nbsp;<font color=""#6f6f6f"">Brighter Kashmir</font>",https://news.google.com/rss/articles/CBMinwFBVV95cUxQcVJzM0c5Yk1tYzNwaDdCSkMyZmdhZ2dJNWoxVl9YQVdvUW9hZUFjRmNtdExPcy1tZmJfMGdsMmZqR181UFk3alhoNEVkX2NRcGF6YTAwTkpjRnN1Zk96VzV2ZHBlR3V2MllOS0E5WFl2WldFQ1BPQzFueXdwdktDSm9yRVFidmVMQ0d5ZnlXaDYyQWhHSEphY0JyY1hUcGM?oc=5,2026-09-20 17:46:58+00:00,2026-09-21 07:48:20.436326+00:00,Brighter Kashmir,cybercrime,"1930 helpline strengthened for cyber fraud: SSP Kichloo - Brighter Kashmir <a href=""https://news.google.com/rss/articles/CBMinwFBVV95cUxQcVJzM0c5Yk1tYzNwaDdCSkMyZmdhZ2dJNWoxVl9YQVdvUW9hZUFjRmNtdExPcy1tZmJfMGdsMmZqR181UFk3alhoNEVkX2NRcGF6YTAwTkpjRnN1Zk96VzV2ZHBlR3V2MllOS0E5WFl2WldFQ1BPQzFueXdwdktDSm9yRVFidmVMQ0d5ZnlXaDYyQWhHSEphY0JyY1hUcGM?oc=5"" target=""_blank"">1930 helpline strengthened for cyber fraud: SSP Kichloo</a>&nbsp;&nbsp;<font color=""#6f6f6f"">Brighter Kashmir</font>",Neutral,Community_Discussion,Dataset 2,OK,"Dataset 1, Dataset 2"
Europol published report on the latest trends in the cybercrime landscape - Migration and Home Affairs,"<a href=""https://news.google.com/rss/articles/CBMisgFBVV95cUxOVlM0RnVxblhnQ0ItQTZCY3NXeU1Pa3VSQ29EdGtUTmZTVXAzSFpNdTdkTWVCU01KVVVpbUo5Vml4NHN2YVFXQlczdmgtOVI5WlU5TDFieWk0QjNIMzc3b0FmVk9jUVdRdXVseDRDVHl0M3c3bmR4V0U3Z1RZWWtybGNpYm4wbGtja1BIZmliMzV3MExzNndGckpPaThrODZ6VlZDVG13NnFablNIMFlTS2l3?oc=5"" target=""_blank"">Europol published report on the latest trends in the cybercrime landscape</a>&nbsp;&nbsp;<font color=""#6f6f6f"">Migration and Home Affairs</font>",https://news.google.com/rss/articles/CBMisgFBVV95cUxOVlM0RnVxblhnQ0ItQTZCY3NXeU1Pa3VSQ29EdGtUTmZTVXAzSFpNdTdkTWVCU01KVVVpbUo5Vml4NHN2YVFXQlczdmgtOVI5WlU5TDFieWk0QjNIMzc3b0FmVk9jUVdRdXVseDRDVHl0M3c3bmR4V0U3Z1RZWWtybGNpYm4wbGtja1BIZmliMzV3MExzNndGckpPaThrODZ6VlZDVG13NnFablNIMFlTS2l3?oc=5,2026-04-29 07:00:00+00:00,2026-09-21 07:48:20.436340+00:00,Migration and Home Affairs,cybercrime,"Europol published report on the latest trends in the cybercrime landscape - Migration and Home Affairs <a href=""https://news.google.com/rss/articles/CBMisgFBVV95cUxOVlM0RnVxblhnQ0ItQTZCY3NXeU1Pa3VSQ29EdGtUTmZTVXAzSFpNdTdkTWVCU01KVVVpbUo5Vml4NHN2YVFXQlczdmgtOVI5WlU5TDFieWk0QjNIMzc3b0FmVk9jUVdRdXVseDRDVHl0M3c3bmR4V0U3Z1RZWWtybGNpYm4wbGtja1BIZmliMzV3MExzNndGckpPaThrODZ6VlZDVG13NnFablNIMFlTS2l3?oc=5"" target=""_blank"">Europol published report on the latest trends in the cybercrime landscape</a>&nbsp;&nbsp;<font color=""#6f6f6f"">Migration and Home Affairs</font>",Neutral,Community_Discussion,Dataset 2,OK,"Dataset 1, Dataset 2"
Scaling cybercrime disruption through innovation and AI - The Official Microsoft Blog,"<a href=""https://news.google.com/rss/articles/CBMirgFBVV95cUxNVEZJLWpsc202WVBmQVVzU1hTalV5bWFaaHlvNHhkbmU0V3g0TFJaODVtNGZZblU5NnFHY0NjdlNuUWJucDhnb2dqMWd1ZVRwQWk5WUg3NGR3eDBwTnlCcF9zT1JqOUtnMnFfa2lTeWR2RnZTenJIbXl4TEZOYTBoMWlhYklZSlNkQkpJZFBGTU1TS0Y3MDdiSFdHQXhqZlZZa2U5RFZYa3lnNHp6bEE?oc=5"" target=""_blank"">Scaling cybercrime disruption through innovation and AI</a>&nbsp;&nbsp;<font color=""#6f6f6f"">The Official Microsoft Blog</font>",https://news.google.com/rss/articles/CBMirgFBVV95cUxNVEZJLWpsc202WVBmQVVzU1hTalV5bWFaaHlvNHhkbmU0V3g0TFJaODVtNGZZblU5NnFHY0NjdlNuUWJucDhnb2dqMWd1ZVRwQWk5WUg3NGR3eDBwTnlCcF9zT1JqOUtnMnFfa2lTeWR2RnZTenJIbXl4TEZOYTBoMWlhYklZSlNkQkpJZFBGTU1TS0Y3MDdiSFdHQXhqZlZZa2U5RFZYa3lnNHp6bEE?oc=5,2026-06-24 07:00:00+00:00,2026-09-21 07:48:20.436354+00:00,The Official Microsoft Blog,cybercrime,"Scaling cybercrime disruption through innovation and AI - The Official Microsoft Blog <a href=""https://news.google.com/rss/articles/CBMirgFBVV95cUxNVEZJLWpsc202WVBmQVVzU1hTalV5bWFaaHlvNHhkbmU0V3g0TFJaODVtNGZZblU5NnFHY0NjdlNuUWJucDhnb2dqMWd1ZVRwQWk5WUg3NGR3eDBwTnlCcF9zT1JqOUtnMnFfa2lTeWR2RnZTenJIbXl4TEZOYTBoMWlhYklZSlNkQkpJZFBGTU1TS0Y3MDdiSFdHQXhqZlZZa2U5RFZYa3lnNHp6bEE?oc=5"" target=""_blank"">Scaling cybercrime disruption through innovation and AI</a>&nbsp;&nbsp;<font color=""#6f6f6f"">The Official Microsoft Blog</font>",Neutral,Community_Discussion,Dataset 2,OK,"Dataset 1, Dataset 2"
International Day against Cybercrime - 24 December - United Nations Office on Drugs and Crime,"<a href=""https://news.google.com/rss/articles/CBMiX0FVX3lxTE42MVNDRUU1Y2NXQ3pEQVR4UkRXOGhXcmZ2THZWMHpnWjZZT0gyaXU4MmlSYUlpOVZVRDRCdXpUTzBjUVdaWFlGU3ItV3E2d1FJMFdQLWZRbzhMamRVQVpB?oc=5"" target=""_blank"">International Day against Cybercrime - 24 December</a>&nbsp;&nbsp;<font color=""#6f6f6f"">United Nations Office on Drugs and Crime</font>",https://news.google.com/rss/articles/CBMiX0FVX3lxTE42MVNDRUU1Y2NXQ3pEQVR4UkRXOGhXcmZ2THZWMHpnWjZZT0gyaXU4MmlSYUlpOVZVRDRCdXpUTzBjUVdaWFlGU3ItV3E2d1FJMFdQLWZRbzhMamRVQVpB?oc=5,2025-12-22 18:18:54+00:00,2026-09-21 07:48:20.436368+00:00,United Nations Office on Drugs and Crime,cybercrime,"International Day against Cybercrime - 24 December - United Nations Office on Drugs and Crime <a href=""https://news.google.com/rss/articles/CBMiX0FVX3lxTE42MVNDRUU1Y2NXQ3pEQVR4UkRXOGhXcmZ2THZWMHpnWjZZT0gyaXU4MmlSYUlpOVZVRDRCdXpUTzBjUVdaWFlGU3ItV3E2d1FJMFdQLWZRbzhMamRVQVpB?oc=5"" target=""_blank"">International Day against Cybercrime - 24 December</a>&nbsp;&nbsp;<font color=""#6f6f6f"">United Nations Office on Drugs and Crime</font>",Neutral,Community_Discussion,Dataset 2,OK,"Dataset 1, Dataset 2"
The present and future of the UN cybercrime convention - Global Initiative against Transnational Organized Crime (GI-TOC),"<a href=""https://news.google.com/rss/articles/CBMihAFBVV95cUxOMWVwbUNBR19hbFE3UHVjMExDQjhYajJZMFNLWnozOW5NLUdaTmVEdExXOUhsTGJiY20zbEE5azllbndtOWRsZzFfSDlIS1doQnUzWmNDSjE2dUFaUjZYZTZmc0JrM3B2RUhIVll1dU9PcDJUVWF5MnVFbXdjajZaR0JTTTA?oc=5"" target=""_blank"">The present and future of the UN cybercrime convention</a>&nbsp;&nbsp;<font color=""#6f6f6f"">Global Initiative against Transnational Organized Crime (GI-TOC)</font>",https://news.google.com/rss/articles/CBMihAFBVV95cUxOMWVwbUNBR19hbFE3UHVjMExDQjhYajJZMFNLWnozOW5NLUdaTmVEdExXOUhsTGJiY20zbEE5azllbndtOWRsZzFfSDlIS1doQnUzWmNDSjE2dUFaUjZYZTZmc0JrM3B2RUhIVll1dU9PcDJUVWF5MnVFbXdjajZaR0JTTTA?oc=5,2026-09-11 10:07:30+00:00,2026-09-21 07:48:20.436383+00:00,Global Initiative against Transnational Organized Crime (GI-TOC),cybercrime,"The present and future of the UN cybercrime convention - Global Initiative against Transnational Organized Crime (GI-TOC) <a href=""https://news.google.com/rss/articles/CBMihAFBVV95cUxOMWVwbUNBR19hbFE3UHVjMExDQjhYajJZMFNLWnozOW5NLUdaTmVEdExXOUhsTGJiY20zbEE5azllbndtOWRsZzFfSDlIS1doQnUzWmNDSjE2dUFaUjZYZTZmc0JrM3B2RUhIVll1dU9PcDJUVWF5MnVFbXdjajZaR0JTTTA?oc=5"" target=""_blank"">The present and future of the UN cybercrime convention</a>&nbsp;&nbsp;<font color=""#6f6f6f"">Global Initiative against Transnational Organized Crime (GI-TOC)</font>",Neutral,Community_Discussion,Dataset 2,OK,"Dataset 1, Dataset 2"
Karnataka police stations ordered to transfer cybercrime cases to dedicated stations - Deccan Herald,"<a href=""https://news.google.com/rss/articles/CBMi0wFBVV95cUxQNlhsOGpGYjYyMXgwamJQRms4TWhYR0xqUVEyLXdpMkpmZGZPU0Rab2tNclhNbENMQ0NhQm93SzFkM3psSjNxMjhtdlBEYnRoRVRidkhzWmxIaC1CRVJ6NE5nZnNUOEZJdEtWbmNPQllLU3BwSUN1aUx2YTI3VWRLMGZPbkdnV19xdG5xZnZ1bU1UZHh4Z3QwbElpRjluN042SHNnbFhDNzlCbVNKUWk1d3RwNHVFNkJTWUM1TW92eDhWTUNVcS1UYlN1RUxHdkI5THdF?oc=5"" target=""_blank"">Karnataka police stations ordered to transfer cybercrime cases to dedicated stations</a>&nbsp;&nbsp;<font color=""#6f6f6f"">Deccan Herald</font>",https://news.google.com/rss/articles/CBMi0wFBVV95cUxQNlhsOGpGYjYyMXgwamJQRms4TWhYR0xqUVEyLXdpMkpmZGZPU0Rab2tNclhNbENMQ0NhQm93SzFkM3psSjNxMjhtdlBEYnRoRVRidkhzWmxIaC1CRVJ6NE5nZnNUOEZJdEtWbmNPQllLU3BwSUN1aUx2YTI3VWRLMGZPbkdnV19xdG5xZnZ1bU1UZHh4Z3QwbElpRjluN042SHNnbFhDNzlCbVNKUWk1d3RwNHVFNkJTWUM1TW92eDhWTUNVcS1UYlN1RUxHdkI5THdF?oc=5,2026-09-16 14:19:27+00:00,2026-09-21 07:48:20.436397+00:00,Deccan Herald,cybercrime,"Karnataka police stations ordered to transfer cybercrime cases to dedicated stations - Deccan Herald <a href=""https://news.google.com/rss/articles/CBMi0wFBVV95cUxQNlhsOGpGYjYyMXgwamJQRms4TWhYR0xqUVEyLXdpMkpmZGZPU0Rab2tNclhNbENMQ0NhQm93SzFkM3psSjNxMjhtdlBEYnRoRVRidkhzWmxIaC1CRVJ6NE5nZnNUOEZJdEtWbmNPQllLU3BwSUN1aUx2YTI3VWRLMGZPbkdnV19xdG5xZnZ1bU1UZHh4Z3QwbElpRjluN042SHNnbFhDNzlCbVNKUWk1d3RwNHVFNkJTWUM1TW92eDhWTUNVcS1UYlN1RUxHdkI5THdF?oc=5"" target=""_blank"">Karnataka police stations ordered to transfer cybercrime cases to dedicated stations</a>&nbsp;&nbsp;<font color=""#6f6f6f"">Deccan Herald</font>",Neutral,Community_Discussion,Dataset 2,OK,"Dataset 1, Dataset 2"
"J&K: Cybercrime Complaints get dedicated System, Says SSP Crime Yaseen Kichloo - The News Now","<a href=""https://news.google.com/rss/articles/CBMirAFBVV95cUxNQWgtMV8xTzY1cUJYSDlvT0E1SDBEQWZqY3ZRU0ZhcXlFYS1rS1h1Z2VJTFVSaXpnaC1ZSHRrZExUU2ZKUjc0Y2gwWmgwTkxubUJ6bmJudFhqazh3ejRhemwzcm5yRzVIOEliVFhnbzlVbE96S015cElXMjFmX2VBQVJTc044U3BnUHVqcnJjYkRCcWg1dUxtQ1dMWGFXVGRidk5FTGJWYnZWWkFa?oc=5"" target=""_blank"">J&amp;K: Cybercrime Complaints get dedicated System, Says SSP Crime Yaseen Kichloo</a>&nbsp;&nbsp;<font color=""#6f6f6f"">The News Now</font>",https://news.google.com/rss/articles/CBMirAFBVV95cUxNQWgtMV8xTzY1cUJYSDlvT0E1SDBEQWZqY3ZRU0ZhcXlFYS1rS1h1Z2VJTFVSaXpnaC1ZSHRrZExUU2ZKUjc0Y2gwWmgwTkxubUJ6bmJudFhqazh3ejRhemwzcm5yRzVIOEliVFhnbzlVbE96S015cElXMjFmX2VBQVJTc044U3BnUHVqcnJjYkRCcWg1dUxtQ1dMWGFXVGRidk5FTGJWYnZWWkFa?oc=5,2026-09-18 11:35:58+00:00,2026-09-21 07:48:20.436412+00:00,The News Now,cybercrime,"J&K: Cybercrime Complaints get dedicated System, Says SSP Crime Yaseen Kichloo - The News Now <a href=""https://news.google.com/rss/articles/CBMirAFBVV95cUxNQWgtMV8xTzY1cUJYSDlvT0E1SDBEQWZqY3ZRU0ZhcXlFYS1rS1h1Z2VJTFVSaXpnaC1ZSHRrZExUU2ZKUjc0Y2gwWmgwTkxubUJ6bmJudFhqazh3ejRhemwzcm5yRzVIOEliVFhnbzlVbE96S015cElXMjFmX2VBQVJTc044U3BnUHVqcnJjYkRCcWg1dUxtQ1dMWGFXVGRidk5FTGJWYnZWWkFa?oc=5"" target=""_blank"">J&amp;K: Cybercrime Complaints get dedicated System, Says SSP Crime Yaseen Kichloo</a>&nbsp;&nbsp;<font color=""#6f6f6f"">The News Now</font>",Neutral,Community_Discussion,Dataset 2,OK,"Dataset 1, Dataset 2"
"FBI needs access to latest models to police AI-driven cybercrime, director says - Nextgov/FCW","<a href=""https://news.google.com/rss/articles/CBMi0gFBVV95cUxNYmstM1BOMjRtdFRCT1N5WEI4YVNGQlBkTW85VFNZWXd5aFRIdWFQR3B0dlh5OTlJdWhLc2xrUnlxQ1ZxN1lmc3hQQlowVnFDU2JvYjBFTmVMclJQSUdaMjJ1Nndqd3dDdFJjc3RHdkFEclBKeVdWa0RvTmw2VHdQNGR1UjZELURMbHE5dHllalZDejZFZGpULUZTdTYwenJmUTV5MWQ5LUo3Ti1ZN19VN3dIZDJDaDAwZTBmNnA4Q0hpVXZ4YnA0T3VMNDhYb04yYkE?oc=5"" target=""_blank"">FBI needs access to latest models to police AI-driven cybercrime, director says</a>&nbsp;&nbsp;<font color=""#6f6f6f"">Nextgov/FCW</font>",https://news.google.com/rss/articles/CBMi0gFBVV95cUxNYmstM1BOMjRtdFRCT1N5WEI4YVNGQlBkTW85VFNZWXd5aFRIdWFQR3B0dlh5OTlJdWhLc2xrUnlxQ1ZxN1lmc3hQQlowVnFDU2JvYjBFTmVMclJQSUdaMjJ1Nndqd3dDdFJjc3RHdkFEclBKeVdWa0RvTmw2VHdQNGR1UjZELURMbHE5dHllalZDejZFZGpULUZTdTYwenJmUTV5MWQ5LUo3Ti1ZN19VN3dIZDJDaDAwZTBmNnA4Q0hpVXZ4YnA0T3VMNDhYb04yYkE?oc=5,2026-09-15 22:26:00+00:00,2026-09-21 07:48:20.436426+00:00,Nextgov/FCW,cybercrime,"FBI needs access to latest models to police AI-driven cybercrime, director says - Nextgov/FCW <a href=""https://news.google.com/rss/articles/CBMi0gFBVV95cUxNYmstM1BOMjRtdFRCT1N5WEI4YVNGQlBkTW85VFNZWXd5aFRIdWFQR3B0dlh5OTlJdWhLc2xrUnlxQ1ZxN1lmc3hQQlowVnFDU2JvYjBFTmVMclJQSUdaMjJ1Nndqd3dDdFJjc3RHdkFEclBKeVdWa0RvTmw2VHdQNGR1UjZELURMbHE5dHllalZDejZFZGpULUZTdTYwenJmUTV5MWQ5LUo3Ti1ZN19VN3dIZDJDaDAwZTBmNnA4Q0hpVXZ4YnA0T3VMNDhYb04yYkE?oc=5"" target=""_blank"">FBI needs access to latest models to police AI-driven cybercrime, director says</a>&nbsp;&nbsp;<font color=""#6f6f6f"">Nextgov/FCW</font>",Neutral,Community_Discussion,Dataset 2,OK,"Dataset 1, Dataset 2"
"Facebook Ads, Fake Calls: How 3 Mumbai Residents Lost Over Rs 7 Lakh - NDTV","<a href=""https://news.google.com/rss/articles/CBMixAFBVV95cUxNdUJGZUVkcmdMYl9NcDlrd0lfZHVYejYwOHZDRjNvTDNhUWhLOXBQQzVueXNZRFgyOTZfV1d0cG53QVlhVlFwUlFnamFXdTVNVmFaTDlGQTRzUzBOdnNhekVOSXo3ZGVWaUgyRGFoZ0cxWjhZNWw5bU5JTjYtU25UYnpxeDA0MTJ4c3VIZnVDU25UelVoT0pBd2J1SHJHa0otcnZQdFpQTC01TC03eGNXT293aU0td0RSOGhkdG50Mk1MaWF60gHMAUFVX3lxTE83bG4zWDRBczNtOEtwRjREVVpLbkxEVVZmVWU2a0hYaWxRdGdWVjZMTzNJWXNOQ1RadDJRSm9NQ2c3QXQ1emZ1VUJWcDJsX29wN054MjRlcmVTcWVjRVZwbVpEeWlLOE1vMDlfaUR1UVVzNndjODFKSldMbXFXVi1Ma0t5Wm1qWlljT3VqTUpuU2JBdmxYVkNuREFTeVZUanhjNnJub2ZSUmc1dFRwVTJocGZ1VldJaDdkTnF5RGVmS1FrU2RoSkM4cG05dg?oc=5"" target=""_blank"">Facebook Ads, Fake Calls: How 3 Mumbai Residents Lost Over Rs 7 Lakh</a>&nbsp;&nbsp;<font color=""#6f6f6f"">NDTV</font>",https://news.google.com/rss/articles/CBMixAFBVV95cUxNdUJGZUVkcmdMYl9NcDlrd0lfZHVYejYwOHZDRjNvTDNhUWhLOXBQQzVueXNZRFgyOTZfV1d0cG53QVlhVlFwUlFnamFXdTVNVmFaTDlGQTRzUzBOdnNhekVOSXo3ZGVWaUgyRGFoZ0cxWjhZNWw5bU5JTjYtU25UYnpxeDA0MTJ4c3VIZnVDU25UelVoT0pBd2J1SHJHa0otcnZQdFpQTC01TC03eGNXT293aU0td0RSOGhkdG50Mk1MaWF60gHMAUFVX3lxTE83bG4zWDRBczNtOEtwRjREVVpLbkxEVVZmVWU2a0hYaWxRdGdWVjZMTzNJWXNOQ1RadDJRSm9NQ2c3QXQ1emZ1VUJWcDJsX29wN054MjRlcmVTcWVjRVZwbVpEeWlLOE1vMDlfaUR1UVVzNndjODFKSldMbXFXVi1Ma0t5Wm1qWlljT3VqTUpuU2JBdmxYVkNuREFTeVZUanhjNnJub2ZSUmc1dFRwVTJocGZ1VldJaDdkTnF5RGVmS1FrU2RoSkM4cG05dg?oc=5,2026-09-17 06:17:02+00:00,2026-09-21 07:48:20.436440+00:00,NDTV,cybercrime,"Facebook Ads, Fake Calls: How 3 Mumbai Residents Lost Over Rs 7 Lakh - NDTV <a href=""https://news.google.com/rss/articles/CBMixAFBVV95cUxNdUJGZUVkcmdMYl9NcDlrd0lfZHVYejYwOHZDRjNvTDNhUWhLOXBQQzVueXNZRFgyOTZfV1d0cG53QVlhVlFwUlFnamFXdTVNVmFaTDlGQTRzUzBOdnNhekVOSXo3ZGVWaUgyRGFoZ0cxWjhZNWw5bU5JTjYtU25UYnpxeDA0MTJ4c3VIZnVDU25UelVoT0pBd2J1SHJHa0otcnZQdFpQTC01TC03eGNXT293aU0td0RSOGhkdG50Mk1MaWF60gHMAUFVX3lxTE83bG4zWDRBczNtOEtwRjREVVpLbkxEVVZmVWU2a0hYaWxRdGdWVjZMTzNJWXNOQ1RadDJRSm9NQ2c3QXQ1emZ1VUJWcDJsX29wN054MjRlcmVTcWVjRVZwbVpEeWlLOE1vMDlfaUR1UVVzNndjODFKSldMbXFXVi1Ma0t5Wm1qWlljT3VqTUpuU2JBdmxYVkNuREFTeVZUanhjNnJub2ZSUmc1dFRwVTJocGZ1VldJaDdkTnF5RGVmS1FrU2RoSkM4cG05dg?oc=5"" target=""_blank"">Facebook Ads, Fake Calls: How 3 Mumbai Residents Lost Over Rs 7 Lakh</a>&nbsp;&nbsp;<font color=""#6f6f6f"">NDTV</font>",Negative,Community_Discussion,Dataset 2,OK,"Dataset 1, Dataset 2"
Annual cost of cyber crime worldwide from 2016 to 2030 - statista.com,"<a href=""https://news.google.com/rss/articles/CBMieEFVX3lxTE9DbjBGYXdMb2RWVHMtakVTSHMtMUxqQ2wwQzVodXBlSXRoa2Y4M2kzYy16Qm9Fb0FpWWIxUG9xeW9OSVdyUHZ3TktpMzlHN1ZPUEJLcm9DdE9BUkdlTU12WUNWTS1KaXRlZGxzUmtXanVvNDNSQnVPQQ?oc=5"" target=""_blank"">Annual cost of cyber crime worldwide from 2016 to 2030</a>&nbsp;&nbsp;<font color=""#6f6f6f"">statista.com</font>",https://news.google.com/rss/articles/CBMieEFVX3lxTE9DbjBGYXdMb2RWVHMtakVTSHMtMUxqQ2wwQzVodXBlSXRoa2Y4M2kzYy16Qm9Fb0FpWWIxUG9xeW9OSVdyUHZ3TktpMzlHN1ZPUEJLcm9DdE9BUkdlTU12WUNWTS1KaXRlZGxzUmtXanVvNDNSQnVPQQ?oc=5,2026-08-14 07:00:00+00:00,2026-09-21 07:48:20.436455+00:00,statista.com,cybercrime,"Annual cost of cyber crime worldwide from 2016 to 2030 - statista.com <a href=""https://news.google.com/rss/articles/CBMieEFVX3lxTE9DbjBGYXdMb2RWVHMtakVTSHMtMUxqQ2wwQzVodXBlSXRoa2Y4M2kzYy16Qm9Fb0FpWWIxUG9xeW9OSVdyUHZ3TktpMzlHN1ZPUEJLcm9DdE9BUkdlTU12WUNWTS1KaXRlZGxzUmtXanVvNDNSQnVPQQ?oc=5"" target=""_blank"">Annual cost of cyber crime worldwide from 2016 to 2030</a>&nbsp;&nbsp;<font color=""#6f6f6f"">statista.com</font>",Neutral,Community_Discussion,Dataset 2,OK,"Dataset 1, Dataset 2"
Weaponized AI: The Commoditization of Cybercrime - trellix.com,"<a href=""https://news.google.com/rss/articles/CBMiiwFBVV95cUxNVEUzTW5Reml6dEVQUWRnRnVWYlZkbTBXVl9QU0U5NVZtbGlkREhxNjJ0NXF3bG1taUxRclZxM0RCQV8wWEl4Y3R5M0JmRWdvdGxScnlfZGdfNVMxLXhfSVVFVC1FVzVhUnp0b0x4dmJTUVg5bjJtZlZNeF9xcU11TzVqYk9oM1dFck9J?oc=5"" target=""_blank"">Weaponized AI: The Commoditization of Cybercrime</a>&nbsp;&nbsp;<font color=""#6f6f6f"">trellix.com</font>",https://news.google.com/rss/articles/CBMiiwFBVV95cUxNVEUzTW5Reml6dEVQUWRnRnVWYlZkbTBXVl9QU0U5NVZtbGlkREhxNjJ0NXF3bG1taUxRclZxM0RCQV8wWEl4Y3R5M0JmRWdvdGxScnlfZGdfNVMxLXhfSVVFVC1FVzVhUnp0b0x4dmJTUVg5bjJtZlZNeF9xcU11TzVqYk9oM1dFck9J?oc=5,2026-08-12 07:00:00+00:00,2026-09-21 07:48:20.436470+00:00,trellix.com,cybercrime,"Weaponized AI: The Commoditization of Cybercrime - trellix.com <a href=""https://news.google.com/rss/articles/CBMiiwFBVV95cUxNVEUzTW5Reml6dEVQUWRnRnVWYlZkbTBXVl9QU0U5NVZtbGlkREhxNjJ0NXF3bG1taUxRclZxM0RCQV8wWEl4Y3R5M0JmRWdvdGxScnlfZGdfNVMxLXhfSVVFVC1FVzVhUnp0b0x4dmJTUVg5bjJtZlZNeF9xcU11TzVqYk9oM1dFck9J?oc=5"" target=""_blank"">Weaponized AI: The Commoditization of Cybercrime</a>&nbsp;&nbsp;<font color=""#6f6f6f"">trellix.com</font>",Neutral,Community_Discussion,Dataset 2,OK,"Dataset 1, Dataset 2"
Raipur Cybercrime: Kids Gaming Leads To Bank Account Fraud | Expert Tips - Bhaskar English,"<a href=""https://news.google.com/rss/articles/CBMiswFBVV95cUxNUWJQTGstMWdxeTFUUm9uZ1JUVmliLVNsdDUtdVlqS2RfMXR5SUQtQV9iTEx3MEp1X0hUMkV1Tzc4c3gzTjdqcDhpd1AtQk9mTFg4TmppYWNKbWxqN0I3T0xXV1BCRWRqMERpNlFRdFVVanR5R0ZtU0JQaTFrUUhTUV9oWUJkUkh5cVdxcDlib182T2NvZkFtUmliTVBWMEJyVlprYzB2dFBQOVdrMHJkNFVUZw?oc=5"" target=""_blank"">Raipur Cybercrime: Kids Gaming Leads To Bank Account Fraud | Expert Tips</a>&nbsp;&nbsp;<font color=""#6f6f6f"">Bhaskar English</font>",https://news.google.com/rss/articles/CBMiswFBVV95cUxNUWJQTGstMWdxeTFUUm9uZ1JUVmliLVNsdDUtdVlqS2RfMXR5SUQtQV9iTEx3MEp1X0hUMkV1Tzc4c3gzTjdqcDhpd1AtQk9mTFg4TmppYWNKbWxqN0I3T0xXV1BCRWRqMERpNlFRdFVVanR5R0ZtU0JQaTFrUUhTUV9oWUJkUkh5cVdxcDlib182T2NvZkFtUmliTVBWMEJyVlprYzB2dFBQOVdrMHJkNFVUZw?oc=5,2026-09-19 02:52:11+00:00,2026-09-21 07:48:20.436484+00:00,Bhaskar English,cybercrime,"Raipur Cybercrime: Kids Gaming Leads To Bank Account Fraud | Expert Tips - Bhaskar English <a href=""https://news.google.com/rss/articles/CBMiswFBVV95cUxNUWJQTGstMWdxeTFUUm9uZ1JUVmliLVNsdDUtdVlqS2RfMXR5SUQtQV9iTEx3MEp1X0hUMkV1Tzc4c3gzTjdqcDhpd1AtQk9mTFg4TmppYWNKbWxqN0I3T0xXV1BCRWRqMERpNlFRdFVVanR5R0ZtU0JQaTFrUUhTUV9oWUJkUkh5cVdxcDlib182T2NvZkFtUmliTVBWMEJyVlprYzB2dFBQOVdrMHJkNFVUZw?oc=5"" target=""_blank"">Raipur Cybercrime: Kids Gaming Leads To Bank Account Fraud | Expert Tips</a>&nbsp;&nbsp;<font color=""#6f6f6f"">Bhaskar English</font>",Neutral,Account_Security,Dataset 2,OK,"Dataset 1, Dataset 2"
House Passes Legislation to Strengthen Cybercrime Framework - Jamaica Information Service (JIS),"<a href=""https://news.google.com/rss/articles/CBMihgFBVV95cUxNM0NkRU5kMXZMeFhLdGlLQW85Rk80SFNyS1RFMkQ0NHkyMGRubWhwa25HbUh1Yll3b1pJNk5rUUZMemxucFk2YXc4NEE3Tk1ISTlRTkJHZzBZcGlnaTVvQ004VWJhMjJkNW1ucU1rb2ZjakFzMFFlWXN0RU5OMzQ1cS12MVNsdw?oc=5"" target=""_blank"">House Passes Legislation to Strengthen Cybercrime Framework</a>&nbsp;&nbsp;<font color=""#6f6f6f"">Jamaica Information Service (JIS)</font>",https://news.google.com/rss/articles/CBMihgFBVV95cUxNM0NkRU5kMXZMeFhLdGlLQW85Rk80SFNyS1RFMkQ0NHkyMGRubWhwa25HbUh1Yll3b1pJNk5rUUZMemxucFk2YXc4NEE3Tk1ISTlRTkJHZzBZcGlnaTVvQ004VWJhMjJkNW1ucU1rb2ZjakFzMFFlWXN0RU5OMzQ1cS12MVNsdw?oc=5,1970-01-01 00:00:00+00:00,2026-09-21 07:48:20.436498+00:00,Jamaica Information Service (JIS),cybercrime,"House Passes Legislation to Strengthen Cybercrime Framework - Jamaica Information Service (JIS) <a href=""https://news.google.com/rss/articles/CBMihgFBVV95cUxNM0NkRU5kMXZMeFhLdGlLQW85Rk80SFNyS1RFMkQ0NHkyMGRubWhwa25HbUh1Yll3b1pJNk5rUUZMemxucFk2YXc4NEE3Tk1ISTlRTkJHZzBZcGlnaTVvQ004VWJhMjJkNW1ucU1rb2ZjakFzMFFlWXN0RU5OMzQ1cS12MVNsdw?oc=5"" target=""_blank"">House Passes Legislation to Strengthen Cybercrime Framework</a>&nbsp;&nbsp;<font color=""#6f6f6f"">Jamaica Information Service (JIS)</font>",Neutral,Community_Discussion,Dataset 2,Suspicious 1970 date,"Dataset 1, Dataset 2"
ShinyHunters Claims Control of Rival cL0p’s Dark Web Site - The420.in,"<a href=""https://news.google.com/rss/articles/CBMiX0FVX3lxTE4xRGUtRmhVTW1ieWdhbFZoNXh0TnRDZ3EwT2Jzc0VER3BUVjNIcEYyUDMxWWNGV2t0c09MZmYxMUVkdHBSemxYdFdGaTN4NFZOMFc1bnlMWlRsUDFGVkRz?oc=5"" target=""_blank"">ShinyHunters Claims Control of Rival cL0p’s Dark Web Site</a>&nbsp;&nbsp;<font color=""#6f6f6f"">The420.in</font>",https://news.google.com/rss/articles/CBMiX0FVX3lxTE4xRGUtRmhVTW1ieWdhbFZoNXh0TnRDZ3EwT2Jzc0VER3BUVjNIcEYyUDMxWWNGV2t0c09MZmYxMUVkdHBSemxYdFdGaTN4NFZOMFc1bnlMWlRsUDFGVkRz?oc=5,2026-09-21 03:54:42+00:00,2026-09-21 07:48:20.436520+00:00,The420.in,cybercrime,"ShinyHunters Claims Control of Rival cL0p’s Dark Web Site - The420.in <a href=""https://news.google.com/rss/articles/CBMiX0FVX3lxTE4xRGUtRmhVTW1ieWdhbFZoNXh0TnRDZ3EwT2Jzc0VER3BUVjNIcEYyUDMxWWNGV2t0c09MZmYxMUVkdHBSemxYdFdGaTN4NFZOMFc1bnlMWlRsUDFGVkRz?oc=5"" target=""_blank"">ShinyHunters Claims Control of Rival cL0p’s Dark Web Site</a>&nbsp;&nbsp;<font color=""#6f6f6f"">The420.in</font>",Neutral,Community_Discussion,Dataset 2,OK,Dataset 2
Global cybercrime crackdown: over 373 000 dark web sites shut down - Europol,"<a href=""https://news.google.com/rss/articles/CBMivgFBVV95cUxOdnRZLV90dXNwbFdKMWpJVkxVRFBVT2JkWHVMQU1aUTNlTkRvT2k5M05JX01IMnluRWRMZmsyUE9Qa09sQkVjQVVkQURmUTlkczlzUFdVRVFnTWxveV9VaDhHS1ZlM21Gd3lGTUNBeVR4RUpQUXB5N082NEJ1WmU1aXA3MHQzZ3owNXRtUVFGSUFHUzBXV3AyQ0swM2R6ZTdPQlpOd1NpZ1BwRHZtYmRSNktaaFI3MVpkcEJRU1VR?oc=5"" target=""_blank"">Global cybercrime crackdown: over 373 000 dark web sites shut down</a>&nbsp;&nbsp;<font color=""#6f6f6f"">Europol</font>",https://news.google.com/rss/articles/CBMivgFBVV95cUxOdnRZLV90dXNwbFdKMWpJVkxVRFBVT2JkWHVMQU1aUTNlTkRvT2k5M05JX01IMnluRWRMZmsyUE9Qa09sQkVjQVVkQURmUTlkczlzUFdVRVFnTWxveV9VaDhHS1ZlM21Gd3lGTUNBeVR4RUpQUXB5N082NEJ1WmU1aXA3MHQzZ3owNXRtUVFGSUFHUzBXV3AyQ0swM2R6ZTdPQlpOd1NpZ1BwRHZtYmRSNktaaFI3MVpkcEJRU1VR?oc=5,2026-03-20 07:00:00+00:00,2026-09-21 07:48:20.436534+00:00,Europol,cybercrime,"Global cybercrime crackdown: over 373 000 dark web sites shut down - Europol <a href=""https://news.google.com/rss/articles/CBMivgFBVV95cUxOdnRZLV90dXNwbFdKMWpJVkxVRFBVT2JkWHVMQU1aUTNlTkRvT2k5M05JX01IMnluRWRMZmsyUE9Qa09sQkVjQVVkQURmUTlkczlzUFdVRVFnTWxveV9VaDhHS1ZlM21Gd3lGTUNBeVR4RUpQUXB5N082NEJ1WmU1aXA3MHQzZ3owNXRtUVFGSUFHUzBXV3AyQ0swM2R6ZTdPQlpOd1NpZ1BwRHZtYmRSNktaaFI3MVpkcEJRU1VR?oc=5"" target=""_blank"">Global cybercrime crackdown: over 373 000 dark web sites shut down</a>&nbsp;&nbsp;<font color=""#6f6f6f"">Europol</font>",Negative,Technical_Issues,Dataset 2,OK,"Dataset 1, Dataset 2"
Disrupting Fox Tempest: A cybercrime service that turned “verified” software into a pathway for ransomware - The Official Microsoft Blog,"<a href=""https://news.google.com/rss/articles/CBMingFBVV95cUxPaEt4bzVBbWRid1FYOXNSX1ByTjgwWDRlN0xCdXZmazBlWkdISW8zd0xDVG5Db2Zsb01fNUlBSFQwMlhaNXBPNWllX0dWTEF6RmVGamhHZjZuUlEyaVlGWVIxZGloamJTVU9aTU9MTExtWG1QNjAwdE04VFFCVkZtNlBGanpMX2d0NUEzZGt0Q3RxeXltTGtoanhrTmRRQQ?oc=5"" target=""_blank"">Disrupting Fox Tempest: A cybercrime service that turned “verified” software into a pathway for ransomware</a>&nbsp;&nbsp;<font color=""#6f6f6f"">The Official Microsoft Blog</font>",https://news.google.com/rss/articles/CBMingFBVV95cUxPaEt4bzVBbWRid1FYOXNSX1ByTjgwWDRlN0xCdXZmazBlWkdISW8zd0xDVG5Db2Zsb01fNUlBSFQwMlhaNXBPNWllX0dWTEF6RmVGamhHZjZuUlEyaVlGWVIxZGloamJTVU9aTU9MTExtWG1QNjAwdE04VFFCVkZtNlBGanpMX2d0NUEzZGt0Q3RxeXltTGtoanhrTmRRQQ?oc=5,2026-05-19 07:00:00+00:00,2026-09-21 07:48:20.436549+00:00,The Official Microsoft Blog,cybercrime,"Disrupting Fox Tempest: A cybercrime service that turned “verified” software into a pathway for ransomware - The Official Microsoft Blog <a href=""https://news.google.com/rss/articles/CBMingFBVV95cUxPaEt4bzVBbWRid1FYOXNSX1ByTjgwWDRlN0xCdXZmazBlWkdISW8zd0xDVG5Db2Zsb01fNUlBSFQwMlhaNXBPNWllX0dWTEF6RmVGamhHZjZuUlEyaVlGWVIxZGloamJTVU9aTU9MTExtWG1QNjAwdE04VFFCVkZtNlBGanpMX2d0NUEzZGt0Q3RxeXltTGtoanhrTmRRQQ?oc=5"" target=""_blank"">Disrupting Fox Tempest: A cybercrime service that turned “verified” software into a pathway for ransomware</a>&nbsp;&nbsp;<font color=""#6f6f6f"">The Official Microsoft Blog</font>",Neutral,Community_Discussion,Dataset 2,OK,"Dataset 1, Dataset 2"
New INTERPOL report highlights escalating cyber threats across Asia and South Pacific - Interpol,"<a href=""https://news.google.com/rss/articles/CBMi0gFBVV95cUxPYzRucGJQQmthX3A3ZWU5UjBfVl9YYThrUURIZEpGVWpwOXZkaHhZNmpuREVwUXNDZUtIdFRjZUVEWjlma1pxNHRLUnJZbWZ3eXo1Snd0U3FFQlJNZHV5U09IbVltXzZNZHlENFNvNU5WdXl5SUU4MEUzdjBHa0RlczdDd0V1bENLa0J5cXJab3N6UjRGaTEzN0RONk5mMFpMR0lCZnpEd2ZnTjlGQjhOaWxNVWdINGtEM1kyeEliNGFndkdIc0ZULU1adW9wRkFXNWc?oc=5"" target=""_blank"">New INTERPOL report highlights escalating cyber threats across Asia and South Pacific</a>&nbsp;&nbsp;<font color=""#6f6f6f"">Interpol</font>",https://news.google.com/rss/articles/CBMi0gFBVV95cUxPYzRucGJQQmthX3A3ZWU5UjBfVl9YYThrUURIZEpGVWpwOXZkaHhZNmpuREVwUXNDZUtIdFRjZUVEWjlma1pxNHRLUnJZbWZ3eXo1Snd0U3FFQlJNZHV5U09IbVltXzZNZHlENFNvNU5WdXl5SUU4MEUzdjBHa0RlczdDd0V1bENLa0J5cXJab3N6UjRGaTEzN0RONk5mMFpMR0lCZnpEd2ZnTjlGQjhOaWxNVWdINGtEM1kyeEliNGFndkdIc0ZULU1adW9wRkFXNWc?oc=5,2026-06-17 07:00:00+00:00,2026-09-21 07:48:20.436563+00:00,Interpol,cybercrime,"New INTERPOL report highlights escalating cyber threats across Asia and South Pacific - Interpol <a href=""https://news.google.com/rss/articles/CBMi0gFBVV95cUxPYzRucGJQQmthX3A3ZWU5UjBfVl9YYThrUURIZEpGVWpwOXZkaHhZNmpuREVwUXNDZUtIdFRjZUVEWjlma1pxNHRLUnJZbWZ3eXo1Snd0U3FFQlJNZHV5U09IbVltXzZNZHlENFNvNU5WdXl5SUU4MEUzdjBHa0RlczdDd0V1bENLa0J5cXJab3N6UjRGaTEzN0RONk5mMFpMR0lCZnpEd2ZnTjlGQjhOaWxNVWdINGtEM1kyeEliNGFndkdIc0ZULU1adW9wRkFXNWc?oc=5"" target=""_blank"">New INTERPOL report highlights escalating cyber threats across Asia and South Pacific</a>&nbsp;&nbsp;<font color=""#6f6f6f"">Interpol</font>",Neutral,Community_Discussion,Dataset 2,OK,"Dataset 1, Dataset 2"
AI Fuels 440% Surge in Hackers Using Blockchains in Attacks - Bloomberg.com,"<a href=""https://news.google.com/rss/articles/CBMisgFBVV95cUxNaTBIVW5KNHVtZ1RpNVJFZ1VTa2xVbTVBb2p6ODZYZ0NhR0hLeU9OVjctdmNhV0lSdUEyVEVtdHptME1fbzdVUHNBVGlfRjNZRHNMVUlpYmJDZ18ybVJEM1V2WjkxTi16X0Zlb2c5OUs1T0NEdjB5QktkSUtjOTBDRktlSFdfbjF2WDlqOHoxWGJsdzJQQUJZcmZETHUzekYwX0hHUlB2MGVOZ19vdTFCYkxR?oc=5"" target=""_blank"">AI Fuels 440% Surge in Hackers Using Blockchains in Attacks</a>&nbsp;&nbsp;<font color=""#6f6f6f"">Bloomberg.com</font>",https://news.google.com/rss/articles/CBMisgFBVV95cUxNaTBIVW5KNHVtZ1RpNVJFZ1VTa2xVbTVBb2p6ODZYZ0NhR0hLeU9OVjctdmNhV0lSdUEyVEVtdHptME1fbzdVUHNBVGlfRjNZRHNMVUlpYmJDZ18ybVJEM1V2WjkxTi16X0Zlb2c5OUs1T0NEdjB5QktkSUtjOTBDRktlSFdfbjF2WDlqOHoxWGJsdzJQQUJZcmZETHUzekYwX0hHUlB2MGVOZ19vdTFCYkxR?oc=5,2026-09-18 02:07:00+00:00,2026-09-21 07:48:20.436577+00:00,Bloomberg.com,cybercrime,"AI Fuels 440% Surge in Hackers Using Blockchains in Attacks - Bloomberg.com <a href=""https://news.google.com/rss/articles/CBMisgFBVV95cUxNaTBIVW5KNHVtZ1RpNVJFZ1VTa2xVbTVBb2p6ODZYZ0NhR0hLeU9OVjctdmNhV0lSdUEyVEVtdHptME1fbzdVUHNBVGlfRjNZRHNMVUlpYmJDZ18ybVJEM1V2WjkxTi16X0Zlb2c5OUs1T0NEdjB5QktkSUtjOTBDRktlSFdfbjF2WDlqOHoxWGJsdzJQQUJZcmZETHUzekYwX0hHUlB2MGVOZ19vdTFCYkxR?oc=5"" target=""_blank"">AI Fuels 440% Surge in Hackers Using Blockchains in Attacks</a>&nbsp;&nbsp;<font color=""#6f6f6f"">Bloomberg.com</font>",Neutral,Community_Discussion,Dataset 2,OK,"Dataset 1, Dataset 2"
Victim-centric approach to financial cybercrime: exploring vulnerabilities in the Indian digital landscape - Nature,"<a href=""https://news.google.com/rss/articles/CBMiX0FVX3lxTE9GLXlXNUVxOVFabTNEOUN0QTBnUUF0SVRRVUFyVWJQRElyeVpKNk15RXpaNVBxN3NfNnFCa05BNXk1Z09uNTg4ZEVVVElqNXlFMlFiY3VSbUpRS0RPY1ZN?oc=5"" target=""_blank"">Victim-centric approach to financial cybercrime: exploring vulnerabilities in the Indian digital landscape</a>&nbsp;&nbsp;<font color=""#6f6f6f"">Nature</font>",https://news.google.com/rss/articles/CBMiX0FVX3lxTE9GLXlXNUVxOVFabTNEOUN0QTBnUUF0SVRRVUFyVWJQRElyeVpKNk15RXpaNVBxN3NfNnFCa05BNXk1Z09uNTg4ZEVVVElqNXlFMlFiY3VSbUpRS0RPY1ZN?oc=5,2026-06-17 07:00:00+00:00,2026-09-21 07:48:20.436591+00:00,Nature,cybercrime,"Victim-centric approach to financial cybercrime: exploring vulnerabilities in the Indian digital landscape - Nature <a href=""https://news.google.com/rss/articles/CBMiX0FVX3lxTE9GLXlXNUVxOVFabTNEOUN0QTBnUUF0SVRRVUFyVWJQRElyeVpKNk15RXpaNVBxN3NfNnFCa05BNXk1Z09uNTg4ZEVVVElqNXlFMlFiY3VSbUpRS0RPY1ZN?oc=5"" target=""_blank"">Victim-centric approach to financial cybercrime: exploring vulnerabilities in the Indian digital landscape</a>&nbsp;&nbsp;<font color=""#6f6f6f"">Nature</font>",Neutral,Community_Discussion,Dataset 2,OK,"Dataset 1, Dataset 2"
CyberSEE and CyberSPEX joined CyberSea Festival 2026 to advance cyber resilience and international co-operation against cybercrime - coe.int,"<a href=""https://news.google.com/rss/articles/CBMi_wFBVV95cUxPc0FrOF85dW9ibm9kSE5LelZnSjFaUWlqZ0tpZ2lMenlfQkNXUFlDZGpmeFBnS3lUWVJjZzVydV9GZzhnbGZudmhWaFN2RXlKOXpxQjdTaUxCMlVNMkZ4djBaakNjVk90anFYaFRpTTJqOEJVTk1ScUZRalZBaFZaVFNmbU4za1VxSkxhNk9mRUJVTmpmS0ZHN1ZTU0Z5Yi1NREhjdlZ5LVdiZ0VzczJLRTlFQjdKUzRIb3ZOQ2Job09GNHJVS3A0cnd3aUxMWnJJTU9yMF9EcnBZVlFmT2xyYmtwRUdLUlpQOUxoeU45Y0NSVzMtWHBMZGM0U2M0MG8?oc=5"" target=""_blank"">CyberSEE and CyberSPEX joined CyberSea Festival 2026 to advance cyber resilience and international co-operation against cybercrime</a>&nbsp;&nbsp;<font color=""#6f6f6f"">coe.int</font>",https://news.google.com/rss/articles/CBMi_wFBVV95cUxPc0FrOF85dW9ibm9kSE5LelZnSjFaUWlqZ0tpZ2lMenlfQkNXUFlDZGpmeFBnS3lUWVJjZzVydV9GZzhnbGZudmhWaFN2RXlKOXpxQjdTaUxCMlVNMkZ4djBaakNjVk90anFYaFRpTTJqOEJVTk1ScUZRalZBaFZaVFNmbU4za1VxSkxhNk9mRUJVTmpmS0ZHN1ZTU0Z5Yi1NREhjdlZ5LVdiZ0VzczJLRTlFQjdKUzRIb3ZOQ2Job09GNHJVS3A0cnd3aUxMWnJJTU9yMF9EcnBZVlFmT2xyYmtwRUdLUlpQOUxoeU45Y0NSVzMtWHBMZGM0U2M0MG8?oc=5,2026-07-31 13:18:03+00:00,2026-09-21 07:48:20.436604+00:00,coe.int,cybercrime,"CyberSEE and CyberSPEX joined CyberSea Festival 2026 to advance cyber resilience and international co-operation against cybercrime - coe.int <a href=""https://news.google.com/rss/articles/CBMi_wFBVV95cUxPc0FrOF85dW9ibm9kSE5LelZnSjFaUWlqZ0tpZ2lMenlfQkNXUFlDZGpmeFBnS3lUWVJjZzVydV9GZzhnbGZudmhWaFN2RXlKOXpxQjdTaUxCMlVNMkZ4djBaakNjVk90anFYaFRpTTJqOEJVTk1ScUZRalZBaFZaVFNmbU4za1VxSkxhNk9mRUJVTmpmS0ZHN1ZTU0Z5Yi1NREhjdlZ5LVdiZ0VzczJLRTlFQjdKUzRIb3ZOQ2Job09GNHJVS3A0cnd3aUxMWnJJTU9yMF9EcnBZVlFmT2xyYmtwRUdLUlpQOUxoeU45Y0NSVzMtWHBMZGM0U2M0MG8?oc=5"" target=""_blank"">CyberSEE and CyberSPEX joined CyberSea Festival 2026 to advance cyber resilience and international co-operation against cybercrime</a>&nbsp;&nbsp;<font color=""#6f6f6f"">coe.int</font>",Neutral,Community_Discussion,Dataset 2,OK,"Dataset 1, Dataset 2"
"Swedish teenager jailed for attempted murder, rape and assault committed online, with victims in Germany and Australia - theguardian.com","<a href=""https://news.google.com/rss/articles/CBMizAFBVV95cUxPQzFURjh0VDlOTHpUWURyNWp3Y25OUWFlNG5NLXJFc0duQ1FUZlJ6UElxaHhkd2xuMWhjRE80Y0xoQ0VaYS1JSXJpUW1nNk1Zc21icmZ3cjRaOExGVE45UEQzVzkwMlE0VEVEbGNjaXVTSi1QUmpMcmpkdEFfRTFvWlQyUmtvSTNiTzd1MUxnY0tCQVJ3V2J5cW5PYkZGRC1zTmdEb1NjLUdoc3o0dTNhN1ZPM1RPSHNpYVI1ZnMtaGVGbnJpSjRqcHZnQzE?oc=5"" target=""_blank"">Swedish teenager jailed for attempted murder, rape and assault committed online, with victims in Germany and Australia</a>&nbsp;&nbsp;<font color=""#6f6f6f"">theguardian.com</font>",https://news.google.com/rss/articles/CBMizAFBVV95cUxPQzFURjh0VDlOTHpUWURyNWp3Y25OUWFlNG5NLXJFc0duQ1FUZlJ6UElxaHhkd2xuMWhjRE80Y0xoQ0VaYS1JSXJpUW1nNk1Zc21icmZ3cjRaOExGVE45UEQzVzkwMlE0VEVEbGNjaXVTSi1QUmpMcmpkdEFfRTFvWlQyUmtvSTNiTzd1MUxnY0tCQVJ3V2J5cW5PYkZGRC1zTmdEb1NjLUdoc3o0dTNhN1ZPM1RPSHNpYVI1ZnMtaGVGbnJpSjRqcHZnQzE?oc=5,2026-09-18 15:02:00+00:00,2026-09-21 07:48:20.436619+00:00,theguardian.com,cybercrime,"Swedish teenager jailed for attempted murder, rape and assault committed online, with victims in Germany and Australia - theguardian.com <a href=""https://news.google.com/rss/articles/CBMizAFBVV95cUxPQzFURjh0VDlOTHpUWURyNWp3Y25OUWFlNG5NLXJFc0duQ1FUZlJ6UElxaHhkd2xuMWhjRE80Y0xoQ0VaYS1JSXJpUW1nNk1Zc21icmZ3cjRaOExGVE45UEQzVzkwMlE0VEVEbGNjaXVTSi1QUmpMcmpkdEFfRTFvWlQyUmtvSTNiTzd1MUxnY0tCQVJ3V2J5cW5PYkZGRC1zTmdEb1NjLUdoc3o0dTNhN1ZPM1RPSHNpYVI1ZnMtaGVGbnJpSjRqcHZnQzE?oc=5"" target=""_blank"">Swedish teenager jailed for attempted murder, rape and assault committed online, with victims in Germany and Australia</a>&nbsp;&nbsp;<font color=""#6f6f6f"">theguardian.com</font>",Neutral,Community_Discussion,Dataset 2,OK,"Dataset 1, Dataset 2"
How Kazakhstan is combating cybercrime - El.kz,"<a href=""https://news.google.com/rss/articles/CBMidEFVX3lxTFB4cmtCTzN1OWlfeFM4b1VQRklzSGtuLUNtQkFCUGEtM18tMG1nb0IzLUpiUHBEYUJteUFVT0ptVnYzdlVEM1VpaWpOaWNzMF96OXlLOWw0dTlaU1hiSFIwQl9jbm5NREJCcmV0ZHl3ZUZDQ01K0gF6QVVfeXFMT2Q5TExkSmdBaTJrbEN0Zkh3T1MxUVFwbE9PYzJ2SE5jLWttT295NFZsTWNzZWE2RERpNGhsYW1wYmtfS1h0OXc0bzlvYzNkT3Y2emRmYllWZUVRRF9peWFNb0FOS1NqazFwVGNfQUNvV0JjUU9HTHhwUHc?oc=5"" target=""_blank"">How Kazakhstan is combating cybercrime</a>&nbsp;&nbsp;<font color=""#6f6f6f"">El.kz</font>",https://news.google.com/rss/articles/CBMidEFVX3lxTFB4cmtCTzN1OWlfeFM4b1VQRklzSGtuLUNtQkFCUGEtM18tMG1nb0IzLUpiUHBEYUJteUFVT0ptVnYzdlVEM1VpaWpOaWNzMF96OXlLOWw0dTlaU1hiSFIwQl9jbm5NREJCcmV0ZHl3ZUZDQ01K0gF6QVVfeXFMT2Q5TExkSmdBaTJrbEN0Zkh3T1MxUVFwbE9PYzJ2SE5jLWttT295NFZsTWNzZWE2RERpNGhsYW1wYmtfS1h0OXc0bzlvYzNkT3Y2emRmYllWZUVRRF9peWFNb0FOS1NqazFwVGNfQUNvV0JjUU9HTHhwUHc?oc=5,2026-09-21 06:39:00+00:00,2026-09-21 07:48:20.436634+00:00,El.kz,cybercrime,"How Kazakhstan is combating cybercrime - El.kz <a href=""https://news.google.com/rss/articles/CBMidEFVX3lxTFB4cmtCTzN1OWlfeFM4b1VQRklzSGtuLUNtQkFCUGEtM18tMG1nb0IzLUpiUHBEYUJteUFVT0ptVnYzdlVEM1VpaWpOaWNzMF96OXlLOWw0dTlaU1hiSFIwQl9jbm5NREJCcmV0ZHl3ZUZDQ01K0gF6QVVfeXFMT2Q5TExkSmdBaTJrbEN0Zkh3T1MxUVFwbE9PYzJ2SE5jLWttT295NFZsTWNzZWE2RERpNGhsYW1wYmtfS1h0OXc0bzlvYzNkT3Y2emRmYllWZUVRRF9peWFNb0FOS1NqazFwVGNfQUNvV0JjUU9HTHhwUHc?oc=5"" target=""_blank"">How Kazakhstan is combating cybercrime</a>&nbsp;&nbsp;<font color=""#6f6f6f"">El.kz</font>",Negative,Community_Discussion,Dataset 2,OK,Dataset 2
"AI makes cybercrime campaigns cheaper, increasing ransomware attacks - MSSP Alert","<a href=""https://news.google.com/rss/articles/CBMikAFBVV95cUxQNEJFVnBYcjVfejhvSzFocGNSOUF4elQ5UDVkMm5qNy15YjdkWjExZnprY0xweHctem5kZGFmWmI2dzBsVC1DSk1FM3VIeXc0QUozSEZmRkhwWGpnRTlVa1FYWDBhZEF1RHlMcl9fV0FybFhkRk1LRkQzX2FZT2tsRjFZZGttM2xVTUpvSWY2NnM?oc=5"" target=""_blank"">AI makes cybercrime campaigns cheaper, increasing ransomware attacks</a>&nbsp;&nbsp;<font color=""#6f6f6f"">MSSP Alert</font>",https://news.google.com/rss/articles/CBMikAFBVV95cUxQNEJFVnBYcjVfejhvSzFocGNSOUF4elQ5UDVkMm5qNy15YjdkWjExZnprY0xweHctem5kZGFmWmI2dzBsVC1DSk1FM3VIeXc0QUozSEZmRkhwWGpnRTlVa1FYWDBhZEF1RHlMcl9fV0FybFhkRk1LRkQzX2FZT2tsRjFZZGttM2xVTUpvSWY2NnM?oc=5,2026-09-14 14:12:44+00:00,2026-09-21 07:48:20.436649+00:00,MSSP Alert,cybercrime,"AI makes cybercrime campaigns cheaper, increasing ransomware attacks - MSSP Alert <a href=""https://news.google.com/rss/articles/CBMikAFBVV95cUxQNEJFVnBYcjVfejhvSzFocGNSOUF4elQ5UDVkMm5qNy15YjdkWjExZnprY0xweHctem5kZGFmWmI2dzBsVC1DSk1FM3VIeXc0QUozSEZmRkhwWGpnRTlVa1FYWDBhZEF1RHlMcl9fV0FybFhkRk1LRkQzX2FZT2tsRjFZZGttM2xVTUpvSWY2NnM?oc=5"" target=""_blank"">AI makes cybercrime campaigns cheaper, increasing ransomware attacks</a>&nbsp;&nbsp;<font color=""#6f6f6f"">MSSP Alert</font>",Neutral,Community_Discussion,Dataset 2,OK,"Dataset 1, Dataset 2"
Meta to directly report child safety cases to Indian cybercrime authorities amid Centre’s increased scrutiny - India Legal,"<a href=""https://news.google.com/rss/articles/CBMigAJBVV95cUxNOXlEc3JGdDFqa0NrdjZFd0c5dm5mY3JtdmFNZXpJQ3U5OGNYNnFZMFBIV2tyWFU5em5rM0w5ZzZZZHlpLVVWY0ZtbmdVMTR0b2E0X29aTGFoM0taYmNfd21pWTlELWRCRzlia1RVSkN0a3dCRzkxcEU1UGhXZ19pWkV0NHpMVHVYU3Z3VWFJYXVwcUdMWnUxVzRURzhiYkpLd2YwRE9TNjZhWWNpb2tMeERYeHhmRDVUTU5kZlhaNk4zSzRIeDR4V2I2UFlVUnp4TFM1cGVESmg3emV5bVNWajM3TUJYNnRLUE4zdl9JRUpqNTBZVjFjREZEalFnUV93?oc=5"" target=""_blank"">Meta to directly report child safety cases to Indian cybercrime authorities amid Centre’s increased scrutiny</a>&nbsp;&nbsp;<font color=""#6f6f6f"">India Legal</font>",https://news.google.com/rss/articles/CBMigAJBVV95cUxNOXlEc3JGdDFqa0NrdjZFd0c5dm5mY3JtdmFNZXpJQ3U5OGNYNnFZMFBIV2tyWFU5em5rM0w5ZzZZZHlpLVVWY0ZtbmdVMTR0b2E0X29aTGFoM0taYmNfd21pWTlELWRCRzlia1RVSkN0a3dCRzkxcEU1UGhXZ19pWkV0NHpMVHVYU3Z3VWFJYXVwcUdMWnUxVzRURzhiYkpLd2YwRE9TNjZhWWNpb2tMeERYeHhmRDVUTU5kZlhaNk4zSzRIeDR4V2I2UFlVUnp4TFM1cGVESmg3emV5bVNWajM3TUJYNnRLUE4zdl9JRUpqNTBZVjFjREZEalFnUV93?oc=5,2026-09-15 09:30:00+00:00,2026-09-21 07:48:20.436664+00:00,India Legal,cybercrime,"Meta to directly report child safety cases to Indian cybercrime authorities amid Centre’s increased scrutiny - India Legal <a href=""https://news.google.com/rss/articles/CBMigAJBVV95cUxNOXlEc3JGdDFqa0NrdjZFd0c5dm5mY3JtdmFNZXpJQ3U5OGNYNnFZMFBIV2tyWFU5em5rM0w5ZzZZZHlpLVVWY0ZtbmdVMTR0b2E0X29aTGFoM0taYmNfd21pWTlELWRCRzlia1RVSkN0a3dCRzkxcEU1UGhXZ19pWkV0NHpMVHVYU3Z3VWFJYXVwcUdMWnUxVzRURzhiYkpLd2YwRE9TNjZhWWNpb2tMeERYeHhmRDVUTU5kZlhaNk4zSzRIeDR4V2I2UFlVUnp4TFM1cGVESmg3emV5bVNWajM3TUJYNnRLUE4zdl9JRUpqNTBZVjFjREZEalFnUV93?oc=5"" target=""_blank"">Meta to directly report child safety cases to Indian cybercrime authorities amid Centre’s increased scrutiny</a>&nbsp;&nbsp;<font color=""#6f6f6f"">India Legal</font>",Neutral,Community_Discussion,Dataset 2,OK,"Dataset 1, Dataset 2"
201 arrests in first-of-its-kind cybercrime operation in MENA region - Interpol,"<a href=""https://news.google.com/rss/articles/CBMiuwFBVV95cUxPd3ppVGpaeEtlN2lRUEpzcTJSZnhJQVprakFFd241QVdsU0JHdEFKb0V0WHE1c2VYY3k5R3FiYUFVUjktcFlQNVdXbE5sQnAzSW00SW5vOVY0YWd0NXZBZW9hS28tUkg0eUN2UzRQS1U3b2ZuVnZhUS1FaUdTcDlhTm5RazJaOFFxVmNhbGViZ1J5Ry1vLURHUWpuS2UwYVZoeGtqaGFGRGw0Mk93NXgxVU91NWpmRHhlMlJz?oc=5"" target=""_blank"">201 arrests in first-of-its-kind cybercrime operation in MENA region</a>&nbsp;&nbsp;<font color=""#6f6f6f"">Interpol</font>",https://news.google.com/rss/articles/CBMiuwFBVV95cUxPd3ppVGpaeEtlN2lRUEpzcTJSZnhJQVprakFFd241QVdsU0JHdEFKb0V0WHE1c2VYY3k5R3FiYUFVUjktcFlQNVdXbE5sQnAzSW00SW5vOVY0YWd0NXZBZW9hS28tUkg0eUN2UzRQS1U3b2ZuVnZhUS1FaUdTcDlhTm5RazJaOFFxVmNhbGViZ1J5Ry1vLURHUWpuS2UwYVZoeGtqaGFGRGw0Mk93NXgxVU91NWpmRHhlMlJz?oc=5,2026-05-18 07:00:00+00:00,2026-09-21 07:48:20.436677+00:00,Interpol,cybercrime,"201 arrests in first-of-its-kind cybercrime operation in MENA region - Interpol <a href=""https://news.google.com/rss/articles/CBMiuwFBVV95cUxPd3ppVGpaeEtlN2lRUEpzcTJSZnhJQVprakFFd241QVdsU0JHdEFKb0V0WHE1c2VYY3k5R3FiYUFVUjktcFlQNVdXbE5sQnAzSW00SW5vOVY0YWd0NXZBZW9hS28tUkg0eUN2UzRQS1U3b2ZuVnZhUS1FaUdTcDlhTm5RazJaOFFxVmNhbGViZ1J5Ry1vLURHUWpuS2UwYVZoeGtqaGFGRGw0Mk93NXgxVU91NWpmRHhlMlJz?oc=5"" target=""_blank"">201 arrests in first-of-its-kind cybercrime operation in MENA region</a>&nbsp;&nbsp;<font color=""#6f6f6f"">Interpol</font>",Neutral,Community_Discussion,Dataset 2,OK,"Dataset 1, Dataset 2"
20 years of the Cybercrime Convention Committee (T-CY) - coe.int,"<a href=""https://news.google.com/rss/articles/CBMimAFBVV95cUxNeU5hX3lLcmNGeWt4d3B3SU8zeEtYQXJRSjVteTBEd003NDVoQjhXYmNhak1hZGJwMWRPenVrWVZWbkwzVzR5amhlcVNCMk04eW5qUDVOWDNkakhfWGlIWGNiS3RWMnJqdzFjV3dCYVIwM2xRMktVWVdYNFpaMUt1dWFLTzlIMjBGS3lWQktQTEtJdkdYV2drUg?oc=5"" target=""_blank"">20 years of the Cybercrime Convention Committee (T-CY)</a>&nbsp;&nbsp;<font color=""#6f6f6f"">coe.int</font>",https://news.google.com/rss/articles/CBMimAFBVV95cUxNeU5hX3lLcmNGeWt4d3B3SU8zeEtYQXJRSjVteTBEd003NDVoQjhXYmNhak1hZGJwMWRPenVrWVZWbkwzVzR5amhlcVNCMk04eW5qUDVOWDNkakhfWGlIWGNiS3RWMnJqdzFjV3dCYVIwM2xRMktVWVdYNFpaMUt1dWFLTzlIMjBGS3lWQktQTEtJdkdYV2drUg?oc=5,2026-03-19 07:00:00+00:00,2026-09-21 07:48:20.436714+00:00,coe.int,cybercrime,"20 years of the Cybercrime Convention Committee (T-CY) - coe.int <a href=""https://news.google.com/rss/articles/CBMimAFBVV95cUxNeU5hX3lLcmNGeWt4d3B3SU8zeEtYQXJRSjVteTBEd003NDVoQjhXYmNhak1hZGJwMWRPenVrWVZWbkwzVzR5amhlcVNCMk04eW5qUDVOWDNkakhfWGlIWGNiS3RWMnJqdzFjV3dCYVIwM2xRMktVWVdYNFpaMUt1dWFLTzlIMjBGS3lWQktQTEtJdkdYV2drUg?oc=5"" target=""_blank"">20 years of the Cybercrime Convention Committee (T-CY)</a>&nbsp;&nbsp;<font color=""#6f6f6f"">coe.int</font>",Neutral,Community_Discussion,Dataset 2,OK,"Dataset 1, Dataset 2"
CyberSPEX and T-CY: Upcoming consultation with civil society stakeholders - coe.int,"<a href=""https://news.google.com/rss/articles/CBMisgFBVV95cUxORl95bGVmVVR0eXIxdmVtUjJXMF94RmhtMDFCOHlmWExuS09aSlVYSGl1U1B6MldDTXBNYzhVbl9FVDZZZi1XdE0wSXV4SVVzMk9uaUxyY2s0X3UxOGZuNXJ5WndkU2VlV3RreHhWLThQcDhMcnQtYlNOZnFPVk1DSWJkMTJLdnYzdkhoRzNYeTdrb0V2SndtNG5tbndQUHJQeTludHQwU2N2VHllMlhSSGx3?oc=5"" target=""_blank"">CyberSPEX and T-CY: Upcoming consultation with civil society stakeholders</a>&nbsp;&nbsp;<font color=""#6f6f6f"">coe.int</font>",https://news.google.com/rss/articles/CBMisgFBVV95cUxORl95bGVmVVR0eXIxdmVtUjJXMF94RmhtMDFCOHlmWExuS09aSlVYSGl1U1B6MldDTXBNYzhVbl9FVDZZZi1XdE0wSXV4SVVzMk9uaUxyY2s0X3UxOGZuNXJ5WndkU2VlV3RreHhWLThQcDhMcnQtYlNOZnFPVk1DSWJkMTJLdnYzdkhoRzNYeTdrb0V2SndtNG5tbndQUHJQeTludHQwU2N2VHllMlhSSGx3?oc=5,2026-05-28 07:00:00+00:00,2026-09-21 07:48:20.436728+00:00,coe.int,cybercrime,"CyberSPEX and T-CY: Upcoming consultation with civil society stakeholders - coe.int <a href=""https://news.google.com/rss/articles/CBMisgFBVV95cUxORl95bGVmVVR0eXIxdmVtUjJXMF94RmhtMDFCOHlmWExuS09aSlVYSGl1U1B6MldDTXBNYzhVbl9FVDZZZi1XdE0wSXV4SVVzMk9uaUxyY2s0X3UxOGZuNXJ5WndkU2VlV3RreHhWLThQcDhMcnQtYlNOZnFPVk1DSWJkMTJLdnYzdkhoRzNYeTdrb0V2SndtNG5tbndQUHJQeTludHQwU2N2VHllMlhSSGx3?oc=5"" target=""_blank"">CyberSPEX and T-CY: Upcoming consultation with civil society stakeholders</a>&nbsp;&nbsp;<font color=""#6f6f6f"">coe.int</font>",Neutral,Community_Discussion,Dataset 2,OK,"Dataset 1, Dataset 2"
Maharashtra leads India’s AI-powered cybercrime fight: Microsoft unveils MahaCrimeOS AI to combat cybercrime at scale - Microsoft Source,"<a href=""https://news.google.com/rss/articles/CBMi-gFBVV95cUxQWERXa29wLW13VHphQXREbXpGQXFCUmxIM3ZtNENyalNxMXVlYTM5U01yVW1UMlNROGRlM0tZcHdIZ1F3ZG5OZ1l4MFlkT1M1dXRvblgyOUZlOTRfbE1sZjFpakI4aG1mb0dSSzc2ajRvMjY2LXRPdjFNeW8wdDM5UWFnRDBsc0RuaFdadmNTaF9zNl82S1BkMFNVZUxMOTljbGJleDJIN09vdEVFWXotSkV2TTJzZ0ZvU25JcEtfc2YxV2xWNS1nZzJDVWE4TVpkZFkzOUZvcEc0NlgtUW1jNGdmUEtGajFJSDBqcTBjb1NYaEM3dFg5Znhn?oc=5"" target=""_blank"">Maharashtra leads India’s AI-powered cybercrime fight: Microsoft unveils MahaCrimeOS AI to combat cybercrime at scale</a>&nbsp;&nbsp;<font color=""#6f6f6f"">Microsoft Source</font>",https://news.google.com/rss/articles/CBMi-gFBVV95cUxQWERXa29wLW13VHphQXREbXpGQXFCUmxIM3ZtNENyalNxMXVlYTM5U01yVW1UMlNROGRlM0tZcHdIZ1F3ZG5OZ1l4MFlkT1M1dXRvblgyOUZlOTRfbE1sZjFpakI4aG1mb0dSSzc2ajRvMjY2LXRPdjFNeW8wdDM5UWFnRDBsc0RuaFdadmNTaF9zNl82S1BkMFNVZUxMOTljbGJleDJIN09vdEVFWXotSkV2TTJzZ0ZvU25JcEtfc2YxV2xWNS1nZzJDVWE4TVpkZFkzOUZvcEc0NlgtUW1jNGdmUEtGajFJSDBqcTBjb1NYaEM3dFg5Znhn?oc=5,2025-12-12 08:00:00+00:00,2026-09-21 07:48:20.436742+00:00,Microsoft Source,cybercrime,"Maharashtra leads India’s AI-powered cybercrime fight: Microsoft unveils MahaCrimeOS AI to combat cybercrime at scale - Microsoft Source <a href=""https://news.google.com/rss/articles/CBMi-gFBVV95cUxQWERXa29wLW13VHphQXREbXpGQXFCUmxIM3ZtNENyalNxMXVlYTM5U01yVW1UMlNROGRlM0tZcHdIZ1F3ZG5OZ1l4MFlkT1M1dXRvblgyOUZlOTRfbE1sZjFpakI4aG1mb0dSSzc2ajRvMjY2LXRPdjFNeW8wdDM5UWFnRDBsc0RuaFdadmNTaF9zNl82S1BkMFNVZUxMOTljbGJleDJIN09vdEVFWXotSkV2TTJzZ0ZvU25JcEtfc2YxV2xWNS1nZzJDVWE4TVpkZFkzOUZvcEc0NlgtUW1jNGdmUEtGajFJSDBqcTBjb1NYaEM3dFg5Znhn?oc=5"" target=""_blank"">Maharashtra leads India’s AI-powered cybercrime fight: Microsoft unveils MahaCrimeOS AI to combat cybercrime at scale</a>&nbsp;&nbsp;<font color=""#6f6f6f"">Microsoft Source</font>",Neutral,Community_Discussion,Dataset 2,OK,"Dataset 1, Dataset 2"
Cybercrime and women: What gets counted? - India Development Review,"<a href=""https://news.google.com/rss/articles/CBMiggFBVV95cUxQNWVZbGJ2cDVMVU1mQ2F0NzBRbFhya2pSNzB5NVhaSUg4SzE4ei1EOXpuOW1hUDFNT1o5NDdOb3VhcnZKdThIRHA2QnNFT092OXBiZmtpaHJLb1hiT2hCWlduQ2p1TEY2M3RUVWt5ZXU2U2t5U1J3RlF6aXg3anlzU3Bn?oc=5"" target=""_blank"">Cybercrime and women: What gets counted?</a>&nbsp;&nbsp;<font color=""#6f6f6f"">India Development Review</font>",https://news.google.com/rss/articles/CBMiggFBVV95cUxQNWVZbGJ2cDVMVU1mQ2F0NzBRbFhya2pSNzB5NVhaSUg4SzE4ei1EOXpuOW1hUDFNT1o5NDdOb3VhcnZKdThIRHA2QnNFT092OXBiZmtpaHJLb1hiT2hCWlduQ2p1TEY2M3RUVWt5ZXU2U2t5U1J3RlF6aXg3anlzU3Bn?oc=5,2026-07-09 07:00:00+00:00,2026-09-21 07:48:20.436761+00:00,India Development Review,cybercrime,"Cybercrime and women: What gets counted? - India Development Review <a href=""https://news.google.com/rss/articles/CBMiggFBVV95cUxQNWVZbGJ2cDVMVU1mQ2F0NzBRbFhya2pSNzB5NVhaSUg4SzE4ei1EOXpuOW1hUDFNT1o5NDdOb3VhcnZKdThIRHA2QnNFT092OXBiZmtpaHJLb1hiT2hCWlduQ2p1TEY2M3RUVWt5ZXU2U2t5U1J3RlF6aXg3anlzU3Bn?oc=5"" target=""_blank"">Cybercrime and women: What gets counted?</a>&nbsp;&nbsp;<font color=""#6f6f6f"">India Development Review</font>",Positive,Community_Discussion,Dataset 2,OK,"Dataset 1, Dataset 2"
Winner Announcement for Cyber Smart Idea Challenge Building a Cybercrime – free Digital Bharat - MyGov Blogs,"<a href=""https://news.google.com/rss/articles/CBMitgFBVV95cUxOd1Jrc1c4VUY0WnZXOVBjYUVPaGp2Q3Q3Q01fV055Mk1yeGo0V3Q5R3VKOEpPQnJlakJaOVVWOGhPTVNPQVp4cGZ5RTB4MlhpQmZjRVhzV2lha09JZ2ZTdFc5cmtfbFRiODFVbUduWnpvS01uYVdHRFlrM1JBWkdEaGlEYVE5QktqTXByNTB4Vzk0STR1RTlhOS1rMkRwUFhkOUg0T1NJNDRtQlRmSTJzczhWMWt4dw?oc=5"" target=""_blank"">Winner Announcement for Cyber Smart Idea Challenge Building a Cybercrime – free Digital Bharat</a>&nbsp;&nbsp;<font color=""#6f6f6f"">MyGov Blogs</font>",https://news.google.com/rss/articles/CBMitgFBVV95cUxOd1Jrc1c4VUY0WnZXOVBjYUVPaGp2Q3Q3Q01fV055Mk1yeGo0V3Q5R3VKOEpPQnJlakJaOVVWOGhPTVNPQVp4cGZ5RTB4MlhpQmZjRVhzV2lha09JZ2ZTdFc5cmtfbFRiODFVbUduWnpvS01uYVdHRFlrM1JBWkdEaGlEYVE5QktqTXByNTB4Vzk0STR1RTlhOS1rMkRwUFhkOUg0T1NJNDRtQlRmSTJzczhWMWt4dw?oc=5,2026-01-07 08:00:00+00:00,2026-09-21 07:48:20.436777+00:00,MyGov Blogs,cybercrime,"Winner Announcement for Cyber Smart Idea Challenge Building a Cybercrime – free Digital Bharat - MyGov Blogs <a href=""https://news.google.com/rss/articles/CBMitgFBVV95cUxOd1Jrc1c4VUY0WnZXOVBjYUVPaGp2Q3Q3Q01fV055Mk1yeGo0V3Q5R3VKOEpPQnJlakJaOVVWOGhPTVNPQVp4cGZ5RTB4MlhpQmZjRVhzV2lha09JZ2ZTdFc5cmtfbFRiODFVbUduWnpvS01uYVdHRFlrM1JBWkdEaGlEYVE5QktqTXByNTB4Vzk0STR1RTlhOS1rMkRwUFhkOUg0T1NJNDRtQlRmSTJzczhWMWt4dw?oc=5"" target=""_blank"">Winner Announcement for Cyber Smart Idea Challenge Building a Cybercrime – free Digital Bharat</a>&nbsp;&nbsp;<font color=""#6f6f6f"">MyGov Blogs</font>",Neutral,Feature_Feedback,Dataset 2,OK,"Dataset 1, Dataset 2"
"CyberEast+, CyberSEE, CyberSouth+, GLACY-e: Enhancing knowledge of cybercrime experts through a regional cybercrime co-operation exercise - coe.int","<a href=""https://news.google.com/rss/articles/CBMigAJBVV95cUxPcVlnUktuMzd6d1Z4Q3hDc09NMHdIWG9QcVRrSzZZWXBmMUJLb0VrUGhoSzVEUEtGOU9JQWFwQml5bnZESDkzWmxycW0yeTBzR1ZWeTRFd25EMmMwUXdYX0VmUjRlVVp0Y0hTSFJZQjdIODRya1A5amhyV3l6Zllhc2YtS0hiRm4tazVWdEVFYWYwdUR4RHFSWkdQcHR1UzU3bmw1a3kxXzBIWnFJQ3FNMV90azdpX0hBY2hlOFJLZEkyalRqeWhNNHFna3kyTzl2eDRfRDNYbHJYejNBOFktUG56MUNPaEIycHNWR2k5LVpiN0FibTliLWFRTHNxVVVZ?oc=5"" target=""_blank"">CyberEast+, CyberSEE, CyberSouth+, GLACY-e: Enhancing knowledge of cybercrime experts through a regional cybercrime co-operation exercise</a>&nbsp;&nbsp;<font color=""#6f6f6f"">coe.int</font>",https://news.google.com/rss/articles/CBMigAJBVV95cUxPcVlnUktuMzd6d1Z4Q3hDc09NMHdIWG9QcVRrSzZZWXBmMUJLb0VrUGhoSzVEUEtGOU9JQWFwQml5bnZESDkzWmxycW0yeTBzR1ZWeTRFd25EMmMwUXdYX0VmUjRlVVp0Y0hTSFJZQjdIODRya1A5amhyV3l6Zllhc2YtS0hiRm4tazVWdEVFYWYwdUR4RHFSWkdQcHR1UzU3bmw1a3kxXzBIWnFJQ3FNMV90azdpX0hBY2hlOFJLZEkyalRqeWhNNHFna3kyTzl2eDRfRDNYbHJYejNBOFktUG56MUNPaEIycHNWR2k5LVpiN0FibTliLWFRTHNxVVVZ?oc=5,2026-04-09 07:00:00+00:00,2026-09-21 07:48:20.436792+00:00,coe.int,cybercrime,"CyberEast+, CyberSEE, CyberSouth+, GLACY-e: Enhancing knowledge of cybercrime experts through a regional cybercrime co-operation exercise - coe.int <a href=""https://news.google.com/rss/articles/CBMigAJBVV95cUxPcVlnUktuMzd6d1Z4Q3hDc09NMHdIWG9QcVRrSzZZWXBmMUJLb0VrUGhoSzVEUEtGOU9JQWFwQml5bnZESDkzWmxycW0yeTBzR1ZWeTRFd25EMmMwUXdYX0VmUjRlVVp0Y0hTSFJZQjdIODRya1A5amhyV3l6Zllhc2YtS0hiRm4tazVWdEVFYWYwdUR4RHFSWkdQcHR1UzU3bmw1a3kxXzBIWnFJQ3FNMV90azdpX0hBY2hlOFJLZEkyalRqeWhNNHFna3kyTzl2eDRfRDNYbHJYejNBOFktUG56MUNPaEIycHNWR2k5LVpiN0FibTliLWFRTHNxVVVZ?oc=5"" target=""_blank"">CyberEast+, CyberSEE, CyberSouth+, GLACY-e: Enhancing knowledge of cybercrime experts through a regional cybercrime co-operation exercise</a>&nbsp;&nbsp;<font color=""#6f6f6f"">coe.int</font>",Neutral,Community_Discussion,Dataset 2,OK,"Dataset 1, Dataset 2"
Delhi Police arrests 916 people in online fraud and cybercrime cases under Operation CyHawk 5.0 - News On AIR,"<a href=""https://news.google.com/rss/articles/CBMivgFBVV95cUxNVDA3MGJYU2hDeTN3VGhBOV9Say0wSzg2VGlxQXhnYUtrcEpQWUFPc1lfQ1NWbUxSaHNmZEZQdXlGNUFPcTFBaUF0RWNZekZTVVR1Q29tSlhDSlUzLVpqT25VNGZXejVRcUhyUjQ1Y1d0by0tek1uRWg2Qy1iTzRDR2QxT29JcmZ1ZVFRRXJHYnVSZGVqQU1KLU1iX3pGV2hDSzVMUUN2NFhhWUlNYXBNM0hpMHd1a2tZT1c1THFB?oc=5"" target=""_blank"">Delhi Police arrests 916 people in online fraud and cybercrime cases under Operation CyHawk 5.0</a>&nbsp;&nbsp;<font color=""#6f6f6f"">News On AIR</font>",https://news.google.com/rss/articles/CBMivgFBVV95cUxNVDA3MGJYU2hDeTN3VGhBOV9Say0wSzg2VGlxQXhnYUtrcEpQWUFPc1lfQ1NWbUxSaHNmZEZQdXlGNUFPcTFBaUF0RWNZekZTVVR1Q29tSlhDSlUzLVpqT25VNGZXejVRcUhyUjQ1Y1d0by0tek1uRWg2Qy1iTzRDR2QxT29JcmZ1ZVFRRXJHYnVSZGVqQU1KLU1iX3pGV2hDSzVMUUN2NFhhWUlNYXBNM0hpMHd1a2tZT1c1THFB?oc=5,2026-06-19 07:00:00+00:00,2026-09-21 07:48:20.436807+00:00,News On AIR,cybercrime,"Delhi Police arrests 916 people in online fraud and cybercrime cases under Operation CyHawk 5.0 - News On AIR <a href=""https://news.google.com/rss/articles/CBMivgFBVV95cUxNVDA3MGJYU2hDeTN3VGhBOV9Say0wSzg2VGlxQXhnYUtrcEpQWUFPc1lfQ1NWbUxSaHNmZEZQdXlGNUFPcTFBaUF0RWNZekZTVVR1Q29tSlhDSlUzLVpqT25VNGZXejVRcUhyUjQ1Y1d0by0tek1uRWg2Qy1iTzRDR2QxT29JcmZ1ZVFRRXJHYnVSZGVqQU1KLU1iX3pGV2hDSzVMUUN2NFhhWUlNYXBNM0hpMHd1a2tZT1c1THFB?oc=5"" target=""_blank"">Delhi Police arrests 916 people in online fraud and cybercrime cases under Operation CyHawk 5.0</a>&nbsp;&nbsp;<font color=""#6f6f6f"">News On AIR</font>",Neutral,Community_Discussion,Dataset 2,OK,"Dataset 1, Dataset 2"
"CyberEast+, CyberSouth+ and Octopus Project: Guidelines facilitating mutual legal assistance in cybercrime and electronic evidence were reinforced - coe.int","<a href=""https://news.google.com/rss/articles/CBMi-gFBVV95cUxNRkpwZ2dwRWRmSGc1X0NfYjgyb1p3UFA5VUs0eGVaTmIzRjhtalM2c0VSZmhrOXRyVkhuemx5bWd6VTBFOGtEZFhSYlRpMEg4YXY5M2dINUR4a01rNW5Rc2dSSnh2SW9UcGFYbHhYZXVrN0tKWjE0WkRoR25FeFNmaVo5QktrNTRzSS1jNUZ6blNaRy1OYVhlMEdaeXB2S01BUy1FWk9uR3JSMmQ4eVJaanNDTzRoZ0dQSEhUcnJ3alNCVXNicS1NLVozMUpLcXprZUlXOFo0VTVGOGdES3R6LXdWVEs4MUc1N3Y3Z0lNcVVFUUF4TXRIcnlR?oc=5"" target=""_blank"">CyberEast+, CyberSouth+ and Octopus Project: Guidelines facilitating mutual legal assistance in cybercrime and electronic evidence were reinforced</a>&nbsp;&nbsp;<font color=""#6f6f6f"">coe.int</font>",https://news.google.com/rss/articles/CBMi-gFBVV95cUxNRkpwZ2dwRWRmSGc1X0NfYjgyb1p3UFA5VUs0eGVaTmIzRjhtalM2c0VSZmhrOXRyVkhuemx5bWd6VTBFOGtEZFhSYlRpMEg4YXY5M2dINUR4a01rNW5Rc2dSSnh2SW9UcGFYbHhYZXVrN0tKWjE0WkRoR25FeFNmaVo5QktrNTRzSS1jNUZ6blNaRy1OYVhlMEdaeXB2S01BUy1FWk9uR3JSMmQ4eVJaanNDTzRoZ0dQSEhUcnJ3alNCVXNicS1NLVozMUpLcXprZUlXOFo0VTVGOGdES3R6LXdWVEs4MUc1N3Y3Z0lNcVVFUUF4TXRIcnlR?oc=5,2026-04-23 07:00:00+00:00,2026-09-21 07:48:20.436821+00:00,coe.int,cybercrime,"CyberEast+, CyberSouth+ and Octopus Project: Guidelines facilitating mutual legal assistance in cybercrime and electronic evidence were reinforced - coe.int <a href=""https://news.google.com/rss/articles/CBMi-gFBVV95cUxNRkpwZ2dwRWRmSGc1X0NfYjgyb1p3UFA5VUs0eGVaTmIzRjhtalM2c0VSZmhrOXRyVkhuemx5bWd6VTBFOGtEZFhSYlRpMEg4YXY5M2dINUR4a01rNW5Rc2dSSnh2SW9UcGFYbHhYZXVrN0tKWjE0WkRoR25FeFNmaVo5QktrNTRzSS1jNUZ6blNaRy1OYVhlMEdaeXB2S01BUy1FWk9uR3JSMmQ4eVJaanNDTzRoZ0dQSEhUcnJ3alNCVXNicS1NLVozMUpLcXprZUlXOFo0VTVGOGdES3R6LXdWVEs4MUc1N3Y3Z0lNcVVFUUF4TXRIcnlR?oc=5"" target=""_blank"">CyberEast+, CyberSouth+ and Octopus Project: Guidelines facilitating mutual legal assistance in cybercrime and electronic evidence were reinforced</a>&nbsp;&nbsp;<font color=""#6f6f6f"">coe.int</font>",Neutral,Community_Discussion,Dataset 2,OK,"Dataset 1, Dataset 2"
The Shifting Contours of Transnational Cybercrime in the Asia-Pacific - The Diplomat – Asia-Pacific Current Affairs Magazine,"<a href=""https://news.google.com/rss/articles/CBMipAFBVV95cUxNSUpsSmFsU1htd3FldWo4akd5eEVlUy02WjBLUDlvSmptei1VWEtvRlNyRFFfMUFOWEhKYzltTmswYUdCaTFIYzZldXRCUUJMb0h2RkdmbkhieVhRNUk5cjlsRm15SUN4MHNwTHJyQVpSZDZBYlU3RnA0MHFFTlpiWUVpYXhmMVZ2QzRGVEt5RDE1VXA1YkRVRE1ueG5UQ3ZnN0txZA?oc=5"" target=""_blank"">The Shifting Contours of Transnational Cybercrime in the Asia-Pacific</a>&nbsp;&nbsp;<font color=""#6f6f6f"">The Diplomat – Asia-Pacific Current Affairs Magazine</font>",https://news.google.com/rss/articles/CBMipAFBVV95cUxNSUpsSmFsU1htd3FldWo4akd5eEVlUy02WjBLUDlvSmptei1VWEtvRlNyRFFfMUFOWEhKYzltTmswYUdCaTFIYzZldXRCUUJMb0h2RkdmbkhieVhRNUk5cjlsRm15SUN4MHNwTHJyQVpSZDZBYlU3RnA0MHFFTlpiWUVpYXhmMVZ2QzRGVEt5RDE1VXA1YkRVRE1ueG5UQ3ZnN0txZA?oc=5,2026-07-28 07:00:00+00:00,2026-09-21 07:48:20.436834+00:00,The Diplomat – Asia-Pacific Current Affairs Magazine,cybercrime,"The Shifting Contours of Transnational Cybercrime in the Asia-Pacific - The Diplomat – Asia-Pacific Current Affairs Magazine <a href=""https://news.google.com/rss/articles/CBMipAFBVV95cUxNSUpsSmFsU1htd3FldWo4akd5eEVlUy02WjBLUDlvSmptei1VWEtvRlNyRFFfMUFOWEhKYzltTmswYUdCaTFIYzZldXRCUUJMb0h2RkdmbkhieVhRNUk5cjlsRm15SUN4MHNwTHJyQVpSZDZBYlU3RnA0MHFFTlpiWUVpYXhmMVZ2QzRGVEt5RDE1VXA1YkRVRE1ueG5UQ3ZnN0txZA?oc=5"" target=""_blank"">The Shifting Contours of Transnational Cybercrime in the Asia-Pacific</a>&nbsp;&nbsp;<font color=""#6f6f6f"">The Diplomat – Asia-Pacific Current Affairs Magazine</font>",Neutral,Community_Discussion,Dataset 2,OK,"Dataset 1, Dataset 2"
"China: Cybercrime Bill Entrenches Censorship, Surveillance - Human Rights Watch","<a href=""https://news.google.com/rss/articles/CBMilwFBVV95cUxNTDdMdG9QU0xZZzVsVmdETHRqMHRXZkFrWUR0SExqM1hMNGJKUWEyZEdsWWtSbjRCWkVValY2d0pLS0ZmTHY4dndRYjJ0Rl94bGNMQ1RTYnNLLWxxWXE5Zlg5ODlLdllRNURMemZoVTNaNXhheWpFakVTaEdTai1FU2t5NlJYWjJoVGFPRDRiMFZKdm14U0Q0?oc=5"" target=""_blank"">China: Cybercrime Bill Entrenches Censorship, Surveillance</a>&nbsp;&nbsp;<font color=""#6f6f6f"">Human Rights Watch</font>",https://news.google.com/rss/articles/CBMilwFBVV95cUxNTDdMdG9QU0xZZzVsVmdETHRqMHRXZkFrWUR0SExqM1hMNGJKUWEyZEdsWWtSbjRCWkVValY2d0pLS0ZmTHY4dndRYjJ0Rl94bGNMQ1RTYnNLLWxxWXE5Zlg5ODlLdllRNURMemZoVTNaNXhheWpFakVTaEdTai1FU2t5NlJYWjJoVGFPRDRiMFZKdm14U0Q0?oc=5,2026-03-17 07:00:00+00:00,2026-09-21 07:48:20.436849+00:00,Human Rights Watch,cybercrime,"China: Cybercrime Bill Entrenches Censorship, Surveillance - Human Rights Watch <a href=""https://news.google.com/rss/articles/CBMilwFBVV95cUxNTDdMdG9QU0xZZzVsVmdETHRqMHRXZkFrWUR0SExqM1hMNGJKUWEyZEdsWWtSbjRCWkVValY2d0pLS0ZmTHY4dndRYjJ0Rl94bGNMQ1RTYnNLLWxxWXE5Zlg5ODlLdllRNURMemZoVTNaNXhheWpFakVTaEdTai1FU2t5NlJYWjJoVGFPRDRiMFZKdm14U0Q0?oc=5"" target=""_blank"">China: Cybercrime Bill Entrenches Censorship, Surveillance</a>&nbsp;&nbsp;<font color=""#6f6f6f"">Human Rights Watch</font>",Neutral,Community_Discussion,Dataset 2,OK,"Dataset 1, Dataset 2"
How Cybercrime Became a Leading Industry in ‘Scambodia’ - WSJ,"<a href=""https://news.google.com/rss/articles/CBMid0FVX3lxTFBGVWd3d0NPdXFGQko4d2lKcFJzb3UzTjRiTkpfQTJUeXl3VVhOYm5hUWJrX3QxbTRXdjZIYy0ydUJmNFB0Q2N5MFZBS3FqMVk3U19MRVNjUFBTNHRfRmRiLThQTEhYZXVGT0I3R0tCUXVKQVlxVUJF?oc=5"" target=""_blank"">How Cybercrime Became a Leading Industry in ‘Scambodia’</a>&nbsp;&nbsp;<font color=""#6f6f6f"">WSJ</font>",https://news.google.com/rss/articles/CBMid0FVX3lxTFBGVWd3d0NPdXFGQko4d2lKcFJzb3UzTjRiTkpfQTJUeXl3VVhOYm5hUWJrX3QxbTRXdjZIYy0ydUJmNFB0Q2N5MFZBS3FqMVk3U19MRVNjUFBTNHRfRmRiLThQTEhYZXVGT0I3R0tCUXVKQVlxVUJF?oc=5,2026-04-21 07:00:00+00:00,2026-09-21 07:48:20.436864+00:00,WSJ,cybercrime,"How Cybercrime Became a Leading Industry in ‘Scambodia’ - WSJ <a href=""https://news.google.com/rss/articles/CBMid0FVX3lxTFBGVWd3d0NPdXFGQko4d2lKcFJzb3UzTjRiTkpfQTJUeXl3VVhOYm5hUWJrX3QxbTRXdjZIYy0ydUJmNFB0Q2N5MFZBS3FqMVk3U19MRVNjUFBTNHRfRmRiLThQTEhYZXVGT0I3R0tCUXVKQVlxVUJF?oc=5"" target=""_blank"">How Cybercrime Became a Leading Industry in ‘Scambodia’</a>&nbsp;&nbsp;<font color=""#6f6f6f"">WSJ</font>",Negative,Community_Discussion,Dataset 2,OK,"Dataset 1, Dataset 2"
15 Cybercrime Cases in Just 15 Days Put Hisar on Alert - The420.in,"<a href=""https://news.google.com/rss/articles/CBMiZEFVX3lxTE9RUnI5WG9TaWdHQ2d4LXRKdTBOQ1NZamJGd1R1T2U4TFRuUjdMbVhORFJoVmptbkNNazc5b252djN5RzhRXzVjbFBOS0VVajZQTlNpelplaEpZSERlaTRiT3luVlo?oc=5"" target=""_blank"">15 Cybercrime Cases in Just 15 Days Put Hisar on Alert</a>&nbsp;&nbsp;<font color=""#6f6f6f"">The420.in</font>",https://news.google.com/rss/articles/CBMiZEFVX3lxTE9RUnI5WG9TaWdHQ2d4LXRKdTBOQ1NZamJGd1R1T2U4TFRuUjdMbVhORFJoVmptbkNNazc5b252djN5RzhRXzVjbFBOS0VVajZQTlNpelplaEpZSERlaTRiT3luVlo?oc=5,2026-09-20 04:32:38+00:00,2026-09-21 07:48:20.436877+00:00,The420.in,cybercrime,"15 Cybercrime Cases in Just 15 Days Put Hisar on Alert - The420.in <a href=""https://news.google.com/rss/articles/CBMiZEFVX3lxTE9RUnI5WG9TaWdHQ2d4LXRKdTBOQ1NZamJGd1R1T2U4TFRuUjdMbVhORFJoVmptbkNNazc5b252djN5RzhRXzVjbFBOS0VVajZQTlNpelplaEpZSERlaTRiT3luVlo?oc=5"" target=""_blank"">15 Cybercrime Cases in Just 15 Days Put Hisar on Alert</a>&nbsp;&nbsp;<font color=""#6f6f6f"">The420.in</font>",Neutral,Community_Discussion,Dataset 2,OK,"Dataset 1, Dataset 2"
Call centres dismantled and ten arrested in EUR 50 million online fraud case - Europol,"<a href=""https://news.google.com/rss/articles/CBMizAFBVV95cUxOTWxvd2drNG1DUG1NNWxJS3ZjaVN4bUNhazQ5R0xDQmY0X2dXQUQtTHdjdDQ4QnZyaW5aQlVtdG1LNEpMeG1FNzdWMDhhMzVkRWh3VTl5RkpxWVN2ZFdsaFBqLUI4RjJOa1RtSmRNVXF3Ty1sSGhhRXB6M09fREN6OGd5MGFZa1l4Z19UZmQ5UWQ1SVVjZXNJM2RoUUtTOEh0SS1vQWF3MjBoUkxseTF2dnBSdDdCMUx3M1ZndzVOSVVJSGRleVhGZGZEblU?oc=5"" target=""_blank"">Call centres dismantled and ten arrested in EUR 50 million online fraud case</a>&nbsp;&nbsp;<font color=""#6f6f6f"">Europol</font>",https://news.google.com/rss/articles/CBMizAFBVV95cUxOTWxvd2drNG1DUG1NNWxJS3ZjaVN4bUNhazQ5R0xDQmY0X2dXQUQtTHdjdDQ4QnZyaW5aQlVtdG1LNEpMeG1FNzdWMDhhMzVkRWh3VTl5RkpxWVN2ZFdsaFBqLUI4RjJOa1RtSmRNVXF3Ty1sSGhhRXB6M09fREN6OGd5MGFZa1l4Z19UZmQ5UWQ1SVVjZXNJM2RoUUtTOEh0SS1vQWF3MjBoUkxseTF2dnBSdDdCMUx3M1ZndzVOSVVJSGRleVhGZGZEblU?oc=5,2026-04-29 07:00:00+00:00,2026-09-21 07:48:20.436891+00:00,Europol,cybercrime,"Call centres dismantled and ten arrested in EUR 50 million online fraud case - Europol <a href=""https://news.google.com/rss/articles/CBMizAFBVV95cUxOTWxvd2drNG1DUG1NNWxJS3ZjaVN4bUNhazQ5R0xDQmY0X2dXQUQtTHdjdDQ4QnZyaW5aQlVtdG1LNEpMeG1FNzdWMDhhMzVkRWh3VTl5RkpxWVN2ZFdsaFBqLUI4RjJOa1RtSmRNVXF3Ty1sSGhhRXB6M09fREN6OGd5MGFZa1l4Z19UZmQ5UWQ1SVVjZXNJM2RoUUtTOEh0SS1vQWF3MjBoUkxseTF2dnBSdDdCMUx3M1ZndzVOSVVJSGRleVhGZGZEblU?oc=5"" target=""_blank"">Call centres dismantled and ten arrested in EUR 50 million online fraud case</a>&nbsp;&nbsp;<font color=""#6f6f6f"">Europol</font>",Neutral,Community_Discussion,Dataset 2,OK,"Dataset 1, Dataset 2"
What to know about cybercrime in 2026 - United Nations Office on Drugs and Crime,"<a href=""https://news.google.com/rss/articles/CBMimAFBVV95cUxQczBXY1NXVU1sSlBiRHJXS05qVkVUVlRjZjZBOEkyblk4aGNjMDY4aU5oMUV1UkxRR2wtYWp2ZHpSNm00cXNOejJ2LS1rYWNBTmZBaEUwOVhQRldrbTVRRUhHNDJrVXh0ZmItYUMwVVFyZmVjNVJ1ODNwSGE2bWNzLUVKQkVSdk9ITzBJRFVwU2l5al94cWhkdQ?oc=5"" target=""_blank"">What to know about cybercrime in 2026</a>&nbsp;&nbsp;<font color=""#6f6f6f"">United Nations Office on Drugs and Crime</font>",https://news.google.com/rss/articles/CBMimAFBVV95cUxQczBXY1NXVU1sSlBiRHJXS05qVkVUVlRjZjZBOEkyblk4aGNjMDY4aU5oMUV1UkxRR2wtYWp2ZHpSNm00cXNOejJ2LS1rYWNBTmZBaEUwOVhQRldrbTVRRUhHNDJrVXh0ZmItYUMwVVFyZmVjNVJ1ODNwSGE2bWNzLUVKQkVSdk9ITzBJRFVwU2l5al94cWhkdQ?oc=5,2025-10-25 07:00:00+00:00,2026-09-21 07:48:20.436904+00:00,United Nations Office on Drugs and Crime,cybercrime,"What to know about cybercrime in 2026 - United Nations Office on Drugs and Crime <a href=""https://news.google.com/rss/articles/CBMimAFBVV95cUxQczBXY1NXVU1sSlBiRHJXS05qVkVUVlRjZjZBOEkyblk4aGNjMDY4aU5oMUV1UkxRR2wtYWp2ZHpSNm00cXNOejJ2LS1rYWNBTmZBaEUwOVhQRldrbTVRRUhHNDJrVXh0ZmItYUMwVVFyZmVjNVJ1ODNwSGE2bWNzLUVKQkVSdk9ITzBJRFVwU2l5al94cWhkdQ?oc=5"" target=""_blank"">What to know about cybercrime in 2026</a>&nbsp;&nbsp;<font color=""#6f6f6f"">United Nations Office on Drugs and Crime</font>",Neutral,Community_Discussion,Dataset 2,OK,"Dataset 1, Dataset 2"
Meta to Report Child Safety Cases Directly to India's Cybercrime Portal - Rediff MoneyWiz,"<a href=""https://news.google.com/rss/articles/CBMiwAFBVV95cUxNeS1wa25FVWtoa1JHS2dFUlBMaUhXM1QtM1NjYnJmYklmd0R5U0RfU3o5emhpNXlqdXc1MGM1QWVWZG9waEwwUmdnZl9uN1lxQ3paZF9ZZ1I5M0FUTkh1T3ByemZRYXZKZm92Q2FTZVlaOFhBYzZZSEtPajRzcWdsdmVyRGd2V2U3U25rYk9QQU1ZOGhnRmk0U0ZURktlNWNyby1zNlRObkh4ZHlYajdLOVRXbHRfQjBuVjN0d3JFZHrSAcYBQVVfeXFMT25qX210N1dmbG9pM0MtU3ZEUWt2M0RVUjZqNXE0SzYxZ0I3WFB6TFJmOFlGcXI2VmdpVUZlTkM2d0lEbWd5ZHhveDJ1cjE2MzFCZzBIVVJZZ29XWWdMS3hDYnByTnItbzFyTGJhajEwN2l0OGFCNi10LWNjbjdaMHY0REo0MV9xNXlVLXNzakx3NzhZQU9mbEdCc0ZQZWVrMGVOaWVVaXN6SzJ0TEFMWElOUDBheUNvUFZXQlNoQl9BTERsQWFB?oc=5"" target=""_blank"">Meta to Report Child Safety Cases Directly to India's Cybercrime Portal</a>&nbsp;&nbsp;<font color=""#6f6f6f"">Rediff MoneyWiz</font>",https://news.google.com/rss/articles/CBMiwAFBVV95cUxNeS1wa25FVWtoa1JHS2dFUlBMaUhXM1QtM1NjYnJmYklmd0R5U0RfU3o5emhpNXlqdXc1MGM1QWVWZG9waEwwUmdnZl9uN1lxQ3paZF9ZZ1I5M0FUTkh1T3ByemZRYXZKZm92Q2FTZVlaOFhBYzZZSEtPajRzcWdsdmVyRGd2V2U3U25rYk9QQU1ZOGhnRmk0U0ZURktlNWNyby1zNlRObkh4ZHlYajdLOVRXbHRfQjBuVjN0d3JFZHrSAcYBQVVfeXFMT25qX210N1dmbG9pM0MtU3ZEUWt2M0RVUjZqNXE0SzYxZ0I3WFB6TFJmOFlGcXI2VmdpVUZlTkM2d0lEbWd5ZHhveDJ1cjE2MzFCZzBIVVJZZ29XWWdMS3hDYnByTnItbzFyTGJhajEwN2l0OGFCNi10LWNjbjdaMHY0REo0MV9xNXlVLXNzakx3NzhZQU9mbEdCc0ZQZWVrMGVOaWVVaXN6SzJ0TEFMWElOUDBheUNvUFZXQlNoQl9BTERsQWFB?oc=5,2026-09-15 07:54:09+00:00,2026-09-21 07:48:20.436919+00:00,Rediff MoneyWiz,cybercrime,"Meta to Report Child Safety Cases Directly to India's Cybercrime Portal - Rediff MoneyWiz <a href=""https://news.google.com/rss/articles/CBMiwAFBVV95cUxNeS1wa25FVWtoa1JHS2dFUlBMaUhXM1QtM1NjYnJmYklmd0R5U0RfU3o5emhpNXlqdXc1MGM1QWVWZG9waEwwUmdnZl9uN1lxQ3paZF9ZZ1I5M0FUTkh1T3ByemZRYXZKZm92Q2FTZVlaOFhBYzZZSEtPajRzcWdsdmVyRGd2V2U3U25rYk9QQU1ZOGhnRmk0U0ZURktlNWNyby1zNlRObkh4ZHlYajdLOVRXbHRfQjBuVjN0d3JFZHrSAcYBQVVfeXFMT25qX210N1dmbG9pM0MtU3ZEUWt2M0RVUjZqNXE0SzYxZ0I3WFB6TFJmOFlGcXI2VmdpVUZlTkM2d0lEbWd5ZHhveDJ1cjE2MzFCZzBIVVJZZ29XWWdMS3hDYnByTnItbzFyTGJhajEwN2l0OGFCNi10LWNjbjdaMHY0REo0MV9xNXlVLXNzakx3NzhZQU9mbEdCc0ZQZWVrMGVOaWVVaXN6SzJ0TEFMWElOUDBheUNvUFZXQlNoQl9BTERsQWFB?oc=5"" target=""_blank"">Meta to Report Child Safety Cases Directly to India's Cybercrime Portal</a>&nbsp;&nbsp;<font color=""#6f6f6f"">Rediff MoneyWiz</font>",Neutral,Community_Discussion,Dataset 2,OK,"Dataset 1, Dataset 2"
Meta agrees to report child-safety cases directly to India’s cybercrime portal - The Assam Tribune,"<a href=""https://news.google.com/rss/articles/CBMipAFBVV95cUxPWllpb09tZ21SV2dSTGU5YjNwWmtaWXZ3cnpvOF9FTXVLNGNhVlFDS09vTDNHU1ZkdjZQd2RoLWh4RExVUm9rNEpROV9DZ21QSVFGV2VQZGF0YVhWZFkxOUw0MnFaMElsYmI5WnFkN0kxdTBKczVKZXVlTS1Jd3FPaGEtWU51M3FQbC1pc1h3ZUNRZldqaENwTnhHLWxrLVhxcUtWUNIBqgFBVV95cUxNamlob1JDeVFKazE0TUNHLTRheHlUbHJaTTEzeTM4bVVKLVVaUjkzS1oxaG96ZVVHelNEMzFSbEp2cUEtVTNOQjlwVHpDOV8tck1fR3c2TEM5bVRSd1RxWVBWUml4NEhBX0hvemVNU3pkNWRFMFFnblJyb01XeHliMlBSZURSLUt1bkZUN2ZuOTFaX2M5UjlTeXFvUDBOTGJXS2gyaHdGd29zZw?oc=5"" target=""_blank"">Meta agrees to report child-safety cases directly to India’s cybercrime portal</a>&nbsp;&nbsp;<font color=""#6f6f6f"">The Assam Tribune</font>",https://news.google.com/rss/articles/CBMipAFBVV95cUxPWllpb09tZ21SV2dSTGU5YjNwWmtaWXZ3cnpvOF9FTXVLNGNhVlFDS09vTDNHU1ZkdjZQd2RoLWh4RExVUm9rNEpROV9DZ21QSVFGV2VQZGF0YVhWZFkxOUw0MnFaMElsYmI5WnFkN0kxdTBKczVKZXVlTS1Jd3FPaGEtWU51M3FQbC1pc1h3ZUNRZldqaENwTnhHLWxrLVhxcUtWUNIBqgFBVV95cUxNamlob1JDeVFKazE0TUNHLTRheHlUbHJaTTEzeTM4bVVKLVVaUjkzS1oxaG96ZVVHelNEMzFSbEp2cUEtVTNOQjlwVHpDOV8tck1fR3c2TEM5bVRSd1RxWVBWUml4NEhBX0hvemVNU3pkNWRFMFFnblJyb01XeHliMlBSZURSLUt1bkZUN2ZuOTFaX2M5UjlTeXFvUDBOTGJXS2gyaHdGd29zZw?oc=5,2026-09-15 06:50:06+00:00,2026-09-21 07:48:20.436933+00:00,The Assam Tribune,cybercrime,"Meta agrees to report child-safety cases directly to India’s cybercrime portal - The Assam Tribune <a href=""https://news.google.com/rss/articles/CBMipAFBVV95cUxPWllpb09tZ21SV2dSTGU5YjNwWmtaWXZ3cnpvOF9FTXVLNGNhVlFDS09vTDNHU1ZkdjZQd2RoLWh4RExVUm9rNEpROV9DZ21QSVFGV2VQZGF0YVhWZFkxOUw0MnFaMElsYmI5WnFkN0kxdTBKczVKZXVlTS1Jd3FPaGEtWU51M3FQbC1pc1h3ZUNRZldqaENwTnhHLWxrLVhxcUtWUNIBqgFBVV95cUxNamlob1JDeVFKazE0TUNHLTRheHlUbHJaTTEzeTM4bVVKLVVaUjkzS1oxaG96ZVVHelNEMzFSbEp2cUEtVTNOQjlwVHpDOV8tck1fR3c2TEM5bVRSd1RxWVBWUml4NEhBX0hvemVNU3pkNWRFMFFnblJyb01XeHliMlBSZURSLUt1bkZUN2ZuOTFaX2M5UjlTeXFvUDBOTGJXS2gyaHdGd29zZw?oc=5"" target=""_blank"">Meta agrees to report child-safety cases directly to India’s cybercrime portal</a>&nbsp;&nbsp;<font color=""#6f6f6f"">The Assam Tribune</font>",Neutral,Community_Discussion,Dataset 2,OK,"Dataset 1, Dataset 2"
"AI speeds cybercrime by exposing flaws, and other cybersecurity news - The World Economic Forum","<a href=""https://news.google.com/rss/articles/CBMikwFBVV95cUxQOGIxdzVqV1F5MXFqMjBvbmJGQkwyb2VsOGtkSU1Uc1p2UGhnS3RXU1NJa3VGZWxkLTZMSGVhd2JQMEh2eHF1RUpCQUpjT3A4aS1qdjkycHdRRnI0eEZBbkgzb1ZFOFY3LTdKbl93dE1JUnNhTW5PMDU3TUNtd2ZueFFCWUJLeWF2MHZCTy1nNEZENk0?oc=5"" target=""_blank"">AI speeds cybercrime by exposing flaws, and other cybersecurity news</a>&nbsp;&nbsp;<font color=""#6f6f6f"">The World Economic Forum</font>",https://news.google.com/rss/articles/CBMikwFBVV95cUxQOGIxdzVqV1F5MXFqMjBvbmJGQkwyb2VsOGtkSU1Uc1p2UGhnS3RXU1NJa3VGZWxkLTZMSGVhd2JQMEh2eHF1RUpCQUpjT3A4aS1qdjkycHdRRnI0eEZBbkgzb1ZFOFY3LTdKbl93dE1JUnNhTW5PMDU3TUNtd2ZueFFCWUJLeWF2MHZCTy1nNEZENk0?oc=5,2026-06-15 07:00:00+00:00,2026-09-21 07:48:20.436946+00:00,The World Economic Forum,cybercrime,"AI speeds cybercrime by exposing flaws, and other cybersecurity news - The World Economic Forum <a href=""https://news.google.com/rss/articles/CBMikwFBVV95cUxQOGIxdzVqV1F5MXFqMjBvbmJGQkwyb2VsOGtkSU1Uc1p2UGhnS3RXU1NJa3VGZWxkLTZMSGVhd2JQMEh2eHF1RUpCQUpjT3A4aS1qdjkycHdRRnI0eEZBbkgzb1ZFOFY3LTdKbl93dE1JUnNhTW5PMDU3TUNtd2ZueFFCWUJLeWF2MHZCTy1nNEZENk0?oc=5"" target=""_blank"">AI speeds cybercrime by exposing flaws, and other cybersecurity news</a>&nbsp;&nbsp;<font color=""#6f6f6f"">The World Economic Forum</font>",Neutral,Community_Discussion,Dataset 2,OK,"Dataset 1, Dataset 2"
Cybercrime emerges from the dark web - worldfinance.com,"<a href=""https://news.google.com/rss/articles/CBMif0FVX3lxTE1MODlsemZFa2J5N2xUbWx1R0FCQUFxQ3J2SDdLMTNGbzAtMkdOUno1MllnbHVzNWpwcUFDWWJnZVNWdDd2SGRXS2RNUVRvdTFzZGlJUEJmdkplNW9MYXBkTW42eGFwTHcyVE9XVXJfWVdZYTlDWFZrY1JTMV93UEE?oc=5"" target=""_blank"">Cybercrime emerges from the dark web</a>&nbsp;&nbsp;<font color=""#6f6f6f"">worldfinance.com</font>",https://news.google.com/rss/articles/CBMif0FVX3lxTE1MODlsemZFa2J5N2xUbWx1R0FCQUFxQ3J2SDdLMTNGbzAtMkdOUno1MllnbHVzNWpwcUFDWWJnZVNWdDd2SGRXS2RNUVRvdTFzZGlJUEJmdkplNW9MYXBkTW42eGFwTHcyVE9XVXJfWVdZYTlDWFZrY1JTMV93UEE?oc=5,2026-08-19 06:06:15+00:00,2026-09-21 07:48:20.436960+00:00,worldfinance.com,cybercrime,"Cybercrime emerges from the dark web - worldfinance.com <a href=""https://news.google.com/rss/articles/CBMif0FVX3lxTE1MODlsemZFa2J5N2xUbWx1R0FCQUFxQ3J2SDdLMTNGbzAtMkdOUno1MllnbHVzNWpwcUFDWWJnZVNWdDd2SGRXS2RNUVRvdTFzZGlJUEJmdkplNW9MYXBkTW42eGFwTHcyVE9XVXJfWVdZYTlDWFZrY1JTMV93UEE?oc=5"" target=""_blank"">Cybercrime emerges from the dark web</a>&nbsp;&nbsp;<font color=""#6f6f6f"">worldfinance.com</font>",Neutral,Community_Discussion,Dataset 2,OK,"Dataset 1, Dataset 2"
North Macedonia: Disruption of illegal online marketplace - Cybercrime - coe.int,"<a href=""https://news.google.com/rss/articles/CBMinAFBVV95cUxPcDVkU3haVlFoMWFySXQwWDFmaHRXYjFuc2xPSDd3WFpsY1p1b2kzNThWWExNdVdXekJqd3NwdTd3MUIyOWQ1MG1jVFFfNEdzc2ZQLWlpRXhNdXhCMkRfcy1jbmxoRjEzQUlCN0F2X3FUb2JXWk51Wm53NzZuSzNRdk1ONjRKYkx4SzRVdDJTQnFIX1JlaFU0c0Zwc0c?oc=5"" target=""_blank"">North Macedonia: Disruption of illegal online marketplace - Cybercrime</a>&nbsp;&nbsp;<font color=""#6f6f6f"">coe.int</font>",https://news.google.com/rss/articles/CBMinAFBVV95cUxPcDVkU3haVlFoMWFySXQwWDFmaHRXYjFuc2xPSDd3WFpsY1p1b2kzNThWWExNdVdXekJqd3NwdTd3MUIyOWQ1MG1jVFFfNEdzc2ZQLWlpRXhNdXhCMkRfcy1jbmxoRjEzQUlCN0F2X3FUb2JXWk51Wm53NzZuSzNRdk1ONjRKYkx4SzRVdDJTQnFIX1JlaFU0c0Zwc0c?oc=5,2026-07-14 07:00:00+00:00,2026-09-21 07:48:20.436975+00:00,coe.int,cybercrime,"North Macedonia: Disruption of illegal online marketplace - Cybercrime - coe.int <a href=""https://news.google.com/rss/articles/CBMinAFBVV95cUxPcDVkU3haVlFoMWFySXQwWDFmaHRXYjFuc2xPSDd3WFpsY1p1b2kzNThWWExNdVdXekJqd3NwdTd3MUIyOWQ1MG1jVFFfNEdzc2ZQLWlpRXhNdXhCMkRfcy1jbmxoRjEzQUlCN0F2X3FUb2JXWk51Wm53NzZuSzNRdk1ONjRKYkx4SzRVdDJTQnFIX1JlaFU0c0Zwc0c?oc=5"" target=""_blank"">North Macedonia: Disruption of illegal online marketplace - Cybercrime</a>&nbsp;&nbsp;<font color=""#6f6f6f"">coe.int</font>",Neutral,Community_Discussion,Dataset 2,OK,"Dataset 1, Dataset 2"
How a shared ecosystem view can help disrupt cybercrime - The World Economic Forum,"<a href=""https://news.google.com/rss/articles/CBMiwgFBVV95cUxOclB5QS11MXBQQ2JHa0VoY1dxRmZiUGltQkk0QVFMNXZsMklMMEk3M3dJcFdJZElMZXFNX3A3U0FjcjlOYjlQaXpsbUdSNEgtNFpZbnFmcmJZUldHY1BkZEx4VmJaUDMxTXJmMTNtYWNWWjhHeGx5STlnbkR3MTRTZ3RBcTVFVjhFcDZpdy1rMzRXM1A2OFRtM3FXTWdCM1gyendtQ242Z3BXaktwaF93bHduYUZfTlJFYVp6TWVhOEk5UQ?oc=5"" target=""_blank"">How a shared ecosystem view can help disrupt cybercrime</a>&nbsp;&nbsp;<font color=""#6f6f6f"">The World Economic Forum</font>",https://news.google.com/rss/articles/CBMiwgFBVV95cUxOclB5QS11MXBQQ2JHa0VoY1dxRmZiUGltQkk0QVFMNXZsMklMMEk3M3dJcFdJZElMZXFNX3A3U0FjcjlOYjlQaXpsbUdSNEgtNFpZbnFmcmJZUldHY1BkZEx4VmJaUDMxTXJmMTNtYWNWWjhHeGx5STlnbkR3MTRTZ3RBcTVFVjhFcDZpdy1rMzRXM1A2OFRtM3FXTWdCM1gyendtQ242Z3BXaktwaF93bHduYUZfTlJFYVp6TWVhOEk5UQ?oc=5,2026-05-12 07:00:00+00:00,2026-09-21 07:48:20.436994+00:00,The World Economic Forum,cybercrime,"How a shared ecosystem view can help disrupt cybercrime - The World Economic Forum <a href=""https://news.google.com/rss/articles/CBMiwgFBVV95cUxOclB5QS11MXBQQ2JHa0VoY1dxRmZiUGltQkk0QVFMNXZsMklMMEk3M3dJcFdJZElMZXFNX3A3U0FjcjlOYjlQaXpsbUdSNEgtNFpZbnFmcmJZUldHY1BkZEx4VmJaUDMxTXJmMTNtYWNWWjhHeGx5STlnbkR3MTRTZ3RBcTVFVjhFcDZpdy1rMzRXM1A2OFRtM3FXTWdCM1gyendtQ242Z3BXaktwaF93bHduYUZfTlJFYVp6TWVhOEk5UQ?oc=5"" target=""_blank"">How a shared ecosystem view can help disrupt cybercrime</a>&nbsp;&nbsp;<font color=""#6f6f6f"">The World Economic Forum</font>",Negative,Community_Discussion,Dataset 2,OK,"Dataset 1, Dataset 2"
Meta to report child safety issues to Indian Cybercrime portal - The News Mill,"<a href=""https://news.google.com/rss/articles/CBMimwFBVV95cUxQSnQzcXQxRnlYU19FRlM3VWx4dEpfejR2MHN3Y0o2N0JLclpXMGRoczV4RlFFZFlTQ21YeTlaQkJwN3hBQ05EVlV4Nk0zOW1sdklFdWRfR3hBdVQ3N3NGMEtjd2I3Q19rVUkwMlVzR01aM2plYllRSDFVOGRsaW1LbDNYWWNLZlg4eXlMLTdtTXVmSmQxb0FIRThIOA?oc=5"" target=""_blank"">Meta to report child safety issues to Indian Cybercrime portal</a>&nbsp;&nbsp;<font color=""#6f6f6f"">The News Mill</font>",https://news.google.com/rss/articles/CBMimwFBVV95cUxQSnQzcXQxRnlYU19FRlM3VWx4dEpfejR2MHN3Y0o2N0JLclpXMGRoczV4RlFFZFlTQ21YeTlaQkJwN3hBQ05EVlV4Nk0zOW1sdklFdWRfR3hBdVQ3N3NGMEtjd2I3Q19rVUkwMlVzR01aM2plYllRSDFVOGRsaW1LbDNYWWNLZlg4eXlMLTdtTXVmSmQxb0FIRThIOA?oc=5,2026-09-15 07:23:11+00:00,2026-09-21 07:48:20.437008+00:00,The News Mill,cybercrime,"Meta to report child safety issues to Indian Cybercrime portal - The News Mill <a href=""https://news.google.com/rss/articles/CBMimwFBVV95cUxQSnQzcXQxRnlYU19FRlM3VWx4dEpfejR2MHN3Y0o2N0JLclpXMGRoczV4RlFFZFlTQ21YeTlaQkJwN3hBQ05EVlV4Nk0zOW1sdklFdWRfR3hBdVQ3N3NGMEtjd2I3Q19rVUkwMlVzR01aM2plYllRSDFVOGRsaW1LbDNYWWNLZlg4eXlMLTdtTXVmSmQxb0FIRThIOA?oc=5"" target=""_blank"">Meta to report child safety issues to Indian Cybercrime portal</a>&nbsp;&nbsp;<font color=""#6f6f6f"">The News Mill</font>",Neutral,Community_Discussion,Dataset 2,OK,"Dataset 1, Dataset 2"
Court Rejection: Lahore HC Dismisses Mohammad Rizwan’s Plea Against Cybercrime Agency - heraldgoa.in,"<a href=""https://news.google.com/rss/articles/CBMivAFBVV95cUxPQUtnMXZ2Zm1sUU1sd1pvdWhHdDMtTEg0ZGRVSHhobU1DTDYtbjU2NVBoWVpaSnBCano1dUg5bHVDX19hbDFBby0zcDJRRWNyLXN6a2FJeUZPbV9nOEc0NGw5WVNIWWtlNm5SOG9sMHl0czFpNGpMZjRfLWg1V25rTVZqcnhERE1xa25sbjNHeXFvNGNmdWpFcDd2ay1EY29ZWUE5eWY2Nmk5bW1XUzBGQ2M1MWVLdkFPWFoxcQ?oc=5"" target=""_blank"">Court Rejection: Lahore HC Dismisses Mohammad Rizwan’s Plea Against Cybercrime Agency</a>&nbsp;&nbsp;<font color=""#6f6f6f"">heraldgoa.in</font>",https://news.google.com/rss/articles/CBMivAFBVV95cUxPQUtnMXZ2Zm1sUU1sd1pvdWhHdDMtTEg0ZGRVSHhobU1DTDYtbjU2NVBoWVpaSnBCano1dUg5bHVDX19hbDFBby0zcDJRRWNyLXN6a2FJeUZPbV9nOEc0NGw5WVNIWWtlNm5SOG9sMHl0czFpNGpMZjRfLWg1V25rTVZqcnhERE1xa25sbjNHeXFvNGNmdWpFcDd2ay1EY29ZWUE5eWY2Nmk5bW1XUzBGQ2M1MWVLdkFPWFoxcQ?oc=5,2026-09-17 13:54:47+00:00,2026-09-21 07:48:20.437024+00:00,heraldgoa.in,cybercrime,"Court Rejection: Lahore HC Dismisses Mohammad Rizwan’s Plea Against Cybercrime Agency - heraldgoa.in <a href=""https://news.google.com/rss/articles/CBMivAFBVV95cUxPQUtnMXZ2Zm1sUU1sd1pvdWhHdDMtTEg0ZGRVSHhobU1DTDYtbjU2NVBoWVpaSnBCano1dUg5bHVDX19hbDFBby0zcDJRRWNyLXN6a2FJeUZPbV9nOEc0NGw5WVNIWWtlNm5SOG9sMHl0czFpNGpMZjRfLWg1V25rTVZqcnhERE1xa25sbjNHeXFvNGNmdWpFcDd2ay1EY29ZWUE5eWY2Nmk5bW1XUzBGQ2M1MWVLdkFPWFoxcQ?oc=5"" target=""_blank"">Court Rejection: Lahore HC Dismisses Mohammad Rizwan’s Plea Against Cybercrime Agency</a>&nbsp;&nbsp;<font color=""#6f6f6f"">heraldgoa.in</font>",Neutral,Community_Discussion,Dataset 2,OK,"Dataset 1, Dataset 2"
Cybercrime Has Real Victims - The World Economic Forum,"<a href=""https://news.google.com/rss/articles/CBMisAFBVV95cUxOazdKVUFZQUhHUVBLUXhHbnljX0E3LXA4MGJJcDZEdmhNUmRoNTNic0g0YWZuOEFvSFM2WDR4aG5yR3VsdnJ0UmoybVpPaUZNNDdGQ21hT2RtQnlqUVVpbnNpOU1YVmh0Y3A5Q2l0WFhkRVNfaDJ5WmlYeXFEb0d1M3JuMGlVdnB3YkV5N3NTeTlKQkZtT05ZOEdMdF9VcEFDZldBSE1reGozTTVBc0FYRg?oc=5"" target=""_blank"">Cybercrime Has Real Victims</a>&nbsp;&nbsp;<font color=""#6f6f6f"">The World Economic Forum</font>",https://news.google.com/rss/articles/CBMisAFBVV95cUxOazdKVUFZQUhHUVBLUXhHbnljX0E3LXA4MGJJcDZEdmhNUmRoNTNic0g0YWZuOEFvSFM2WDR4aG5yR3VsdnJ0UmoybVpPaUZNNDdGQ21hT2RtQnlqUVVpbnNpOU1YVmh0Y3A5Q2l0WFhkRVNfaDJ5WmlYeXFEb0d1M3JuMGlVdnB3YkV5N3NTeTlKQkZtT05ZOEdMdF9VcEFDZldBSE1reGozTTVBc0FYRg?oc=5,2026-01-22 08:00:00+00:00,2026-09-21 07:48:20.437039+00:00,The World Economic Forum,cybercrime,"Cybercrime Has Real Victims - The World Economic Forum <a href=""https://news.google.com/rss/articles/CBMisAFBVV95cUxOazdKVUFZQUhHUVBLUXhHbnljX0E3LXA4MGJJcDZEdmhNUmRoNTNic0g0YWZuOEFvSFM2WDR4aG5yR3VsdnJ0UmoybVpPaUZNNDdGQ21hT2RtQnlqUVVpbnNpOU1YVmh0Y3A5Q2l0WFhkRVNfaDJ5WmlYeXFEb0d1M3JuMGlVdnB3YkV5N3NTeTlKQkZtT05ZOEdMdF9VcEFDZldBSE1reGozTTVBc0FYRg?oc=5"" target=""_blank"">Cybercrime Has Real Victims</a>&nbsp;&nbsp;<font color=""#6f6f6f"">The World Economic Forum</font>",Neutral,Community_Discussion,Dataset 2,OK,"Dataset 1, Dataset 2"
Machine learning and game theory for cybercrime risk assessment in online platform management systems - Nature,"<a href=""https://news.google.com/rss/articles/CBMiX0FVX3lxTE5yZ01nMkZNdTJzRVhvMVdlZzkwX2ZtamdtcjVJUk9Dd3RUZnJmU0lyUTZjTXF1V19tdTdyV2x1ekZTQ1VobWhvWm82QmluM2VzOEZpQ01aR281QzBUaVdv?oc=5"" target=""_blank"">Machine learning and game theory for cybercrime risk assessment in online platform management systems</a>&nbsp;&nbsp;<font color=""#6f6f6f"">Nature</font>",https://news.google.com/rss/articles/CBMiX0FVX3lxTE5yZ01nMkZNdTJzRVhvMVdlZzkwX2ZtamdtcjVJUk9Dd3RUZnJmU0lyUTZjTXF1V19tdTdyV2x1ekZTQ1VobWhvWm82QmluM2VzOEZpQ01aR281QzBUaVdv?oc=5,2026-05-09 07:00:00+00:00,2026-09-21 07:48:20.437053+00:00,Nature,cybercrime,"Machine learning and game theory for cybercrime risk assessment in online platform management systems - Nature <a href=""https://news.google.com/rss/articles/CBMiX0FVX3lxTE5yZ01nMkZNdTJzRVhvMVdlZzkwX2ZtamdtcjVJUk9Dd3RUZnJmU0lyUTZjTXF1V19tdTdyV2x1ekZTQ1VobWhvWm82QmluM2VzOEZpQ01aR281QzBUaVdv?oc=5"" target=""_blank"">Machine learning and game theory for cybercrime risk assessment in online platform management systems</a>&nbsp;&nbsp;<font color=""#6f6f6f"">Nature</font>",Neutral,Community_Discussion,Dataset 2,OK,"Dataset 1, Dataset 2"
58 arrested in international cybercrime crackdown - The Record from Recorded Future News,"<a href=""https://news.google.com/rss/articles/CBMihgFBVV95cUxOZUt4cHF1cFRpWmp6TXZ4YlRfTUpPWTBCcnhKRW9BUVJTTmhKSGxZZ0I3cTdrcEFSdEpIb0h5WlRGdXZmYVFXSEtaZWdJMVAxcl8xc0pibEh4Q0FBYktxS19USkRfX0loaGVndDNSVlU2bUQ1S1Z6TnBVeHJCcEFwLVV4V2xqdw?oc=5"" target=""_blank"">58 arrested in international cybercrime crackdown</a>&nbsp;&nbsp;<font color=""#6f6f6f"">The Record from Recorded Future News</font>",https://news.google.com/rss/articles/CBMihgFBVV95cUxOZUt4cHF1cFRpWmp6TXZ4YlRfTUpPWTBCcnhKRW9BUVJTTmhKSGxZZ0I3cTdrcEFSdEpIb0h5WlRGdXZmYVFXSEtaZWdJMVAxcl8xc0pibEh4Q0FBYktxS19USkRfX0loaGVndDNSVlU2bUQ1S1Z6TnBVeHJCcEFwLVV4V2xqdw?oc=5,2026-08-25 07:00:00+00:00,2026-09-21 07:48:20.437067+00:00,The Record from Recorded Future News,cybercrime,"58 arrested in international cybercrime crackdown - The Record from Recorded Future News <a href=""https://news.google.com/rss/articles/CBMihgFBVV95cUxOZUt4cHF1cFRpWmp6TXZ4YlRfTUpPWTBCcnhKRW9BUVJTTmhKSGxZZ0I3cTdrcEFSdEpIb0h5WlRGdXZmYVFXSEtaZWdJMVAxcl8xc0pibEh4Q0FBYktxS19USkRfX0loaGVndDNSVlU2bUQ1S1Z6TnBVeHJCcEFwLVV4V2xqdw?oc=5"" target=""_blank"">58 arrested in international cybercrime crackdown</a>&nbsp;&nbsp;<font color=""#6f6f6f"">The Record from Recorded Future News</font>",Neutral,Community_Discussion,Dataset 2,OK,"Dataset 1, Dataset 2"
Ukraine's unique cybercrime training facility opens in Kyiv to strengthen the country's capacity to investigate and prosecute digital crime - United Nations Office on Drugs and Crime,"<a href=""https://news.google.com/rss/articles/CBMikgJBVV95cUxQMVhfcUNSREpFbnVCRU9GMjF6NHhUX1M1amtpQ255SkVnYmc0UFlTRzBtXzJCSVVjUVdVd01oanp0WDVUNE5lNjF5cWQyaklfOExfQnQwaS1yUnd1QWJBMlFUYmowQ2gxTlNaRkNCV2ZZa1lWRTZhWUtEb3NzR2NiTXdNbUlZSldGajI1RUloVmx5cmZTV1JvZTdEOGxnWk5xRWFBSF9VR2ZXVHpCVWxNS0NaeU5LV3FENEtfREo4R3VvYlplaHotblpsZFBNc2dJMnFRQ2dUWXk3c3dBMEZ2WGkxRVZGdmlkTXBWTnFHb3poeWhlczVZak9odVRnTDZlWExtVDNVYUNxdjR6bUpZUzl3?oc=5"" target=""_blank"">Ukraine's unique cybercrime training facility opens in Kyiv to strengthen the country's capacity to investigate and prosecute digital crime</a>&nbsp;&nbsp;<font color=""#6f6f6f"">United Nations Office on Drugs and Crime</font>",https://news.google.com/rss/articles/CBMikgJBVV95cUxQMVhfcUNSREpFbnVCRU9GMjF6NHhUX1M1amtpQ255SkVnYmc0UFlTRzBtXzJCSVVjUVdVd01oanp0WDVUNE5lNjF5cWQyaklfOExfQnQwaS1yUnd1QWJBMlFUYmowQ2gxTlNaRkNCV2ZZa1lWRTZhWUtEb3NzR2NiTXdNbUlZSldGajI1RUloVmx5cmZTV1JvZTdEOGxnWk5xRWFBSF9VR2ZXVHpCVWxNS0NaeU5LV3FENEtfREo4R3VvYlplaHotblpsZFBNc2dJMnFRQ2dUWXk3c3dBMEZ2WGkxRVZGdmlkTXBWTnFHb3poeWhlczVZak9odVRnTDZlWExtVDNVYUNxdjR6bUpZUzl3?oc=5,2026-07-07 11:56:08+00:00,2026-09-21 07:48:20.437081+00:00,United Nations Office on Drugs and Crime,cybercrime,"Ukraine's unique cybercrime training facility opens in Kyiv to strengthen the country's capacity to investigate and prosecute digital crime - United Nations Office on Drugs and Crime <a href=""https://news.google.com/rss/articles/CBMikgJBVV95cUxQMVhfcUNSREpFbnVCRU9GMjF6NHhUX1M1amtpQ255SkVnYmc0UFlTRzBtXzJCSVVjUVdVd01oanp0WDVUNE5lNjF5cWQyaklfOExfQnQwaS1yUnd1QWJBMlFUYmowQ2gxTlNaRkNCV2ZZa1lWRTZhWUtEb3NzR2NiTXdNbUlZSldGajI1RUloVmx5cmZTV1JvZTdEOGxnWk5xRWFBSF9VR2ZXVHpCVWxNS0NaeU5LV3FENEtfREo4R3VvYlplaHotblpsZFBNc2dJMnFRQ2dUWXk3c3dBMEZ2WGkxRVZGdmlkTXBWTnFHb3poeWhlczVZak9odVRnTDZlWExtVDNVYUNxdjR6bUpZUzl3?oc=5"" target=""_blank"">Ukraine's unique cybercrime training facility opens in Kyiv to strengthen the country's capacity to investigate and prosecute digital crime</a>&nbsp;&nbsp;<font color=""#6f6f6f"">United Nations Office on Drugs and Crime</font>",Neutral,Community_Discussion,Dataset 2,OK,"Dataset 1, Dataset 2"
Meta to report child safety cases directly to India’s cybercrime portal amid govt crackdown - Telegraph India,"<a href=""https://news.google.com/rss/articles/CBMi1gFBVV95cUxPa0NZRFZULUItRExzTndNTEVBaWV6N0tBTktDMldkX2g1SklfLXFrUWI3b3BIZUg3bm5KU1FRWktHb21VdVItMTkza1NqWDFoMkljZl80Y1dxbl9naHJqbFRNV00zNzQ0cUdmYlQwYlE1bGM1S1IzWml1dXR3OTEyV2NMUW5CejhtVWhLTEVmb1BXOFl5eC1USmgyOUR2bjNLTFdsMHZLTDFYbUFiQUpaQ0tMMWpJUlhwY2VvelNpWnVadXdiUjc4NGlfSGVEQU5SQUdEb09B0gHbAUFVX3lxTE9MU0JhZnU4OF9aNzM3dmxNcHdPNHVLUGI0VzM2QkxvYXdqUjVRYlhRbWYxdXFtTEFTRTI5SEhOS29mM05RSThISWlDbGExQ0RsZ0EwOWFiZ2tqNkdiTTRrUjY1Q3hnUE5rQVBnallEd0RJNC1PbXFMY3JxOVdBTDV4MXcxNWJvaDFjbFBZUWlvTkhtRENNWFVudEtaMnpkbkprX3UwU0FVWVZmODhfU08zRGJYLWpJR09ic1pmeTQ3QWROTkI5Nmo3Z2RTS1dmanA3UEhWZ3dZOFRPdw?oc=5"" target=""_blank"">Meta to report child safety cases directly to India’s cybercrime portal amid govt crackdown</a>&nbsp;&nbsp;<font color=""#6f6f6f"">Telegraph India</font>",https://news.google.com/rss/articles/CBMi1gFBVV95cUxPa0NZRFZULUItRExzTndNTEVBaWV6N0tBTktDMldkX2g1SklfLXFrUWI3b3BIZUg3bm5KU1FRWktHb21VdVItMTkza1NqWDFoMkljZl80Y1dxbl9naHJqbFRNV00zNzQ0cUdmYlQwYlE1bGM1S1IzWml1dXR3OTEyV2NMUW5CejhtVWhLTEVmb1BXOFl5eC1USmgyOUR2bjNLTFdsMHZLTDFYbUFiQUpaQ0tMMWpJUlhwY2VvelNpWnVadXdiUjc4NGlfSGVEQU5SQUdEb09B0gHbAUFVX3lxTE9MU0JhZnU4OF9aNzM3dmxNcHdPNHVLUGI0VzM2QkxvYXdqUjVRYlhRbWYxdXFtTEFTRTI5SEhOS29mM05RSThISWlDbGExQ0RsZ0EwOWFiZ2tqNkdiTTRrUjY1Q3hnUE5rQVBnallEd0RJNC1PbXFMY3JxOVdBTDV4MXcxNWJvaDFjbFBZUWlvTkhtRENNWFVudEtaMnpkbkprX3UwU0FVWVZmODhfU08zRGJYLWpJR09ic1pmeTQ3QWROTkI5Nmo3Z2RTS1dmanA3UEhWZ3dZOFRPdw?oc=5,2026-09-15 07:19:37+00:00,2026-09-21 07:48:20.437096+00:00,Telegraph India,cybercrime,"Meta to report child safety cases directly to India’s cybercrime portal amid govt crackdown - Telegraph India <a href=""https://news.google.com/rss/articles/CBMi1gFBVV95cUxPa0NZRFZULUItRExzTndNTEVBaWV6N0tBTktDMldkX2g1SklfLXFrUWI3b3BIZUg3bm5KU1FRWktHb21VdVItMTkza1NqWDFoMkljZl80Y1dxbl9naHJqbFRNV00zNzQ0cUdmYlQwYlE1bGM1S1IzWml1dXR3OTEyV2NMUW5CejhtVWhLTEVmb1BXOFl5eC1USmgyOUR2bjNLTFdsMHZLTDFYbUFiQUpaQ0tMMWpJUlhwY2VvelNpWnVadXdiUjc4NGlfSGVEQU5SQUdEb09B0gHbAUFVX3lxTE9MU0JhZnU4OF9aNzM3dmxNcHdPNHVLUGI0VzM2QkxvYXdqUjVRYlhRbWYxdXFtTEFTRTI5SEhOS29mM05RSThISWlDbGExQ0RsZ0EwOWFiZ2tqNkdiTTRrUjY1Q3hnUE5rQVBnallEd0RJNC1PbXFMY3JxOVdBTDV4MXcxNWJvaDFjbFBZUWlvTkhtRENNWFVudEtaMnpkbkprX3UwU0FVWVZmODhfU08zRGJYLWpJR09ic1pmeTQ3QWROTkI5Nmo3Z2RTS1dmanA3UEhWZ3dZOFRPdw?oc=5"" target=""_blank"">Meta to report child safety cases directly to India’s cybercrime portal amid govt crackdown</a>&nbsp;&nbsp;<font color=""#6f6f6f"">Telegraph India</font>",Neutral,Community_Discussion,Dataset 2,OK,"Dataset 1, Dataset 2"
The Presidential Memo on Combating Transnational Cybercrime: Implications for Industry and Government - CSIS | Center for Strategic and International Studies,"<a href=""https://news.google.com/rss/articles/CBMiuwFBVV95cUxQRVd5clBtVVdJX1dodUt2NHR2NkhxbGFDZEJmZzlVQzRua1BpeGpEdkhfRDlKV2o0QTFCNnpTWHJJLTRPSFJfSTJ5Sk5IamRzTW5NX2JDYWVoaHJfa091SHNMdWkwTkZZUjNSMTd4Ul9xZ0JDN0hJYUdDOC1iRjljbUdiRUtyeF90UVhIemZuRFhDa2xKRFYxS01nckNXd1hERFkwLTc5Zk05dXRKQWcwU280MWQyWWhJQ000?oc=5"" target=""_blank"">The Presidential Memo on Combating Transnational Cybercrime: Implications for Industry and Government</a>&nbsp;&nbsp;<font color=""#6f6f6f"">CSIS | Center for Strategic and International Studies</font>",https://news.google.com/rss/articles/CBMiuwFBVV95cUxQRVd5clBtVVdJX1dodUt2NHR2NkhxbGFDZEJmZzlVQzRua1BpeGpEdkhfRDlKV2o0QTFCNnpTWHJJLTRPSFJfSTJ5Sk5IamRzTW5NX2JDYWVoaHJfa091SHNMdWkwTkZZUjNSMTd4Ul9xZ0JDN0hJYUdDOC1iRjljbUdiRUtyeF90UVhIemZuRFhDa2xKRFYxS01nckNXd1hERFkwLTc5Zk05dXRKQWcwU280MWQyWWhJQ000?oc=5,2026-08-20 07:00:00+00:00,2026-09-21 07:48:20.437110+00:00,CSIS | Center for Strategic and International Studies,cybercrime,"The Presidential Memo on Combating Transnational Cybercrime: Implications for Industry and Government - CSIS | Center for Strategic and International Studies <a href=""https://news.google.com/rss/articles/CBMiuwFBVV95cUxQRVd5clBtVVdJX1dodUt2NHR2NkhxbGFDZEJmZzlVQzRua1BpeGpEdkhfRDlKV2o0QTFCNnpTWHJJLTRPSFJfSTJ5Sk5IamRzTW5NX2JDYWVoaHJfa091SHNMdWkwTkZZUjNSMTd4Ul9xZ0JDN0hJYUdDOC1iRjljbUdiRUtyeF90UVhIemZuRFhDa2xKRFYxS01nckNXd1hERFkwLTc5Zk05dXRKQWcwU280MWQyWWhJQ000?oc=5"" target=""_blank"">The Presidential Memo on Combating Transnational Cybercrime: Implications for Industry and Government</a>&nbsp;&nbsp;<font color=""#6f6f6f"">CSIS | Center for Strategic and International Studies</font>",Neutral,Community_Discussion,Dataset 2,OK,"Dataset 1, Dataset 2"
Hot Cybercrime Summer Article | Security Insider - Microsoft,"<a href=""https://news.google.com/rss/articles/CBMinAFBVV95cUxPWXM1S1Yta0YxbFdreXNpQ1JaTnhlODJ5UzJsbjZLT2hVS1I0WlotcHpiM1Ntc1dUMXE1ajJ5NEVQN3JVVWVZLTFiZ0ZzYldfRlh1TER2UlQyajNZTDRyaUlTei1xelB5cnhDVGZPMU5BakRPTElpanlfazFpMHpUREplMHE5Sk1kTEE1QTBmSF9Ublc5Zk5zVzZsWUU?oc=5"" target=""_blank"">Hot Cybercrime Summer Article | Security Insider</a>&nbsp;&nbsp;<font color=""#6f6f6f"">Microsoft</font>",https://news.google.com/rss/articles/CBMinAFBVV95cUxPWXM1S1Yta0YxbFdreXNpQ1JaTnhlODJ5UzJsbjZLT2hVS1I0WlotcHpiM1Ntc1dUMXE1ajJ5NEVQN3JVVWVZLTFiZ0ZzYldfRlh1TER2UlQyajNZTDRyaUlTei1xelB5cnhDVGZPMU5BakRPTElpanlfazFpMHpUREplMHE5Sk1kTEE1QTBmSF9Ublc5Zk5zVzZsWUU?oc=5,2026-05-19 07:00:00+00:00,2026-09-21 07:48:20.437124+00:00,Microsoft,cybercrime,"Hot Cybercrime Summer Article | Security Insider - Microsoft <a href=""https://news.google.com/rss/articles/CBMinAFBVV95cUxPWXM1S1Yta0YxbFdreXNpQ1JaTnhlODJ5UzJsbjZLT2hVS1I0WlotcHpiM1Ntc1dUMXE1ajJ5NEVQN3JVVWVZLTFiZ0ZzYldfRlh1TER2UlQyajNZTDRyaUlTei1xelB5cnhDVGZPMU5BakRPTElpanlfazFpMHpUREplMHE5Sk1kTEE1QTBmSF9Ublc5Zk5zVzZsWUU?oc=5"" target=""_blank"">Hot Cybercrime Summer Article | Security Insider</a>&nbsp;&nbsp;<font color=""#6f6f6f"">Microsoft</font>",Neutral,Community_Discussion,Dataset 2,OK,Dataset 2
"Indian Consulate in Dubai to offer free legal advice on cybercrime, banking fraud - Khaleej Times","<a href=""https://news.google.com/rss/articles/CBMinwFBVV95cUxNX18tRVBONnQwaEEyNUJmak8xTGJBZV9MQTBUOE4yNVBxZkVaWmlvZFUxaTZINUdoS0hPQ0pTV1Y4cWcyeVVVUHo1Vk5lU0Q0enFFc1YyWUdTY1l0NlVJUzVuLURNVkdMZmQ0WjJuWUpsOUloMWdxMHlQQlRHNWdJc3JNTEMwN2FJaHFMdWJEVzVtR1FTOTFFOTA1RjF3SjDSAacBQVVfeXFMT2JTQjlRb3lYSzRsZkhmak5lb2k4WE9adkdaek5ZZjJMVjBORlN3VkstZkFFT0hzUk8xN25oZXlqbFk1cW80MnJ4WmhMbGFVMERpUll3Vkg5ZjhKZVVDZ2JKOWF1OWQtM19DalJGTTFhdURMUE9BWVhlWXFuUWVkd0tkZksyT2JMcUE4SVlOajlBMENSajlkempDSzJiX2tpaG8wX0k4ZU0?oc=5"" target=""_blank"">Indian Consulate in Dubai to offer free legal advice on cybercrime, banking fraud</a>&nbsp;&nbsp;<font color=""#6f6f6f"">Khaleej Times</font>",https://news.google.com/rss/articles/CBMinwFBVV95cUxNX18tRVBONnQwaEEyNUJmak8xTGJBZV9MQTBUOE4yNVBxZkVaWmlvZFUxaTZINUdoS0hPQ0pTV1Y4cWcyeVVVUHo1Vk5lU0Q0enFFc1YyWUdTY1l0NlVJUzVuLURNVkdMZmQ0WjJuWUpsOUloMWdxMHlQQlRHNWdJc3JNTEMwN2FJaHFMdWJEVzVtR1FTOTFFOTA1RjF3SjDSAacBQVVfeXFMT2JTQjlRb3lYSzRsZkhmak5lb2k4WE9adkdaek5ZZjJMVjBORlN3VkstZkFFT0hzUk8xN25oZXlqbFk1cW80MnJ4WmhMbGFVMERpUll3Vkg5ZjhKZVVDZ2JKOWF1OWQtM19DalJGTTFhdURMUE9BWVhlWXFuUWVkd0tkZksyT2JMcUE4SVlOajlBMENSajlkempDSzJiX2tpaG8wX0k4ZU0?oc=5,2026-09-20 11:43:45+00:00,2026-09-21 07:48:20.437138+00:00,Khaleej Times,cybercrime,"Indian Consulate in Dubai to offer free legal advice on cybercrime, banking fraud - Khaleej Times <a href=""https://news.google.com/rss/articles/CBMinwFBVV95cUxNX18tRVBONnQwaEEyNUJmak8xTGJBZV9MQTBUOE4yNVBxZkVaWmlvZFUxaTZINUdoS0hPQ0pTV1Y4cWcyeVVVUHo1Vk5lU0Q0enFFc1YyWUdTY1l0NlVJUzVuLURNVkdMZmQ0WjJuWUpsOUloMWdxMHlQQlRHNWdJc3JNTEMwN2FJaHFMdWJEVzVtR1FTOTFFOTA1RjF3SjDSAacBQVVfeXFMT2JTQjlRb3lYSzRsZkhmak5lb2k4WE9adkdaek5ZZjJMVjBORlN3VkstZkFFT0hzUk8xN25oZXlqbFk1cW80MnJ4WmhMbGFVMERpUll3Vkg5ZjhKZVVDZ2JKOWF1OWQtM19DalJGTTFhdURMUE9BWVhlWXFuUWVkd0tkZksyT2JMcUE4SVlOajlBMENSajlkempDSzJiX2tpaG8wX0k4ZU0?oc=5"" target=""_blank"">Indian Consulate in Dubai to offer free legal advice on cybercrime, banking fraud</a>&nbsp;&nbsp;<font color=""#6f6f6f"">Khaleej Times</font>",Neutral,Community_Discussion,Dataset 2,OK,"Dataset 1, Dataset 2"
Meta to report child safety cases directly to Indian cybercrime portal - Nagaland Post,"<a href=""https://news.google.com/rss/articles/CBMinAFBVV95cUxPN25INC01XzBPMmlYM3E1Y1pkRm56U3lUY0dsVmdaeV81dlM0em4yUmhMdDRlaXc3TzZGZ2FBWmQyWFY2Q2xMWDJ0WmVsSFd4akZkVWlDMjJRcHFDdU9LT3JFLXRnT1RJT3pnQU5yM2VvaDk2ZkJJWE5LeFpnWEdhLVVCWmhjRVdlSjJpa3paOUVmRW5LZXZrWHMyYVM?oc=5"" target=""_blank"">Meta to report child safety cases directly to Indian cybercrime portal</a>&nbsp;&nbsp;<font color=""#6f6f6f"">Nagaland Post</font>",https://news.google.com/rss/articles/CBMinAFBVV95cUxPN25INC01XzBPMmlYM3E1Y1pkRm56U3lUY0dsVmdaeV81dlM0em4yUmhMdDRlaXc3TzZGZ2FBWmQyWFY2Q2xMWDJ0WmVsSFd4akZkVWlDMjJRcHFDdU9LT3JFLXRnT1RJT3pnQU5yM2VvaDk2ZkJJWE5LeFpnWEdhLVVCWmhjRVdlSjJpa3paOUVmRW5LZXZrWHMyYVM?oc=5,2026-09-16 06:10:00+00:00,2026-09-21 07:48:20.437152+00:00,Nagaland Post,cybercrime,"Meta to report child safety cases directly to Indian cybercrime portal - Nagaland Post <a href=""https://news.google.com/rss/articles/CBMinAFBVV95cUxPN25INC01XzBPMmlYM3E1Y1pkRm56U3lUY0dsVmdaeV81dlM0em4yUmhMdDRlaXc3TzZGZ2FBWmQyWFY2Q2xMWDJ0WmVsSFd4akZkVWlDMjJRcHFDdU9LT3JFLXRnT1RJT3pnQU5yM2VvaDk2ZkJJWE5LeFpnWEdhLVVCWmhjRVdlSjJpa3paOUVmRW5LZXZrWHMyYVM?oc=5"" target=""_blank"">Meta to report child safety cases directly to Indian cybercrime portal</a>&nbsp;&nbsp;<font color=""#6f6f6f"">Nagaland Post</font>",Neutral,Community_Discussion,Dataset 2,OK,"Dataset 1, Dataset 2"
"Cybercrime Act: ""It targets journalists, activists not online criminals"", Dir Amnesty Int'l says Watch Full Interview: https://youtu.be/ONOnsR7gjIo #trusttvnews #cybercrimeact #cybercrimelaw - instagram.com","<a href=""https://news.google.com/rss/articles/CBMiVkFVX3lxTE10Ym1lZ0dHZU9FSnFoUmU5ZlpleVhRUnpTYlVaVVU5dEtGeXRsLWNVdHVvQnVLM3dwNHNJX0VKaVJuMFEzRm9FVWZzTUZEYmNYOVQyR2tB?oc=5"" target=""_blank"">Cybercrime Act: ""It targets journalists, activists not online criminals"", Dir Amnesty Int'l says Watch Full Interview: https://youtu.be/ONOnsR7gjIo #trusttvnews #cybercrimeact #cybercrimelaw</a>&nbsp;&nbsp;<font color=""#6f6f6f"">instagram.com</font>",https://news.google.com/rss/articles/CBMiVkFVX3lxTE10Ym1lZ0dHZU9FSnFoUmU5ZlpleVhRUnpTYlVaVVU5dEtGeXRsLWNVdHVvQnVLM3dwNHNJX0VKaVJuMFEzRm9FVWZzTUZEYmNYOVQyR2tB?oc=5,2026-09-14 11:10:55+00:00,2026-09-21 07:48:20.437166+00:00,instagram.com,cybercrime,"Cybercrime Act: ""It targets journalists, activists not online criminals"", Dir Amnesty Int'l says Watch Full Interview: https://youtu.be/ONOnsR7gjIo #trusttvnews #cybercrimeact #cybercrimelaw - instagram.com <a href=""https://news.google.com/rss/articles/CBMiVkFVX3lxTE10Ym1lZ0dHZU9FSnFoUmU5ZlpleVhRUnpTYlVaVVU5dEtGeXRsLWNVdHVvQnVLM3dwNHNJX0VKaVJuMFEzRm9FVWZzTUZEYmNYOVQyR2tB?oc=5"" target=""_blank"">Cybercrime Act: ""It targets journalists, activists not online criminals"", Dir Amnesty Int'l says Watch Full Interview: https://youtu.be/ONOnsR7gjIo #trusttvnews #cybercrimeact #cybercrimelaw</a>&nbsp;&nbsp;<font color=""#6f6f6f"">instagram.com</font>",Negative,Community_Discussion,Dataset 2,OK,"Dataset 1, Dataset 2"
"‘Why was I called?’ Rizwan questions Pakistan cybercrime agency over summons, alleged violation; phone not returned | Cricket - Hindustan Times","<a href=""https://news.google.com/rss/articles/CBMiiwJBVV95cUxPaEJSWDRXNjJTZk5LbFdJNnhsSDAycDlwWE9MZUdMRTRsN1NleXhNZkpIMERYQVBjRFdabnNUcVQwb1p3NndPOS1DWTNtQkFIbk9SRXpYaWNGX2FRZE02MHE4WmtORVc0T0NPVkFQMjBQMG52cVBUcy10cm1ZQXJnQ2xxSDN5NElWWFJLdjBSUG5pa2lFbDJhbGVPT24tamZhWHNtYVlCVkRhV3dOSFAwdk5HWDE4dHlJNHVSUnFrV3FoTXhMNGpzTkgzaTJDdmg2WjdGOU4zYXlQVmxuZE96SWpVT2gtaFdQeFg2Wnh5QlJQVUI0OVhsZjRRNzNpTjhPUUxHLXJ6RExadXPSAZACQVVfeXFMT2FiT3ZmSGJXREN1ZEJQXzVyM0dKTU9SbGhZT053MEc3NEN2dWxsNzVWQnVJNUxpaVlQb1RyR0h0cmpIMjB5Ym1MUnJkc0VpRDlyN0tRLWpOdzdxaGM4b0c1MmtJVUJBdE8wcnpneS14dWlJcXBJS2QzQmdSa0FXVU5oakpnY01sc19WNmdDZUFuandwOE9meHF3aTNnVmdYQl9FblVMOFI0UkI0XzItN2I3TzhCSm0tbXRVNktURGQyM0s5eDc5LWRpOGtEeHBrbDJvdlVWU1ZiSm9YRHV1TU1mSzR1cW9BWEZheVViTXdvQTFSQTVxNUdtNXNaM204Q3JtenRpRWhtbld3ek9wUDA?oc=5"" target=""_blank"">‘Why was I called?’ Rizwan questions Pakistan cybercrime agency over summons, alleged violation; phone not returned | Cricket</a>&nbsp;&nbsp;<font color=""#6f6f6f"">Hindustan Times</font>",https://news.google.com/rss/articles/CBMiiwJBVV95cUxPaEJSWDRXNjJTZk5LbFdJNnhsSDAycDlwWE9MZUdMRTRsN1NleXhNZkpIMERYQVBjRFdabnNUcVQwb1p3NndPOS1DWTNtQkFIbk9SRXpYaWNGX2FRZE02MHE4WmtORVc0T0NPVkFQMjBQMG52cVBUcy10cm1ZQXJnQ2xxSDN5NElWWFJLdjBSUG5pa2lFbDJhbGVPT24tamZhWHNtYVlCVkRhV3dOSFAwdk5HWDE4dHlJNHVSUnFrV3FoTXhMNGpzTkgzaTJDdmg2WjdGOU4zYXlQVmxuZE96SWpVT2gtaFdQeFg2Wnh5QlJQVUI0OVhsZjRRNzNpTjhPUUxHLXJ6RExadXPSAZACQVVfeXFMT2FiT3ZmSGJXREN1ZEJQXzVyM0dKTU9SbGhZT053MEc3NEN2dWxsNzVWQnVJNUxpaVlQb1RyR0h0cmpIMjB5Ym1MUnJkc0VpRDlyN0tRLWpOdzdxaGM4b0c1MmtJVUJBdE8wcnpneS14dWlJcXBJS2QzQmdSa0FXVU5oakpnY01sc19WNmdDZUFuandwOE9meHF3aTNnVmdYQl9FblVMOFI0UkI0XzItN2I3TzhCSm0tbXRVNktURGQyM0s5eDc5LWRpOGtEeHBrbDJvdlVWU1ZiSm9YRHV1TU1mSzR1cW9BWEZheVViTXdvQTFSQTVxNUdtNXNaM204Q3JtenRpRWhtbld3ek9wUDA?oc=5,2026-09-15 09:09:08+00:00,2026-09-21 07:48:20.437181+00:00,Hindustan Times,cybercrime,"‘Why was I called?’ Rizwan questions Pakistan cybercrime agency over summons, alleged violation; phone not returned | Cricket - Hindustan Times <a href=""https://news.google.com/rss/articles/CBMiiwJBVV95cUxPaEJSWDRXNjJTZk5LbFdJNnhsSDAycDlwWE9MZUdMRTRsN1NleXhNZkpIMERYQVBjRFdabnNUcVQwb1p3NndPOS1DWTNtQkFIbk9SRXpYaWNGX2FRZE02MHE4WmtORVc0T0NPVkFQMjBQMG52cVBUcy10cm1ZQXJnQ2xxSDN5NElWWFJLdjBSUG5pa2lFbDJhbGVPT24tamZhWHNtYVlCVkRhV3dOSFAwdk5HWDE4dHlJNHVSUnFrV3FoTXhMNGpzTkgzaTJDdmg2WjdGOU4zYXlQVmxuZE96SWpVT2gtaFdQeFg2Wnh5QlJQVUI0OVhsZjRRNzNpTjhPUUxHLXJ6RExadXPSAZACQVVfeXFMT2FiT3ZmSGJXREN1ZEJQXzVyM0dKTU9SbGhZT053MEc3NEN2dWxsNzVWQnVJNUxpaVlQb1RyR0h0cmpIMjB5Ym1MUnJkc0VpRDlyN0tRLWpOdzdxaGM4b0c1MmtJVUJBdE8wcnpneS14dWlJcXBJS2QzQmdSa0FXVU5oakpnY01sc19WNmdDZUFuandwOE9meHF3aTNnVmdYQl9FblVMOFI0UkI0XzItN2I3TzhCSm0tbXRVNktURGQyM0s5eDc5LWRpOGtEeHBrbDJvdlVWU1ZiSm9YRHV1TU1mSzR1cW9BWEZheVViTXdvQTFSQTVxNUdtNXNaM204Q3JtenRpRWhtbld3ek9wUDA?oc=5"" target=""_blank"">‘Why was I called?’ Rizwan questions Pakistan cybercrime agency over summons, alleged violation; phone not returned | Cricket</a>&nbsp;&nbsp;<font color=""#6f6f6f"">Hindustan Times</font>",Negative,Community_Discussion,Dataset 2,OK,"Dataset 1, Dataset 2"
Mohammad Rizwan breaks silence on cybercrime agency probe: 'I am fully cooperating' - Yahoo Sports,"<a href=""https://news.google.com/rss/articles/CBMilAFBVV95cUxORjdscWhCUXRNS1VCWUtZS1hlbEtZNU5YakNILVQ0TnlWZzhtc0pxRjVsWHVCc0hWYW5zd0RQeEQwNUIyZElaVU9wcVpUd2F3VXQwdXdSY0VmcU83al9wcmlsSlFBR1FfaGI5dE5ZUnhfa2VtckFZdDRZbEFQTmoteEs3V3UwbkdYS3Vjc3QtdWRKWmdS?oc=5"" target=""_blank"">Mohammad Rizwan breaks silence on cybercrime agency probe: 'I am fully cooperating'</a>&nbsp;&nbsp;<font color=""#6f6f6f"">Yahoo Sports</font>",https://news.google.com/rss/articles/CBMilAFBVV95cUxORjdscWhCUXRNS1VCWUtZS1hlbEtZNU5YakNILVQ0TnlWZzhtc0pxRjVsWHVCc0hWYW5zd0RQeEQwNUIyZElaVU9wcVpUd2F3VXQwdXdSY0VmcU83al9wcmlsSlFBR1FfaGI5dE5ZUnhfa2VtckFZdDRZbEFQTmoteEs3V3UwbkdYS3Vjc3QtdWRKWmdS?oc=5,2026-09-14 19:13:00+00:00,2026-09-21 07:48:20.437195+00:00,Yahoo Sports,cybercrime,"Mohammad Rizwan breaks silence on cybercrime agency probe: 'I am fully cooperating' - Yahoo Sports <a href=""https://news.google.com/rss/articles/CBMilAFBVV95cUxORjdscWhCUXRNS1VCWUtZS1hlbEtZNU5YakNILVQ0TnlWZzhtc0pxRjVsWHVCc0hWYW5zd0RQeEQwNUIyZElaVU9wcVpUd2F3VXQwdXdSY0VmcU83al9wcmlsSlFBR1FfaGI5dE5ZUnhfa2VtckFZdDRZbEFQTmoteEs3V3UwbkdYS3Vjc3QtdWRKWmdS?oc=5"" target=""_blank"">Mohammad Rizwan breaks silence on cybercrime agency probe: 'I am fully cooperating'</a>&nbsp;&nbsp;<font color=""#6f6f6f"">Yahoo Sports</font>",Neutral,Community_Discussion,Dataset 2,OK,"Dataset 1, Dataset 2"
Papua New Guinea becomes the 82nd Party to the Convention on Cybercrime - coe.int,"<a href=""https://news.google.com/rss/articles/CBMisAFBVV95cUxOa2UxOUVZOFRNeTdPbTdodFkwbWlXTlJYVnpoRTNDQTRtRXI4WE5SUEVDbUVFMkxSbjY1SzRvcC1sSC1QQXZVMEZvUTFxM3MzTmYxRFcxNzR6cjV3REZzSS16bUlBYmxQSm5lV3dxWDE5Y0VnLUhBeW5hdjRmZ05USm1CdThQYy1zNDRQeHhxTnozUENNb0trQVg5QktJX3ZIU2pqTkF1TzA5QmxTVDlaLQ?oc=5"" target=""_blank"">Papua New Guinea becomes the 82nd Party to the Convention on Cybercrime</a>&nbsp;&nbsp;<font color=""#6f6f6f"">coe.int</font>",https://news.google.com/rss/articles/CBMisAFBVV95cUxOa2UxOUVZOFRNeTdPbTdodFkwbWlXTlJYVnpoRTNDQTRtRXI4WE5SUEVDbUVFMkxSbjY1SzRvcC1sSC1QQXZVMEZvUTFxM3MzTmYxRFcxNzR6cjV3REZzSS16bUlBYmxQSm5lV3dxWDE5Y0VnLUhBeW5hdjRmZ05USm1CdThQYy1zNDRQeHhxTnozUENNb0trQVg5QktJX3ZIU2pqTkF1TzA5QmxTVDlaLQ?oc=5,2026-05-11 07:00:00+00:00,2026-09-21 07:48:20.437209+00:00,coe.int,cybercrime,"Papua New Guinea becomes the 82nd Party to the Convention on Cybercrime - coe.int <a href=""https://news.google.com/rss/articles/CBMisAFBVV95cUxOa2UxOUVZOFRNeTdPbTdodFkwbWlXTlJYVnpoRTNDQTRtRXI4WE5SUEVDbUVFMkxSbjY1SzRvcC1sSC1QQXZVMEZvUTFxM3MzTmYxRFcxNzR6cjV3REZzSS16bUlBYmxQSm5lV3dxWDE5Y0VnLUhBeW5hdjRmZ05USm1CdThQYy1zNDRQeHhxTnozUENNb0trQVg5QktJX3ZIU2pqTkF1TzA5QmxTVDlaLQ?oc=5"" target=""_blank"">Papua New Guinea becomes the 82nd Party to the Convention on Cybercrime</a>&nbsp;&nbsp;<font color=""#6f6f6f"">coe.int</font>",Positive,Community_Discussion,Dataset 2,OK,"Dataset 1, Dataset 2"
“Click Click”: Audiovisual production to strengthen cybercrime prevention in Central America - United Nations Office on Drugs and Crime,"<a href=""https://news.google.com/rss/articles/CBMikgFBVV95cUxPWVBzTmJfM25CQVV4dm1aelN0MUZKbHlRQWdnaE9JWW96dUltVXZ0SkdQWXRfT1RXMVQ1QUc0ZGJtQXRDRmF4dG5xTGFEYjVkOF9NXzduNWdCZVBqTmg1SW5IYVFBazZWc0xwZ1RoTVhrVkp3b0thNkswT0pOTFQycFYyX1lWZ1dvSW5rcmZOYmhadw?oc=5"" target=""_blank"">“Click Click”: Audiovisual production to strengthen cybercrime prevention in Central America</a>&nbsp;&nbsp;<font color=""#6f6f6f"">United Nations Office on Drugs and Crime</font>",https://news.google.com/rss/articles/CBMikgFBVV95cUxPWVBzTmJfM25CQVV4dm1aelN0MUZKbHlRQWdnaE9JWW96dUltVXZ0SkdQWXRfT1RXMVQ1QUc0ZGJtQXRDRmF4dG5xTGFEYjVkOF9NXzduNWdCZVBqTmg1SW5IYVFBazZWc0xwZ1RoTVhrVkp3b0thNkswT0pOTFQycFYyX1lWZ1dvSW5rcmZOYmhadw?oc=5,2026-06-10 07:00:00+00:00,2026-09-21 07:48:20.437223+00:00,United Nations Office on Drugs and Crime,cybercrime,"“Click Click”: Audiovisual production to strengthen cybercrime prevention in Central America - United Nations Office on Drugs and Crime <a href=""https://news.google.com/rss/articles/CBMikgFBVV95cUxPWVBzTmJfM25CQVV4dm1aelN0MUZKbHlRQWdnaE9JWW96dUltVXZ0SkdQWXRfT1RXMVQ1QUc0ZGJtQXRDRmF4dG5xTGFEYjVkOF9NXzduNWdCZVBqTmg1SW5IYVFBazZWc0xwZ1RoTVhrVkp3b0thNkswT0pOTFQycFYyX1lWZ1dvSW5rcmZOYmhadw?oc=5"" target=""_blank"">“Click Click”: Audiovisual production to strengthen cybercrime prevention in Central America</a>&nbsp;&nbsp;<font color=""#6f6f6f"">United Nations Office on Drugs and Crime</font>",Neutral,Community_Discussion,Dataset 2,OK,"Dataset 1, Dataset 2"
Deadlock for UN cybercrime treaty: Familiar issues derail discussions in Vienna - Global Initiative against Transnational Organized Crime (GI-TOC),"<a href=""https://news.google.com/rss/articles/CBMihwFBVV95cUxPR1A0eDJKTXIwVmdyUHUxUXpjb1NPal9YeWlfYWtLZ0dMYlJ2QlVOMHNyZEVvN0E1QzJFelBHc2pyUy1XUUk0bFJQU2xCU3Zzel9JWWVqRzJhemdsQXI0Ync5dFN3SE9meVRBekVacjNqc3c5ekRuQTJzOUhEeUN4X0dpMmdpWTA?oc=5"" target=""_blank"">Deadlock for UN cybercrime treaty: Familiar issues derail discussions in Vienna</a>&nbsp;&nbsp;<font color=""#6f6f6f"">Global Initiative against Transnational Organized Crime (GI-TOC)</font>",https://news.google.com/rss/articles/CBMihwFBVV95cUxPR1A0eDJKTXIwVmdyUHUxUXpjb1NPal9YeWlfYWtLZ0dMYlJ2QlVOMHNyZEVvN0E1QzJFelBHc2pyUy1XUUk0bFJQU2xCU3Zzel9JWWVqRzJhemdsQXI0Ync5dFN3SE9meVRBekVacjNqc3c5ekRuQTJzOUhEeUN4X0dpMmdpWTA?oc=5,2026-02-10 08:00:00+00:00,2026-09-21 07:48:20.437237+00:00,Global Initiative against Transnational Organized Crime (GI-TOC),cybercrime,"Deadlock for UN cybercrime treaty: Familiar issues derail discussions in Vienna - Global Initiative against Transnational Organized Crime (GI-TOC) <a href=""https://news.google.com/rss/articles/CBMihwFBVV95cUxPR1A0eDJKTXIwVmdyUHUxUXpjb1NPal9YeWlfYWtLZ0dMYlJ2QlVOMHNyZEVvN0E1QzJFelBHc2pyUy1XUUk0bFJQU2xCU3Zzel9JWWVqRzJhemdsQXI0Ync5dFN3SE9meVRBekVacjNqc3c5ekRuQTJzOUhEeUN4X0dpMmdpWTA?oc=5"" target=""_blank"">Deadlock for UN cybercrime treaty: Familiar issues derail discussions in Vienna</a>&nbsp;&nbsp;<font color=""#6f6f6f"">Global Initiative against Transnational Organized Crime (GI-TOC)</font>",Neutral,Community_Discussion,Dataset 2,OK,"Dataset 1, Dataset 2"
CyberEast+: Defence attorneys from Ukraine attended the HELP Training Course on cybercrime and electronic evidence - coe.int,"<a href=""https://news.google.com/rss/articles/CBMi5wFBVV95cUxNSEVqNXNtRWlBeGNRMUdsVnA2Q0NsaEh1OUY3OV9QdEhNLURGTzZRTVpSRkJlUXBLdERyUU9nZWVVbHVfMFl1bzV4d2RHdVNGdFlVWTdsb1kwQ3FWdUYzbzdqUko1NXcyN01KRHJzV0c4dTNnRThiaDJ1bVAza0ZUSUpkdXRiazhvVTZqZmVSRGtwb1duaTctbEowQ1lDY2hoY1FQdTJtdTIwUDJsWjBrX1BkRkZ4OVE3V05laExiQ1hYQ2dvUmZSVWNLelBCQjI1U2VuWWtsZTZxeUdPNFJSajFtUXQxVVU?oc=5"" target=""_blank"">CyberEast+: Defence attorneys from Ukraine attended the HELP Training Course on cybercrime and electronic evidence</a>&nbsp;&nbsp;<font color=""#6f6f6f"">coe.int</font>",https://news.google.com/rss/articles/CBMi5wFBVV95cUxNSEVqNXNtRWlBeGNRMUdsVnA2Q0NsaEh1OUY3OV9QdEhNLURGTzZRTVpSRkJlUXBLdERyUU9nZWVVbHVfMFl1bzV4d2RHdVNGdFlVWTdsb1kwQ3FWdUYzbzdqUko1NXcyN01KRHJzV0c4dTNnRThiaDJ1bVAza0ZUSUpkdXRiazhvVTZqZmVSRGtwb1duaTctbEowQ1lDY2hoY1FQdTJtdTIwUDJsWjBrX1BkRkZ4OVE3V05laExiQ1hYQ2dvUmZSVWNLelBCQjI1U2VuWWtsZTZxeUdPNFJSajFtUXQxVVU?oc=5,2026-05-06 07:00:00+00:00,2026-09-21 07:48:20.437253+00:00,coe.int,cybercrime,"CyberEast+: Defence attorneys from Ukraine attended the HELP Training Course on cybercrime and electronic evidence - coe.int <a href=""https://news.google.com/rss/articles/CBMi5wFBVV95cUxNSEVqNXNtRWlBeGNRMUdsVnA2Q0NsaEh1OUY3OV9QdEhNLURGTzZRTVpSRkJlUXBLdERyUU9nZWVVbHVfMFl1bzV4d2RHdVNGdFlVWTdsb1kwQ3FWdUYzbzdqUko1NXcyN01KRHJzV0c4dTNnRThiaDJ1bVAza0ZUSUpkdXRiazhvVTZqZmVSRGtwb1duaTctbEowQ1lDY2hoY1FQdTJtdTIwUDJsWjBrX1BkRkZ4OVE3V05laExiQ1hYQ2dvUmZSVWNLelBCQjI1U2VuWWtsZTZxeUdPNFJSajFtUXQxVVU?oc=5"" target=""_blank"">CyberEast+: Defence attorneys from Ukraine attended the HELP Training Course on cybercrime and electronic evidence</a>&nbsp;&nbsp;<font color=""#6f6f6f"">coe.int</font>",Neutral,Community_Discussion,Dataset 2,OK,"Dataset 1, Dataset 2"
"Major operation in Africa targeting online scams nets 651 arrests, recovers USD 4.3 million - Interpol","<a href=""https://news.google.com/rss/articles/CBMi2AFBVV95cUxOeW10YjBOcFpXU2FvUVA5UUFBVWZnZ0FSUy15bndycnl6OEhVOWRVYXV2SXdxV19QSFNyaVY3QzlIbWdUY2xUWlQ1bFJiUE1oTGotLTM2czBPRzVMVmdtbHdUdXJJNVZfNDNkWk5KRFdYNFk1M1FjVWxjOFAtdEpDdmFTV0V5cEdFbEdtN1prY3hpUERfWkxrTFQ3bmlzbWM5QnZDUGxKOEl3dE1GYW1sQXUwMHR4RUJvNkswbzVGY2NXWnpFWXA1S2VWUkZkNTYyUFU3ZWhmTkQ?oc=5"" target=""_blank"">Major operation in Africa targeting online scams nets 651 arrests, recovers USD 4.3 million</a>&nbsp;&nbsp;<font color=""#6f6f6f"">Interpol</font>",https://news.google.com/rss/articles/CBMi2AFBVV95cUxOeW10YjBOcFpXU2FvUVA5UUFBVWZnZ0FSUy15bndycnl6OEhVOWRVYXV2SXdxV19QSFNyaVY3QzlIbWdUY2xUWlQ1bFJiUE1oTGotLTM2czBPRzVMVmdtbHdUdXJJNVZfNDNkWk5KRFdYNFk1M1FjVWxjOFAtdEpDdmFTV0V5cEdFbEdtN1prY3hpUERfWkxrTFQ3bmlzbWM5QnZDUGxKOEl3dE1GYW1sQXUwMHR4RUJvNkswbzVGY2NXWnpFWXA1S2VWUkZkNTYyUFU3ZWhmTkQ?oc=5,2026-02-18 08:00:00+00:00,2026-09-21 07:48:20.437267+00:00,Interpol,cybercrime,"Major operation in Africa targeting online scams nets 651 arrests, recovers USD 4.3 million - Interpol <a href=""https://news.google.com/rss/articles/CBMi2AFBVV95cUxOeW10YjBOcFpXU2FvUVA5UUFBVWZnZ0FSUy15bndycnl6OEhVOWRVYXV2SXdxV19QSFNyaVY3QzlIbWdUY2xUWlQ1bFJiUE1oTGotLTM2czBPRzVMVmdtbHdUdXJJNVZfNDNkWk5KRFdYNFk1M1FjVWxjOFAtdEpDdmFTV0V5cEdFbEdtN1prY3hpUERfWkxrTFQ3bmlzbWM5QnZDUGxKOEl3dE1GYW1sQXUwMHR4RUJvNkswbzVGY2NXWnpFWXA1S2VWUkZkNTYyUFU3ZWhmTkQ?oc=5"" target=""_blank"">Major operation in Africa targeting online scams nets 651 arrests, recovers USD 4.3 million</a>&nbsp;&nbsp;<font color=""#6f6f6f"">Interpol</font>",Neutral,Community_Discussion,Dataset 2,OK,"Dataset 1, Dataset 2"
Protecting yourself in a new era of AI-powered cybercrime : Short Wave - NPR,"<a href=""https://news.google.com/rss/articles/CBMikwFBVV95cUxNNXpVVV95d0U4LVV4Zm5UaXJma1JhNlQ0ekJBajl3eFhxMVdQNGlicXVWLVhEbzBMZDNHbkRRN2xDMW5CdTduaEd1TDN4QTR1R3VBZ2Q3cmdqWmU4RDFXRE5LMWtsaDk2RTNrbXhVLUZmU254bGFOeXdoalhWb2R6MVduMHhwbXpIVVQ2b2FHSWNYVXc?oc=5"" target=""_blank"">Protecting yourself in a new era of AI-powered cybercrime : Short Wave</a>&nbsp;&nbsp;<font color=""#6f6f6f"">NPR</font>",https://news.google.com/rss/articles/CBMikwFBVV95cUxNNXpVVV95d0U4LVV4Zm5UaXJma1JhNlQ0ekJBajl3eFhxMVdQNGlicXVWLVhEbzBMZDNHbkRRN2xDMW5CdTduaEd1TDN4QTR1R3VBZ2Q3cmdqWmU4RDFXRE5LMWtsaDk2RTNrbXhVLUZmU254bGFOeXdoalhWb2R6MVduMHhwbXpIVVQ2b2FHSWNYVXc?oc=5,2026-08-03 07:00:00+00:00,2026-09-21 07:48:20.437281+00:00,NPR,cybercrime,"Protecting yourself in a new era of AI-powered cybercrime : Short Wave - NPR <a href=""https://news.google.com/rss/articles/CBMikwFBVV95cUxNNXpVVV95d0U4LVV4Zm5UaXJma1JhNlQ0ekJBajl3eFhxMVdQNGlicXVWLVhEbzBMZDNHbkRRN2xDMW5CdTduaEd1TDN4QTR1R3VBZ2Q3cmdqWmU4RDFXRE5LMWtsaDk2RTNrbXhVLUZmU254bGFOeXdoalhWb2R6MVduMHhwbXpIVVQ2b2FHSWNYVXc?oc=5"" target=""_blank"">Protecting yourself in a new era of AI-powered cybercrime : Short Wave</a>&nbsp;&nbsp;<font color=""#6f6f6f"">NPR</font>",Neutral,Community_Discussion,Dataset 2,OK,"Dataset 1, Dataset 2"
Islamabad court grants bail to 10 Chinese nationals in cybercrime case — Dawn - UA.NEWS,"<a href=""https://news.google.com/rss/articles/CBMisgFBVV95cUxORU55amFIZVc4b2lnbkpjU3RuejNWT2k5eG5MWEk3S3RoYlFSczhrUFhzZy1lYjhlYTl4Y1dmZk4tRU9fZzlOUkwtdnJmYUFiWWlLTTJFNVB1LVBuM1ppUDZoYnJvbGhDMXRWYXZIbUpQWFdlR2tYMnlFa0czT09xWDA0aWRwcGxNS0lHRXpVZTJJTWpXbkhFMER5eVN4Uy1XVmhHdEZBdjR2bW0zd1RFenRn?oc=5"" target=""_blank"">Islamabad court grants bail to 10 Chinese nationals in cybercrime case — Dawn</a>&nbsp;&nbsp;<font color=""#6f6f6f"">UA.NEWS</font>",https://news.google.com/rss/articles/CBMisgFBVV95cUxORU55amFIZVc4b2lnbkpjU3RuejNWT2k5eG5MWEk3S3RoYlFSczhrUFhzZy1lYjhlYTl4Y1dmZk4tRU9fZzlOUkwtdnJmYUFiWWlLTTJFNVB1LVBuM1ppUDZoYnJvbGhDMXRWYXZIbUpQWFdlR2tYMnlFa0czT09xWDA0aWRwcGxNS0lHRXpVZTJJTWpXbkhFMER5eVN4Uy1XVmhHdEZBdjR2bW0zd1RFenRn?oc=5,2026-09-20 05:48:04+00:00,2026-09-21 07:48:20.437296+00:00,UA.NEWS,cybercrime,"Islamabad court grants bail to 10 Chinese nationals in cybercrime case — Dawn - UA.NEWS <a href=""https://news.google.com/rss/articles/CBMisgFBVV95cUxORU55amFIZVc4b2lnbkpjU3RuejNWT2k5eG5MWEk3S3RoYlFSczhrUFhzZy1lYjhlYTl4Y1dmZk4tRU9fZzlOUkwtdnJmYUFiWWlLTTJFNVB1LVBuM1ppUDZoYnJvbGhDMXRWYXZIbUpQWFdlR2tYMnlFa0czT09xWDA0aWRwcGxNS0lHRXpVZTJJTWpXbkhFMER5eVN4Uy1XVmhHdEZBdjR2bW0zd1RFenRn?oc=5"" target=""_blank"">Islamabad court grants bail to 10 Chinese nationals in cybercrime case — Dawn</a>&nbsp;&nbsp;<font color=""#6f6f6f"">UA.NEWS</font>",Neutral,Community_Discussion,Dataset 2,OK,"Dataset 1, Dataset 2"
Meta becomes first major tech intermediary to directly report child safety cases in India - Mid-Day,"<a href=""https://news.google.com/rss/articles/CBMi3wFBVV95cUxQRk5IcFVaS2JQb0xEaldoVE1xMExMeXNPd0FyYTUybHNWQ3BKVFk1cWVMNlkxOVZvSE10ZHBja0ZQalF6WHhzVVJTeXZxM19UVUFjLUdlVC04cFBiRHNvSDVGVlJNdzNqUG1ZQktjM1FoQ1hiWlVVd2Z0aThvSnlFWmZiMUFvSk53RDNSNVRxR2Y4c19VcThaSEpZNTdmbldZM2xtdVJFVlZlak9WdjFXT1BCaVlPQkRzLVdkaGZJdzhuS2RXNnlwZ2JUWmFrQXlibFptUUNsRk1TTGdSRzNR0gHkAUFVX3lxTE4wTXN1VDcyUnVHeWtETE5qVUdBUjlMcEc3R3c2TkJ4eXVfejI4NGNoa056X1pmNFRVclB3eXNEOWRzd05hS2MyNTV3bDVyMHlFV2lsWm1BWkE2RmxqNGtvcFdIa3o5c182ck1BNEhYMnk0ZFJnZVFkdDZMLURYdnkzaUtoQXlScmxSYVlReG5PekpVT09PUWVydEZheFVVQmw1NWY4VlBaN2Z3dEt5M3hiWlZPVUZWQ243S1c4WHJlQ2ZDZTRNZ09CZEc2MWcxZWZzVjBHaFUzVlB3MXB0SDJoRlcxaQ?oc=5"" target=""_blank"">Meta becomes first major tech intermediary to directly report child safety cases in India</a>&nbsp;&nbsp;<font color=""#6f6f6f"">Mid-Day</font>",https://news.google.com/rss/articles/CBMi3wFBVV95cUxQRk5IcFVaS2JQb0xEaldoVE1xMExMeXNPd0FyYTUybHNWQ3BKVFk1cWVMNlkxOVZvSE10ZHBja0ZQalF6WHhzVVJTeXZxM19UVUFjLUdlVC04cFBiRHNvSDVGVlJNdzNqUG1ZQktjM1FoQ1hiWlVVd2Z0aThvSnlFWmZiMUFvSk53RDNSNVRxR2Y4c19VcThaSEpZNTdmbldZM2xtdVJFVlZlak9WdjFXT1BCaVlPQkRzLVdkaGZJdzhuS2RXNnlwZ2JUWmFrQXlibFptUUNsRk1TTGdSRzNR0gHkAUFVX3lxTE4wTXN1VDcyUnVHeWtETE5qVUdBUjlMcEc3R3c2TkJ4eXVfejI4NGNoa056X1pmNFRVclB3eXNEOWRzd05hS2MyNTV3bDVyMHlFV2lsWm1BWkE2RmxqNGtvcFdIa3o5c182ck1BNEhYMnk0ZFJnZVFkdDZMLURYdnkzaUtoQXlScmxSYVlReG5PekpVT09PUWVydEZheFVVQmw1NWY4VlBaN2Z3dEt5M3hiWlZPVUZWQ243S1c4WHJlQ2ZDZTRNZ09CZEc2MWcxZWZzVjBHaFUzVlB3MXB0SDJoRlcxaQ?oc=5,2026-09-16 02:57:00+00:00,2026-09-21 07:48:20.437310+00:00,Mid-Day,cybercrime,"Meta becomes first major tech intermediary to directly report child safety cases in India - Mid-Day <a href=""https://news.google.com/rss/articles/CBMi3wFBVV95cUxQRk5IcFVaS2JQb0xEaldoVE1xMExMeXNPd0FyYTUybHNWQ3BKVFk1cWVMNlkxOVZvSE10ZHBja0ZQalF6WHhzVVJTeXZxM19UVUFjLUdlVC04cFBiRHNvSDVGVlJNdzNqUG1ZQktjM1FoQ1hiWlVVd2Z0aThvSnlFWmZiMUFvSk53RDNSNVRxR2Y4c19VcThaSEpZNTdmbldZM2xtdVJFVlZlak9WdjFXT1BCaVlPQkRzLVdkaGZJdzhuS2RXNnlwZ2JUWmFrQXlibFptUUNsRk1TTGdSRzNR0gHkAUFVX3lxTE4wTXN1VDcyUnVHeWtETE5qVUdBUjlMcEc3R3c2TkJ4eXVfejI4NGNoa056X1pmNFRVclB3eXNEOWRzd05hS2MyNTV3bDVyMHlFV2lsWm1BWkE2RmxqNGtvcFdIa3o5c182ck1BNEhYMnk0ZFJnZVFkdDZMLURYdnkzaUtoQXlScmxSYVlReG5PekpVT09PUWVydEZheFVVQmw1NWY4VlBaN2Z3dEt5M3hiWlZPVUZWQ243S1c4WHJlQ2ZDZTRNZ09CZEc2MWcxZWZzVjBHaFUzVlB3MXB0SDJoRlcxaQ?oc=5"" target=""_blank"">Meta becomes first major tech intermediary to directly report child safety cases in India</a>&nbsp;&nbsp;<font color=""#6f6f6f"">Mid-Day</font>",Neutral,Community_Discussion,Dataset 2,OK,"Dataset 1, Dataset 2"
C-PROC: The global state of cybercrime legislation 2013 – 2025: a cursory overview - coe.int,"<a href=""https://news.google.com/rss/articles/CBMiugFBVV95cUxPU01VTzFMVzVUTE8xRVNSeUZtQ3lHdnFOanlvelMxMFdZc3ljRnlYcnpGMDhmWTgxVHEyU2U0dVB1RlJFZExOUkFSbk9TUzNHVk5BdGZ1VXh3T29DaWxtLUtjZkRNWjlpV3k0aFJPNk9FR0JzT014VmJFSkFIREFJZ1c0dzVxVjNXN015YnJCZTRzcHZycGN0STliMWtYTEhsLTdJMTF1S1VSMjZxMThvc3U3VC1PeEJsd1E?oc=5"" target=""_blank"">C-PROC: The global state of cybercrime legislation 2013 – 2025: a cursory overview</a>&nbsp;&nbsp;<font color=""#6f6f6f"">coe.int</font>",https://news.google.com/rss/articles/CBMiugFBVV95cUxPU01VTzFMVzVUTE8xRVNSeUZtQ3lHdnFOanlvelMxMFdZc3ljRnlYcnpGMDhmWTgxVHEyU2U0dVB1RlJFZExOUkFSbk9TUzNHVk5BdGZ1VXh3T29DaWxtLUtjZkRNWjlpV3k0aFJPNk9FR0JzT014VmJFSkFIREFJZ1c0dzVxVjNXN015YnJCZTRzcHZycGN0STliMWtYTEhsLTdJMTF1S1VSMjZxMThvc3U3VC1PeEJsd1E?oc=5,2026-02-03 08:00:00+00:00,2026-09-21 07:48:20.437324+00:00,coe.int,cybercrime,"C-PROC: The global state of cybercrime legislation 2013 – 2025: a cursory overview - coe.int <a href=""https://news.google.com/rss/articles/CBMiugFBVV95cUxPU01VTzFMVzVUTE8xRVNSeUZtQ3lHdnFOanlvelMxMFdZc3ljRnlYcnpGMDhmWTgxVHEyU2U0dVB1RlJFZExOUkFSbk9TUzNHVk5BdGZ1VXh3T29DaWxtLUtjZkRNWjlpV3k0aFJPNk9FR0JzT014VmJFSkFIREFJZ1c0dzVxVjNXN015YnJCZTRzcHZycGN0STliMWtYTEhsLTdJMTF1S1VSMjZxMThvc3U3VC1PeEJsd1E?oc=5"" target=""_blank"">C-PROC: The global state of cybercrime legislation 2013 – 2025: a cursory overview</a>&nbsp;&nbsp;<font color=""#6f6f6f"">coe.int</font>",Neutral,Community_Discussion,Dataset 2,OK,Dataset 2
C-PROC: Strengthened global response to cybercrime through the first edition of the Cyber-Skills Sharing Programme - coe.int,"<a href=""https://news.google.com/rss/articles/CBMi6AFBVV95cUxPQmt0aFlTd0p5ZUxuaUZ5SGxaX1I2djdSQWw4cGV2SXZpWUdYTVRDMWNVcnBqbl9sRnBqMk5tdnBKMXFYZUtBR25wRjlHcUZHUUc0Rjg0V2J4QW9SdjNHY3lOUGU3Q2ZORlFjbE1tX0pMdGctUzdyUFBVOWxLc19tcWpFYURxbGM1TlktN1hRVmN1WlFDd2ZpcWdwd3VId1BBcGV6WXRnUmxiLXVOOXo3bFpLU1YwSDNRWUJTQ0VqQ0wydWdXWkhXcFN3RGZHSmViU2JGbDRXeEtlN2pXSVF0QjJwOHBPVmVp?oc=5"" target=""_blank"">C-PROC: Strengthened global response to cybercrime through the first edition of the Cyber-Skills Sharing Programme</a>&nbsp;&nbsp;<font color=""#6f6f6f"">coe.int</font>",https://news.google.com/rss/articles/CBMi6AFBVV95cUxPQmt0aFlTd0p5ZUxuaUZ5SGxaX1I2djdSQWw4cGV2SXZpWUdYTVRDMWNVcnBqbl9sRnBqMk5tdnBKMXFYZUtBR25wRjlHcUZHUUc0Rjg0V2J4QW9SdjNHY3lOUGU3Q2ZORlFjbE1tX0pMdGctUzdyUFBVOWxLc19tcWpFYURxbGM1TlktN1hRVmN1WlFDd2ZpcWdwd3VId1BBcGV6WXRnUmxiLXVOOXo3bFpLU1YwSDNRWUJTQ0VqQ0wydWdXWkhXcFN3RGZHSmViU2JGbDRXeEtlN2pXSVF0QjJwOHBPVmVp?oc=5,2026-04-01 07:00:00+00:00,2026-09-21 07:48:20.437338+00:00,coe.int,cybercrime,"C-PROC: Strengthened global response to cybercrime through the first edition of the Cyber-Skills Sharing Programme - coe.int <a href=""https://news.google.com/rss/articles/CBMi6AFBVV95cUxPQmt0aFlTd0p5ZUxuaUZ5SGxaX1I2djdSQWw4cGV2SXZpWUdYTVRDMWNVcnBqbl9sRnBqMk5tdnBKMXFYZUtBR25wRjlHcUZHUUc0Rjg0V2J4QW9SdjNHY3lOUGU3Q2ZORlFjbE1tX0pMdGctUzdyUFBVOWxLc19tcWpFYURxbGM1TlktN1hRVmN1WlFDd2ZpcWdwd3VId1BBcGV6WXRnUmxiLXVOOXo3bFpLU1YwSDNRWUJTQ0VqQ0wydWdXWkhXcFN3RGZHSmViU2JGbDRXeEtlN2pXSVF0QjJwOHBPVmVp?oc=5"" target=""_blank"">C-PROC: Strengthened global response to cybercrime through the first edition of the Cyber-Skills Sharing Programme</a>&nbsp;&nbsp;<font color=""#6f6f6f"">coe.int</font>",Neutral,Community_Discussion,Dataset 2,OK,Dataset 2
"Google joins the ‘Oops, our agents hacked someone’ club after partner’s internet access error - The Register","<a href=""https://news.google.com/rss/articles/CBMi3wFBVV95cUxOWFdheU5mN3FJRkx5dmI4ZjBrbjNNcHZ0UjVNN3NER2M1WVFWREItVUhBSFhuSmx4NVg4LTdhUkNNZ2REMEhRUWhiNGJiUFEta1hyTmY1MHM0MGdvY2lpeUtaS2J1aURlSENhUTRpNXZnQUVBQjQ2bXBXUGY2QWlMQVdtYnNYODhjLWQzNl9vZlowd0ltT1hNQnBkcnpoZWpqby15OG93UkNmTWFjQ0xod21IVGpJclQxbjFFQW5xdDhib0FQTDFBSXAzT0NYdFJwRVV5MGxQcVVVQml6WE1N?oc=5"" target=""_blank"">Google joins the ‘Oops, our agents hacked someone’ club after partner’s internet access error</a>&nbsp;&nbsp;<font color=""#6f6f6f"">The Register</font>",https://news.google.com/rss/articles/CBMi3wFBVV95cUxOWFdheU5mN3FJRkx5dmI4ZjBrbjNNcHZ0UjVNN3NER2M1WVFWREItVUhBSFhuSmx4NVg4LTdhUkNNZ2REMEhRUWhiNGJiUFEta1hyTmY1MHM0MGdvY2lpeUtaS2J1aURlSENhUTRpNXZnQUVBQjQ2bXBXUGY2QWlMQVdtYnNYODhjLWQzNl9vZlowd0ltT1hNQnBkcnpoZWpqby15OG93UkNmTWFjQ0xod21IVGpJclQxbjFFQW5xdDhib0FQTDFBSXAzT0NYdFJwRVV5MGxQcVVVQml6WE1N?oc=5,2026-09-21 03:50:54+00:00,2026-09-21 07:48:21.108294+00:00,The Register,digital_exclusion,"Google joins the ‘Oops, our agents hacked someone’ club after partner’s internet access error - The Register <a href=""https://news.google.com/rss/articles/CBMi3wFBVV95cUxOWFdheU5mN3FJRkx5dmI4ZjBrbjNNcHZ0UjVNN3NER2M1WVFWREItVUhBSFhuSmx4NVg4LTdhUkNNZ2REMEhRUWhiNGJiUFEta1hyTmY1MHM0MGdvY2lpeUtaS2J1aURlSENhUTRpNXZnQUVBQjQ2bXBXUGY2QWlMQVdtYnNYODhjLWQzNl9vZlowd0ltT1hNQnBkcnpoZWpqby15OG93UkNmTWFjQ0xod21IVGpJclQxbjFFQW5xdDhib0FQTDFBSXAzT0NYdFJwRVV5MGxQcVVVQml6WE1N?oc=5"" target=""_blank"">Google joins the ‘Oops, our agents hacked someone’ club after partner’s internet access error</a>&nbsp;&nbsp;<font color=""#6f6f6f"">The Register</font>",Neutral,Community_Discussion,Dataset 2,OK,Dataset 2
South Africa Online Shopping Lags Internet Access as Retail Market Targets Wider Adoption - TechAfrica News,"<a href=""https://news.google.com/rss/articles/CBMikgFBVV95cUxPTjllYVNhekVtc3JxRHVMTHljS3JsOWRveVRDMHZMTzhmSVJiLUhIX3pSYkFnbXJaQUFQWTU4NEdKdm9RRzl2aE03RzZabzQ0ZnVoSExJQ3BfUkpwSXo4amQ1MlY0VjlPelUzbE82bzFJeTBDMW5IZ1k1QkprUGdyVFpxdFppd1VNN3dkVTJrMDlsUQ?oc=5"" target=""_blank"">South Africa Online Shopping Lags Internet Access as Retail Market Targets Wider Adoption</a>&nbsp;&nbsp;<font color=""#6f6f6f"">TechAfrica News</font>",https://news.google.com/rss/articles/CBMikgFBVV95cUxPTjllYVNhekVtc3JxRHVMTHljS3JsOWRveVRDMHZMTzhmSVJiLUhIX3pSYkFnbXJaQUFQWTU4NEdKdm9RRzl2aE03RzZabzQ0ZnVoSExJQ3BfUkpwSXo4amQ1MlY0VjlPelUzbE82bzFJeTBDMW5IZ1k1QkprUGdyVFpxdFppd1VNN3dkVTJrMDlsUQ?oc=5,2026-09-21 07:45:38+00:00,2026-09-21 07:48:21.108334+00:00,TechAfrica News,digital_exclusion,"South Africa Online Shopping Lags Internet Access as Retail Market Targets Wider Adoption - TechAfrica News <a href=""https://news.google.com/rss/articles/CBMikgFBVV95cUxPTjllYVNhekVtc3JxRHVMTHljS3JsOWRveVRDMHZMTzhmSVJiLUhIX3pSYkFnbXJaQUFQWTU4NEdKdm9RRzl2aE03RzZabzQ0ZnVoSExJQ3BfUkpwSXo4amQ1MlY0VjlPelUzbE82bzFJeTBDMW5IZ1k1QkprUGdyVFpxdFppd1VNN3dkVTJrMDlsUQ?oc=5"" target=""_blank"">South Africa Online Shopping Lags Internet Access as Retail Market Targets Wider Adoption</a>&nbsp;&nbsp;<font color=""#6f6f6f"">TechAfrica News</font>",Neutral,Community_Discussion,Dataset 2,OK,Dataset 2
"Bridging the AI, Digital Divide: Technology or Societal Responsibility?+AGM - bcs.org","<a href=""https://news.google.com/rss/articles/CBMiwwFBVV95cUxNUVlHcXM1eFRtWnkyYklqVHNTOUlhQThSTlVsTzVnMEJCWGlzOWpGZkt6VDljT3RBZlJBbzJ0OUxqSnR2cm5aUG4wVElwU01JUHJpT3VsUnBZZmFFeExoVWJGVWtNTW1FX2VnaUliX0xwUnh3T01XUFNBeWlrSm94OTlZR3dZWm94cVVIWFhZbHdlalRJa054d1VLd0U4ZHF4WU9GTi1mWGdIUWI5TnZaWFRhV2FrU25iRWltMElYcGRHbUU?oc=5"" target=""_blank"">Bridging the AI, Digital Divide: Technology or Societal Responsibility?+AGM</a>&nbsp;&nbsp;<font color=""#6f6f6f"">bcs.org</font>",https://news.google.com/rss/articles/CBMiwwFBVV95cUxNUVlHcXM1eFRtWnkyYklqVHNTOUlhQThSTlVsTzVnMEJCWGlzOWpGZkt6VDljT3RBZlJBbzJ0OUxqSnR2cm5aUG4wVElwU01JUHJpT3VsUnBZZmFFeExoVWJGVWtNTW1FX2VnaUliX0xwUnh3T01XUFNBeWlrSm94OTlZR3dZWm94cVVIWFhZbHdlalRJa054d1VLd0U4ZHF4WU9GTi1mWGdIUWI5TnZaWFRhV2FrU25iRWltMElYcGRHbUU?oc=5,2026-09-19 19:35:59+00:00,2026-09-21 07:48:21.108349+00:00,bcs.org,digital_exclusion,"Bridging the AI, Digital Divide: Technology or Societal Responsibility?+AGM - bcs.org <a href=""https://news.google.com/rss/articles/CBMiwwFBVV95cUxNUVlHcXM1eFRtWnkyYklqVHNTOUlhQThSTlVsTzVnMEJCWGlzOWpGZkt6VDljT3RBZlJBbzJ0OUxqSnR2cm5aUG4wVElwU01JUHJpT3VsUnBZZmFFeExoVWJGVWtNTW1FX2VnaUliX0xwUnh3T01XUFNBeWlrSm94OTlZR3dZWm94cVVIWFhZbHdlalRJa054d1VLd0U4ZHF4WU9GTi1mWGdIUWI5TnZaWFRhV2FrU25iRWltMElYcGRHbUU?oc=5"" target=""_blank"">Bridging the AI, Digital Divide: Technology or Societal Responsibility?+AGM</a>&nbsp;&nbsp;<font color=""#6f6f6f"">bcs.org</font>",Neutral,Community_Discussion,Dataset 2,OK,"Dataset 1, Dataset 2"
GSMA warns AI boom could deepen digital divide - Mobile World Live,"<a href=""https://news.google.com/rss/articles/CBMikgFBVV95cUxPR0ZEdTFZWXAtcy1rUE8tdkFsT3I0amhMSE9KTUNncGRjOWx1eUNuSXFwTW55YktCZEQ5cWczcDU5YmF1ZXgwR2ljeTdCN29xXzBtcjFUQXpUb2VOWkFYWnYzMWc4TVBXY0FsRlVQRTV3UkdwZ3RIbmhxRkNRSHNyNlJld1hRaUNkVVdRLW9qclNrUQ?oc=5"" target=""_blank"">GSMA warns AI boom could deepen digital divide</a>&nbsp;&nbsp;<font color=""#6f6f6f"">Mobile World Live</font>",https://news.google.com/rss/articles/CBMikgFBVV95cUxPR0ZEdTFZWXAtcy1rUE8tdkFsT3I0amhMSE9KTUNncGRjOWx1eUNuSXFwTW55YktCZEQ5cWczcDU5YmF1ZXgwR2ljeTdCN29xXzBtcjFUQXpUb2VOWkFYWnYzMWc4TVBXY0FsRlVQRTV3UkdwZ3RIbmhxRkNRSHNyNlJld1hRaUNkVVdRLW9qclNrUQ?oc=5,2026-09-18 15:47:07+00:00,2026-09-21 07:48:21.108365+00:00,Mobile World Live,digital_exclusion,"GSMA warns AI boom could deepen digital divide - Mobile World Live <a href=""https://news.google.com/rss/articles/CBMikgFBVV95cUxPR0ZEdTFZWXAtcy1rUE8tdkFsT3I0amhMSE9KTUNncGRjOWx1eUNuSXFwTW55YktCZEQ5cWczcDU5YmF1ZXgwR2ljeTdCN29xXzBtcjFUQXpUb2VOWkFYWnYzMWc4TVBXY0FsRlVQRTV3UkdwZ3RIbmhxRkNRSHNyNlJld1hRaUNkVVdRLW9qclNrUQ?oc=5"" target=""_blank"">GSMA warns AI boom could deepen digital divide</a>&nbsp;&nbsp;<font color=""#6f6f6f"">Mobile World Live</font>",Neutral,Community_Discussion,Dataset 2,OK,"Dataset 1, Dataset 2"
"While Illinois lags on closing its digital divide, its citizens pick Starlink - Fierce Network","<a href=""https://news.google.com/rss/articles/CBMitAFBVV95cUxNaHVzRE5fTDZKZ1dPRVl3dmkwRXdtTVI5Q19uQWQxNXNweFcxQ3FRMmVMcWROWm42c3lLc2d5dFBnVjZHck5wSl9yVXJUYm5HajViM2Y1YVBlMXgya011Z1FGNDQ4b3pMUU5wMU8tdFMtcE1rNEFOajNNUWJOZ0JMOTdtQkRmdUdTWDFVMDJPM3VEd1R4WUZrNEdXelhpVTh4M3I2RkxicWpmWm5PdXBJSFRaNkc?oc=5"" target=""_blank"">While Illinois lags on closing its digital divide, its citizens pick Starlink</a>&nbsp;&nbsp;<font color=""#6f6f6f"">Fierce Network</font>",https://news.google.com/rss/articles/CBMitAFBVV95cUxNaHVzRE5fTDZKZ1dPRVl3dmkwRXdtTVI5Q19uQWQxNXNweFcxQ3FRMmVMcWROWm42c3lLc2d5dFBnVjZHck5wSl9yVXJUYm5HajViM2Y1YVBlMXgya011Z1FGNDQ4b3pMUU5wMU8tdFMtcE1rNEFOajNNUWJOZ0JMOTdtQkRmdUdTWDFVMDJPM3VEd1R4WUZrNEdXelhpVTh4M3I2RkxicWpmWm5PdXBJSFRaNkc?oc=5,2026-09-16 17:03:03+00:00,2026-09-21 07:48:21.108378+00:00,Fierce Network,digital_exclusion,"While Illinois lags on closing its digital divide, its citizens pick Starlink - Fierce Network <a href=""https://news.google.com/rss/articles/CBMitAFBVV95cUxNaHVzRE5fTDZKZ1dPRVl3dmkwRXdtTVI5Q19uQWQxNXNweFcxQ3FRMmVMcWROWm42c3lLc2d5dFBnVjZHck5wSl9yVXJUYm5HajViM2Y1YVBlMXgya011Z1FGNDQ4b3pMUU5wMU8tdFMtcE1rNEFOajNNUWJOZ0JMOTdtQkRmdUdTWDFVMDJPM3VEd1R4WUZrNEdXelhpVTh4M3I2RkxicWpmWm5PdXBJSFRaNkc?oc=5"" target=""_blank"">While Illinois lags on closing its digital divide, its citizens pick Starlink</a>&nbsp;&nbsp;<font color=""#6f6f6f"">Fierce Network</font>",Neutral,Community_Discussion,Dataset 2,OK,"Dataset 1, Dataset 2"
Bridging the digital divide: Sri Lanka’s airport licence challenge - Island.lk,"<a href=""https://news.google.com/rss/articles/CBMiigFBVV95cUxNbzN3cnZ4S1hoY1NyUUpJN3dCZXRrYjZGNkxvckxMS2tpcnl0X0w4RERPbm13WnVNMXJNMncxMWdSVXhSYXFndFRZVnI5eWJZcXBCckhNclNoXzRpRU1JdXB1R0E0MFZ3QjZCUU1VakFIbk1FdHhYMktSVlZacmUwaXJVdEY5anRJNEE?oc=5"" target=""_blank"">Bridging the digital divide: Sri Lanka’s airport licence challenge</a>&nbsp;&nbsp;<font color=""#6f6f6f"">Island.lk</font>",https://news.google.com/rss/articles/CBMiigFBVV95cUxNbzN3cnZ4S1hoY1NyUUpJN3dCZXRrYjZGNkxvckxMS2tpcnl0X0w4RERPbm13WnVNMXJNMncxMWdSVXhSYXFndFRZVnI5eWJZcXBCckhNclNoXzRpRU1JdXB1R0E0MFZ3QjZCUU1VakFIbk1FdHhYMktSVlZacmUwaXJVdEY5anRJNEE?oc=5,2026-09-21 05:26:36+00:00,2026-09-21 07:48:21.108392+00:00,Island.lk,digital_exclusion,"Bridging the digital divide: Sri Lanka’s airport licence challenge - Island.lk <a href=""https://news.google.com/rss/articles/CBMiigFBVV95cUxNbzN3cnZ4S1hoY1NyUUpJN3dCZXRrYjZGNkxvckxMS2tpcnl0X0w4RERPbm13WnVNMXJNMncxMWdSVXhSYXFndFRZVnI5eWJZcXBCckhNclNoXzRpRU1JdXB1R0E0MFZ3QjZCUU1VakFIbk1FdHhYMktSVlZacmUwaXJVdEY5anRJNEE?oc=5"" target=""_blank"">Bridging the digital divide: Sri Lanka’s airport licence challenge</a>&nbsp;&nbsp;<font color=""#6f6f6f"">Island.lk</font>",Neutral,Community_Discussion,Dataset 2,OK,Dataset 2
Closing the digital divide for refugee women means understanding their full experience of connectivity - GSMA,"<a href=""https://news.google.com/rss/articles/CBMioAJBVV95cUxOR1hHWi1LTzdaQWVKc1ZOWHcxMWlObXZoeC1TdGxiT3Q5UDBqcEE2VVNSS3pZYTlUWFc3T0VQd2s4cW82RmJ1aWhGTXpBcTBKd05BUEk3cGozcVBmVjhoVTU3T0RyeF96SklUYjZmd25MeFVKUTM1MXVWaWdPejAxNnh4V1ZhWmJkZ2VvU1ZMMVM4VG9BU25LTEpDOGNnRldTT1ZjZWlGVVplZDZ4S0w3UDA3cmt4VEMtYWVsay1IU3QzRXpYU3lVaTZvV2pPbkFlSDQ4cU93QlR1dlQ0MUY3c0NpQUx4ank2NFJjMzRybE00anNpOWEwVDgwLU5IVEFRb2VwQmtKcUVhc3M5V0VCYXoxRnY5Nk1JS1VYMTkzWVk?oc=5"" target=""_blank"">Closing the digital divide for refugee women means understanding their full experience of connectivity</a>&nbsp;&nbsp;<font color=""#6f6f6f"">GSMA</font>",https://news.google.com/rss/articles/CBMioAJBVV95cUxOR1hHWi1LTzdaQWVKc1ZOWHcxMWlObXZoeC1TdGxiT3Q5UDBqcEE2VVNSS3pZYTlUWFc3T0VQd2s4cW82RmJ1aWhGTXpBcTBKd05BUEk3cGozcVBmVjhoVTU3T0RyeF96SklUYjZmd25MeFVKUTM1MXVWaWdPejAxNnh4V1ZhWmJkZ2VvU1ZMMVM4VG9BU25LTEpDOGNnRldTT1ZjZWlGVVplZDZ4S0w3UDA3cmt4VEMtYWVsay1IU3QzRXpYU3lVaTZvV2pPbkFlSDQ4cU93QlR1dlQ0MUY3c0NpQUx4ank2NFJjMzRybE00anNpOWEwVDgwLU5IVEFRb2VwQmtKcUVhc3M5V0VCYXoxRnY5Nk1JS1VYMTkzWVk?oc=5,2026-09-10 12:05:07+00:00,2026-09-21 07:48:21.108405+00:00,GSMA,digital_exclusion,"Closing the digital divide for refugee women means understanding their full experience of connectivity - GSMA <a href=""https://news.google.com/rss/articles/CBMioAJBVV95cUxOR1hHWi1LTzdaQWVKc1ZOWHcxMWlObXZoeC1TdGxiT3Q5UDBqcEE2VVNSS3pZYTlUWFc3T0VQd2s4cW82RmJ1aWhGTXpBcTBKd05BUEk3cGozcVBmVjhoVTU3T0RyeF96SklUYjZmd25MeFVKUTM1MXVWaWdPejAxNnh4V1ZhWmJkZ2VvU1ZMMVM4VG9BU25LTEpDOGNnRldTT1ZjZWlGVVplZDZ4S0w3UDA3cmt4VEMtYWVsay1IU3QzRXpYU3lVaTZvV2pPbkFlSDQ4cU93QlR1dlQ0MUY3c0NpQUx4ank2NFJjMzRybE00anNpOWEwVDgwLU5IVEFRb2VwQmtKcUVhc3M5V0VCYXoxRnY5Nk1JS1VYMTkzWVk?oc=5"" target=""_blank"">Closing the digital divide for refugee women means understanding their full experience of connectivity</a>&nbsp;&nbsp;<font color=""#6f6f6f"">GSMA</font>",Neutral,Community_Discussion,Dataset 2,OK,"Dataset 1, Dataset 2"
Mindsets changed to bridge digital divide in ethnic areas - LuatVietnam,"<a href=""https://news.google.com/rss/articles/CBMixAFBVV95cUxNOE9uNE4tRXVrTXFJOXJ4anRYZXQybHhuTkRGeHFORHRVN1NSNlF0X1YyQ0FKMk9yeVprSHN5emJBTVF3SFY1YWoyLWNtVXZXNXc0bDFGSU1qZkZ1M0hNQzdabXJXZ1pHT3QydmtFMHNwZUdLUWcwU2F6bl9KU05vZlNkUTFmMmNXNjQ3NmtHd1pRVmpEUG9fYk90U3YzX05GeURLZEtTRUpkcjN3X3NiaTgycS1LZml4X2hBNDJQXzFYYnB4?oc=5"" target=""_blank"">Mindsets changed to bridge digital divide in ethnic areas</a>&nbsp;&nbsp;<font color=""#6f6f6f"">LuatVietnam</font>",https://news.google.com/rss/articles/CBMixAFBVV95cUxNOE9uNE4tRXVrTXFJOXJ4anRYZXQybHhuTkRGeHFORHRVN1NSNlF0X1YyQ0FKMk9yeVprSHN5emJBTVF3SFY1YWoyLWNtVXZXNXc0bDFGSU1qZkZ1M0hNQzdabXJXZ1pHT3QydmtFMHNwZUdLUWcwU2F6bl9KU05vZlNkUTFmMmNXNjQ3NmtHd1pRVmpEUG9fYk90U3YzX05GeURLZEtTRUpkcjN3X3NiaTgycS1LZml4X2hBNDJQXzFYYnB4?oc=5,2026-09-16 07:15:00+00:00,2026-09-21 07:48:21.108417+00:00,LuatVietnam,digital_exclusion,"Mindsets changed to bridge digital divide in ethnic areas - LuatVietnam <a href=""https://news.google.com/rss/articles/CBMixAFBVV95cUxNOE9uNE4tRXVrTXFJOXJ4anRYZXQybHhuTkRGeHFORHRVN1NSNlF0X1YyQ0FKMk9yeVprSHN5emJBTVF3SFY1YWoyLWNtVXZXNXc0bDFGSU1qZkZ1M0hNQzdabXJXZ1pHT3QydmtFMHNwZUdLUWcwU2F6bl9KU05vZlNkUTFmMmNXNjQ3NmtHd1pRVmpEUG9fYk90U3YzX05GeURLZEtTRUpkcjN3X3NiaTgycS1LZml4X2hBNDJQXzFYYnB4?oc=5"" target=""_blank"">Mindsets changed to bridge digital divide in ethnic areas</a>&nbsp;&nbsp;<font color=""#6f6f6f"">LuatVietnam</font>",Neutral,Community_Discussion,Dataset 2,OK,Dataset 2
South Korea confronts digital divide as seniors struggle with kiosks - Kiosk Marketplace,"<a href=""https://news.google.com/rss/articles/CBMiqwFBVV95cUxOM0xCci1nS2JENDRMTmVmQVJnTWxlUU9yZ3lBaXA4bUZYbHl5QzlkcktfSjNTNDVBZWxGLVpFWDFCSWxueGY0anBWR1RkYURoT1RseGN5ODR4aXd2YXN0OW41U2c1SzZBN2dXbWUyRE5HdHEybnVnUWh5Y3oyaTR6SW1Xa2NMUFlDS2p5cGFDZmxtbWxnMmdIVmktMGlfaDV4c3E5amNMdy0ybUE?oc=5"" target=""_blank"">South Korea confronts digital divide as seniors struggle with kiosks</a>&nbsp;&nbsp;<font color=""#6f6f6f"">Kiosk Marketplace</font>",https://news.google.com/rss/articles/CBMiqwFBVV95cUxOM0xCci1nS2JENDRMTmVmQVJnTWxlUU9yZ3lBaXA4bUZYbHl5QzlkcktfSjNTNDVBZWxGLVpFWDFCSWxueGY0anBWR1RkYURoT1RseGN5ODR4aXd2YXN0OW41U2c1SzZBN2dXbWUyRE5HdHEybnVnUWh5Y3oyaTR6SW1Xa2NMUFlDS2p5cGFDZmxtbWxnMmdIVmktMGlfaDV4c3E5amNMdy0ybUE?oc=5,2026-09-15 10:05:00+00:00,2026-09-21 07:48:21.108431+00:00,Kiosk Marketplace,digital_exclusion,"South Korea confronts digital divide as seniors struggle with kiosks - Kiosk Marketplace <a href=""https://news.google.com/rss/articles/CBMiqwFBVV95cUxOM0xCci1nS2JENDRMTmVmQVJnTWxlUU9yZ3lBaXA4bUZYbHl5QzlkcktfSjNTNDVBZWxGLVpFWDFCSWxueGY0anBWR1RkYURoT1RseGN5ODR4aXd2YXN0OW41U2c1SzZBN2dXbWUyRE5HdHEybnVnUWh5Y3oyaTR6SW1Xa2NMUFlDS2p5cGFDZmxtbWxnMmdIVmktMGlfaDV4c3E5amNMdy0ybUE?oc=5"" target=""_blank"">South Korea confronts digital divide as seniors struggle with kiosks</a>&nbsp;&nbsp;<font color=""#6f6f6f"">Kiosk Marketplace</font>",Neutral,Community_Discussion,Dataset 2,OK,Dataset 2
Digital Divide Keeps Women Out of India's Gig Economy: Report - rediff.com,"<a href=""https://news.google.com/rss/articles/CBMisAFBVV95cUxQT3hsVW9wcFBsRkx1dlREQ3J4UzJBY0NZcUVlSXp1RWRoRDFVY25PdjV4U1loLXVtNnZ0NWtmcUhHdU9SWkZWUHNBTFZyVmpUSFluV0tENUdNZkdONUdJaWd5N1psRDdsTzZGd2ZCWE5KbjhBZ1VHbHFyc1ZBWFZvMTBlQ0ZjOUJVV29DZXVrSE50ZGFTbEVUWjdZZnVzOVVtV2N4Tk45WmtEZzEwUE1ZU9IBswFBVV95cUxOV0tic3pTSGpFZndLSlF2Zzk5NGg2UHoxd1l6UHo5c0lOUnJvY3JNdDhRYTd1cVUwS0tGbk92dEJ5SE1yRDFZdkx5UG9ydkVBT1BfRVUwOFpYVlpoWExQUWx2UHdoaDV1bjEyT2lJY3JfdlpvbXZiX1JReVdFWGw1bUJyWElfM1paOUlBUDhSSUtWQWc5cUFKelZJcE9mVy1IYXJEVDVZbzQydFZQcWpkdHJYWQ?oc=5"" target=""_blank"">Digital Divide Keeps Women Out of India's Gig Economy: Report</a>&nbsp;&nbsp;<font color=""#6f6f6f"">rediff.com</font>",https://news.google.com/rss/articles/CBMisAFBVV95cUxQT3hsVW9wcFBsRkx1dlREQ3J4UzJBY0NZcUVlSXp1RWRoRDFVY25PdjV4U1loLXVtNnZ0NWtmcUhHdU9SWkZWUHNBTFZyVmpUSFluV0tENUdNZkdONUdJaWd5N1psRDdsTzZGd2ZCWE5KbjhBZ1VHbHFyc1ZBWFZvMTBlQ0ZjOUJVV29DZXVrSE50ZGFTbEVUWjdZZnVzOVVtV2N4Tk45WmtEZzEwUE1ZU9IBswFBVV95cUxOV0tic3pTSGpFZndLSlF2Zzk5NGg2UHoxd1l6UHo5c0lOUnJvY3JNdDhRYTd1cVUwS0tGbk92dEJ5SE1yRDFZdkx5UG9ydkVBT1BfRVUwOFpYVlpoWExQUWx2UHdoaDV1bjEyT2lJY3JfdlpvbXZiX1JReVdFWGw1bUJyWElfM1paOUlBUDhSSUtWQWc5cUFKelZJcE9mVy1IYXJEVDVZbzQydFZQcWpkdHJYWQ?oc=5,2026-08-25 07:00:00+00:00,2026-09-21 07:48:21.108476+00:00,rediff.com,digital_exclusion,"Digital Divide Keeps Women Out of India's Gig Economy: Report - rediff.com <a href=""https://news.google.com/rss/articles/CBMisAFBVV95cUxQT3hsVW9wcFBsRkx1dlREQ3J4UzJBY0NZcUVlSXp1RWRoRDFVY25PdjV4U1loLXVtNnZ0NWtmcUhHdU9SWkZWUHNBTFZyVmpUSFluV0tENUdNZkdONUdJaWd5N1psRDdsTzZGd2ZCWE5KbjhBZ1VHbHFyc1ZBWFZvMTBlQ0ZjOUJVV29DZXVrSE50ZGFTbEVUWjdZZnVzOVVtV2N4Tk45WmtEZzEwUE1ZU9IBswFBVV95cUxOV0tic3pTSGpFZndLSlF2Zzk5NGg2UHoxd1l6UHo5c0lOUnJvY3JNdDhRYTd1cVUwS0tGbk92dEJ5SE1yRDFZdkx5UG9ydkVBT1BfRVUwOFpYVlpoWExQUWx2UHdoaDV1bjEyT2lJY3JfdlpvbXZiX1JReVdFWGw1bUJyWElfM1paOUlBUDhSSUtWQWc5cUFKelZJcE9mVy1IYXJEVDVZbzQydFZQcWpkdHJYWQ?oc=5"" target=""_blank"">Digital Divide Keeps Women Out of India's Gig Economy: Report</a>&nbsp;&nbsp;<font color=""#6f6f6f"">rediff.com</font>",Neutral,Community_Discussion,Dataset 2,OK,"Dataset 1, Dataset 2"
Russia’s International Youth Festival reportedly drew representatives from 191 countries. Foreign attendees got unrestricted internet access. Russian attendees did not. - Meduza,"<a href=""https://news.google.com/rss/articles/CBMirgJBVV95cUxNWmtIM3RCaTEzQVZuRV9ZbFp1NU0yemJFNU95Z2g4R21lYnY2Z2dJUjNnRE5TdzlNdktrR3N6dzhZa3FaMlR2djMwOGF6SVo2UjFZOHJXUkRQMnJDaTZRUEtaSHBKZWQtUlhpZWdwQlJmdFh1X3hkVkZyR3V2WEY0MW5CMmkteVlrMW5QQUpzSmtyZmJYbC0xQlZ4VUZsdEVfaXhZNzd4T284QThXckhFZGUxSFNWWlRMY1NQU2lnNXhpLWN2TkFwcUxQT1EwcmM4R3BGenR4amoxcHd4VU5fdXk1S2VWUGRyRVptLWgySGRNV1RQTUtUeGpETGNqV2Q2bDBsdEFKQUtKZS13MG5RaDNpWFZ1eGI5SWdLM1FlTGl2bDZNWnFGNWQzN3RRQdIBswJBVV95cUxQeFpOYjlpMmM5UmJkT0daVF9XNHlQZTJKUTJwTU9rZ1NvZG1hTUhyRHZPYlhaVVhfQThnblc0OVc4SFBLVUk0LVcwcW9xcFdieERRNXJrRm45WWVOWjVDbkJGNmtkeGJmaXhtRnNib3hFNTNob19ERnRUVGtqYXprUUpQTWUyeEE1Tk9BRXBXVWJZb1VoU2hJc0dwMEg1Wk14Q0pDTjUwVk83LVRMU1g4cDVpOWVZRmxFMXFmeUhncmZnMmNORWlfVXJ6dDh0WmZNdXFrUHlvMWNsYVVIZkNSUXlZV01OZjg0WjJPMGxGWXhmZ1hPS1E2VkF0QjBYSzBFTEVMRWk1cXRMS2VsWVlLaFF6N1hsUVV5b2o2X2hfaC11Vk5TNzU2M1dRejRzWFFEVDY4?oc=5"" target=""_blank"">Russia’s International Youth Festival reportedly drew representatives from 191 countries. Foreign attendees got unrestricted internet access. Russian attendees did not.</a>&nbsp;&nbsp;<font color=""#6f6f6f"">Meduza</font>",https://news.google.com/rss/articles/CBMirgJBVV95cUxNWmtIM3RCaTEzQVZuRV9ZbFp1NU0yemJFNU95Z2g4R21lYnY2Z2dJUjNnRE5TdzlNdktrR3N6dzhZa3FaMlR2djMwOGF6SVo2UjFZOHJXUkRQMnJDaTZRUEtaSHBKZWQtUlhpZWdwQlJmdFh1X3hkVkZyR3V2WEY0MW5CMmkteVlrMW5QQUpzSmtyZmJYbC0xQlZ4VUZsdEVfaXhZNzd4T284QThXckhFZGUxSFNWWlRMY1NQU2lnNXhpLWN2TkFwcUxQT1EwcmM4R3BGenR4amoxcHd4VU5fdXk1S2VWUGRyRVptLWgySGRNV1RQTUtUeGpETGNqV2Q2bDBsdEFKQUtKZS13MG5RaDNpWFZ1eGI5SWdLM1FlTGl2bDZNWnFGNWQzN3RRQdIBswJBVV95cUxQeFpOYjlpMmM5UmJkT0daVF9XNHlQZTJKUTJwTU9rZ1NvZG1hTUhyRHZPYlhaVVhfQThnblc0OVc4SFBLVUk0LVcwcW9xcFdieERRNXJrRm45WWVOWjVDbkJGNmtkeGJmaXhtRnNib3hFNTNob19ERnRUVGtqYXprUUpQTWUyeEE1Tk9BRXBXVWJZb1VoU2hJc0dwMEg1Wk14Q0pDTjUwVk83LVRMU1g4cDVpOWVZRmxFMXFmeUhncmZnMmNORWlfVXJ6dDh0WmZNdXFrUHlvMWNsYVVIZkNSUXlZV01OZjg0WjJPMGxGWXhmZ1hPS1E2VkF0QjBYSzBFTEVMRWk1cXRMS2VsWVlLaFF6N1hsUVV5b2o2X2hfaC11Vk5TNzU2M1dRejRzWFFEVDY4?oc=5,2026-09-17 16:55:00+00:00,2026-09-21 07:48:21.108495+00:00,Meduza,digital_exclusion,"Russia’s International Youth Festival reportedly drew representatives from 191 countries. Foreign attendees got unrestricted internet access. Russian attendees did not. - Meduza <a href=""https://news.google.com/rss/articles/CBMirgJBVV95cUxNWmtIM3RCaTEzQVZuRV9ZbFp1NU0yemJFNU95Z2g4R21lYnY2Z2dJUjNnRE5TdzlNdktrR3N6dzhZa3FaMlR2djMwOGF6SVo2UjFZOHJXUkRQMnJDaTZRUEtaSHBKZWQtUlhpZWdwQlJmdFh1X3hkVkZyR3V2WEY0MW5CMmkteVlrMW5QQUpzSmtyZmJYbC0xQlZ4VUZsdEVfaXhZNzd4T284QThXckhFZGUxSFNWWlRMY1NQU2lnNXhpLWN2TkFwcUxQT1EwcmM4R3BGenR4amoxcHd4VU5fdXk1S2VWUGRyRVptLWgySGRNV1RQTUtUeGpETGNqV2Q2bDBsdEFKQUtKZS13MG5RaDNpWFZ1eGI5SWdLM1FlTGl2bDZNWnFGNWQzN3RRQdIBswJBVV95cUxQeFpOYjlpMmM5UmJkT0daVF9XNHlQZTJKUTJwTU9rZ1NvZG1hTUhyRHZPYlhaVVhfQThnblc0OVc4SFBLVUk0LVcwcW9xcFdieERRNXJrRm45WWVOWjVDbkJGNmtkeGJmaXhtRnNib3hFNTNob19ERnRUVGtqYXprUUpQTWUyeEE1Tk9BRXBXVWJZb1VoU2hJc0dwMEg1Wk14Q0pDTjUwVk83LVRMU1g4cDVpOWVZRmxFMXFmeUhncmZnMmNORWlfVXJ6dDh0WmZNdXFrUHlvMWNsYVVIZkNSUXlZV01OZjg0WjJPMGxGWXhmZ1hPS1E2VkF0QjBYSzBFTEVMRWk1cXRMS2VsWVlLaFF6N1hsUVV5b2o2X2hfaC11Vk5TNzU2M1dRejRzWFFEVDY4?oc=5"" target=""_blank"">Russia’s International Youth Festival reportedly drew representatives from 191 countries. Foreign attendees got unrestricted internet access. Russian attendees did not.</a>&nbsp;&nbsp;<font color=""#6f6f6f"">Meduza</font>",Negative,Community_Discussion,Dataset 2,OK,"Dataset 1, Dataset 2"
AI shifting digital divide from access to capability: JazzWorld CEO - Business Recorder,"<a href=""https://news.google.com/rss/articles/CBMiqgFBVV95cUxQUlpYUS1JVEZ3bEoyM1RRVldaTV8tdlNDOW10S250NEdrdDIzNy01d2IxTnluZ0NUTmxheUkwWlBFcVpIY3F4TU5TeWNQelFtWjczRVIxV2xjVVJrbUZzb2VPX0RMbzZ4c2E3S2psSXg4VllWa1NCeXc1R2o2RnBsMm9DRXJnQjNZcnhJeFYxMmNaRlhmSlVGbzNjeTJtSnowRXQwZVVhOGF0Z9IBVkFVX3lxTFBHTWdOTG1ERmQyeWpFWnl0amRhTnBMOGt6ZmF5cWcyNGRkbTR4d2xheTBGcFlza0pJUlIzYVl5dTlvR1hGVF9COHhqckxLYUFXdTNtRF9R?oc=5"" target=""_blank"">AI shifting digital divide from access to capability: JazzWorld CEO</a>&nbsp;&nbsp;<font color=""#6f6f6f"">Business Recorder</font>",https://news.google.com/rss/articles/CBMiqgFBVV95cUxQUlpYUS1JVEZ3bEoyM1RRVldaTV8tdlNDOW10S250NEdrdDIzNy01d2IxTnluZ0NUTmxheUkwWlBFcVpIY3F4TU5TeWNQelFtWjczRVIxV2xjVVJrbUZzb2VPX0RMbzZ4c2E3S2psSXg4VllWa1NCeXc1R2o2RnBsMm9DRXJnQjNZcnhJeFYxMmNaRlhmSlVGbzNjeTJtSnowRXQwZVVhOGF0Z9IBVkFVX3lxTFBHTWdOTG1ERmQyeWpFWnl0amRhTnBMOGt6ZmF5cWcyNGRkbTR4d2xheTBGcFlza0pJUlIzYVl5dTlvR1hGVF9COHhqckxLYUFXdTNtRF9R?oc=5,2026-09-18 01:13:02+00:00,2026-09-21 07:48:21.108511+00:00,Business Recorder,digital_exclusion,"AI shifting digital divide from access to capability: JazzWorld CEO - Business Recorder <a href=""https://news.google.com/rss/articles/CBMiqgFBVV95cUxQUlpYUS1JVEZ3bEoyM1RRVldaTV8tdlNDOW10S250NEdrdDIzNy01d2IxTnluZ0NUTmxheUkwWlBFcVpIY3F4TU5TeWNQelFtWjczRVIxV2xjVVJrbUZzb2VPX0RMbzZ4c2E3S2psSXg4VllWa1NCeXc1R2o2RnBsMm9DRXJnQjNZcnhJeFYxMmNaRlhmSlVGbzNjeTJtSnowRXQwZVVhOGF0Z9IBVkFVX3lxTFBHTWdOTG1ERmQyeWpFWnl0amRhTnBMOGt6ZmF5cWcyNGRkbTR4d2xheTBGcFlza0pJUlIzYVl5dTlvR1hGVF9COHhqckxLYUFXdTNtRF9R?oc=5"" target=""_blank"">AI shifting digital divide from access to capability: JazzWorld CEO</a>&nbsp;&nbsp;<font color=""#6f6f6f"">Business Recorder</font>",Neutral,Community_Discussion,Dataset 2,OK,"Dataset 1, Dataset 2"
When connectivity isn't enough: Closing the digital divide - UN Trade and Development (UNCTAD),"<a href=""https://news.google.com/rss/articles/CBMiggFBVV95cUxOcmVVQkZxREVQd19rbGpDYWRKT1dxcC1OR2JTd1B0QUJMa0s2alJNUVoyRmxWVElIelh4dlR6Ri1mLXhDampfaGNyOHVaOVpSZjFWak1pLWlrTGxLOFR2NFlGYjRFVnBEWDAwTWdIQUdlMUc4TmV2eHFvZlVKdkdGeFZn?oc=5"" target=""_blank"">When connectivity isn't enough: Closing the digital divide</a>&nbsp;&nbsp;<font color=""#6f6f6f"">UN Trade and Development (UNCTAD)</font>",https://news.google.com/rss/articles/CBMiggFBVV95cUxOcmVVQkZxREVQd19rbGpDYWRKT1dxcC1OR2JTd1B0QUJMa0s2alJNUVoyRmxWVElIelh4dlR6Ri1mLXhDampfaGNyOHVaOVpSZjFWak1pLWlrTGxLOFR2NFlGYjRFVnBEWDAwTWdIQUdlMUc4TmV2eHFvZlVKdkdGeFZn?oc=5,2026-07-06 07:00:00+00:00,2026-09-21 07:48:21.108524+00:00,UN Trade and Development (UNCTAD),digital_exclusion,"When connectivity isn't enough: Closing the digital divide - UN Trade and Development (UNCTAD) <a href=""https://news.google.com/rss/articles/CBMiggFBVV95cUxOcmVVQkZxREVQd19rbGpDYWRKT1dxcC1OR2JTd1B0QUJMa0s2alJNUVoyRmxWVElIelh4dlR6Ri1mLXhDampfaGNyOHVaOVpSZjFWak1pLWlrTGxLOFR2NFlGYjRFVnBEWDAwTWdIQUdlMUc4TmV2eHFvZlVKdkdGeFZn?oc=5"" target=""_blank"">When connectivity isn't enough: Closing the digital divide</a>&nbsp;&nbsp;<font color=""#6f6f6f"">UN Trade and Development (UNCTAD)</font>",Neutral,Community_Discussion,Dataset 2,OK,"Dataset 1, Dataset 2"
Sub-Saharan Africa faces digital divide as handset costs and usage gap persist - Capital Newspaper,"<a href=""https://news.google.com/rss/articles/CBMiugFBVV95cUxNSjZfLVctSDNycUZmVU93RWV2cmtGTGFpR0dBWWRXejdXMi14VWMzNU9LeGZqUXYxb3JPZFQ3NzRoekVSa1p4VlV0Y3ByNHFfWDlya0hrZnNxaU9sMEg1MEd6V0gybzlfR1dRWlM0SEFTLXZ5RGR0VHBMU01VMDVPSC1USmNMa2RoSHdHR3ctTjhXQkMyaFY3QkV0bmU5bWNhZGZkanNtSDJzWE8zZ1lfR1cyY0lKYTlBWEE?oc=5"" target=""_blank"">Sub-Saharan Africa faces digital divide as handset costs and usage gap persist</a>&nbsp;&nbsp;<font color=""#6f6f6f"">Capital Newspaper</font>",https://news.google.com/rss/articles/CBMiugFBVV95cUxNSjZfLVctSDNycUZmVU93RWV2cmtGTGFpR0dBWWRXejdXMi14VWMzNU9LeGZqUXYxb3JPZFQ3NzRoekVSa1p4VlV0Y3ByNHFfWDlya0hrZnNxaU9sMEg1MEd6V0gybzlfR1dRWlM0SEFTLXZ5RGR0VHBMU01VMDVPSC1USmNMa2RoSHdHR3ctTjhXQkMyaFY3QkV0bmU5bWNhZGZkanNtSDJzWE8zZ1lfR1cyY0lKYTlBWEE?oc=5,2026-09-20 07:09:53+00:00,2026-09-21 07:48:21.108538+00:00,Capital Newspaper,digital_exclusion,"Sub-Saharan Africa faces digital divide as handset costs and usage gap persist - Capital Newspaper <a href=""https://news.google.com/rss/articles/CBMiugFBVV95cUxNSjZfLVctSDNycUZmVU93RWV2cmtGTGFpR0dBWWRXejdXMi14VWMzNU9LeGZqUXYxb3JPZFQ3NzRoekVSa1p4VlV0Y3ByNHFfWDlya0hrZnNxaU9sMEg1MEd6V0gybzlfR1dRWlM0SEFTLXZ5RGR0VHBMU01VMDVPSC1USmNMa2RoSHdHR3ctTjhXQkMyaFY3QkV0bmU5bWNhZGZkanNtSDJzWE8zZ1lfR1cyY0lKYTlBWEE?oc=5"" target=""_blank"">Sub-Saharan Africa faces digital divide as handset costs and usage gap persist</a>&nbsp;&nbsp;<font color=""#6f6f6f"">Capital Newspaper</font>",Neutral,Community_Discussion,Dataset 2,OK,"Dataset 1, Dataset 2"
Bridging the Digital Divide: Digital Infrastructure Driving Jobs and Economic Growth - World Bank Group,"<a href=""https://news.google.com/rss/articles/CBMinwFBVV95cUxNbnVOeGxFLVBYdUs3MWdvSExWZkhqeEYwWkZnOGQ0MGt4dktLd2NQSlFDeEFiYnh4a2ZKWURJU2o3S1NscnZmbTRfTFI4X1RkMXFUSG5VTVhsQ0twLXJodHJaSFdMX096aFNmM05oZVFlWWFaMTRsalZaOE9ZRXQxMzBQMlB1M2lpUGhhYTh3TVZhQTllRlhnYmd2VlNkcDg?oc=5"" target=""_blank"">Bridging the Digital Divide: Digital Infrastructure Driving Jobs and Economic Growth</a>&nbsp;&nbsp;<font color=""#6f6f6f"">World Bank Group</font>",https://news.google.com/rss/articles/CBMinwFBVV95cUxNbnVOeGxFLVBYdUs3MWdvSExWZkhqeEYwWkZnOGQ0MGt4dktLd2NQSlFDeEFiYnh4a2ZKWURJU2o3S1NscnZmbTRfTFI4X1RkMXFUSG5VTVhsQ0twLXJodHJaSFdMX096aFNmM05oZVFlWWFaMTRsalZaOE9ZRXQxMzBQMlB1M2lpUGhhYTh3TVZhQTllRlhnYmd2VlNkcDg?oc=5,2026-05-15 07:00:00+00:00,2026-09-21 07:48:21.108551+00:00,World Bank Group,digital_exclusion,"Bridging the Digital Divide: Digital Infrastructure Driving Jobs and Economic Growth - World Bank Group <a href=""https://news.google.com/rss/articles/CBMinwFBVV95cUxNbnVOeGxFLVBYdUs3MWdvSExWZkhqeEYwWkZnOGQ0MGt4dktLd2NQSlFDeEFiYnh4a2ZKWURJU2o3S1NscnZmbTRfTFI4X1RkMXFUSG5VTVhsQ0twLXJodHJaSFdMX096aFNmM05oZVFlWWFaMTRsalZaOE9ZRXQxMzBQMlB1M2lpUGhhYTh3TVZhQTllRlhnYmd2VlNkcDg?oc=5"" target=""_blank"">Bridging the Digital Divide: Digital Infrastructure Driving Jobs and Economic Growth</a>&nbsp;&nbsp;<font color=""#6f6f6f"">World Bank Group</font>",Neutral,Community_Discussion,Dataset 2,OK,"Dataset 1, Dataset 2"
Closing the grey digital divide : boosting digital literacy for older persons in Asia and the Pacific - ESCAP,"<a href=""https://news.google.com/rss/articles/CBMitwFBVV95cUxPc1lmc0tWYTFwWG5tMTZJQTFTUG9nMm5adW9kbmdsOWo1UVJjR0FaUzhON29qWTVyTzd5NWNISkR6VWRfNF9NSEt6TWFtZFJEMUg3MlJlZWRmVVRsQ05HWkRJM0toNVF0S1dKYzI0XzJ1al9ieFRIVjN3eGtMWk1tZl9JNy1TZlpjMEZGa1YxUEk5ZWQ1UDlkX1dpRFVWRGhXLTdkYXJLdVd1YS1DRDl1UEs0Mk9ReVk?oc=5"" target=""_blank"">Closing the grey digital divide : boosting digital literacy for older persons in Asia and the Pacific</a>&nbsp;&nbsp;<font color=""#6f6f6f"">ESCAP</font>",https://news.google.com/rss/articles/CBMitwFBVV95cUxPc1lmc0tWYTFwWG5tMTZJQTFTUG9nMm5adW9kbmdsOWo1UVJjR0FaUzhON29qWTVyTzd5NWNISkR6VWRfNF9NSEt6TWFtZFJEMUg3MlJlZWRmVVRsQ05HWkRJM0toNVF0S1dKYzI0XzJ1al9ieFRIVjN3eGtMWk1tZl9JNy1TZlpjMEZGa1YxUEk5ZWQ1UDlkX1dpRFVWRGhXLTdkYXJLdVd1YS1DRDl1UEs0Mk9ReVk?oc=5,2026-06-11 07:00:00+00:00,2026-09-21 07:48:21.108564+00:00,ESCAP,digital_exclusion,"Closing the grey digital divide : boosting digital literacy for older persons in Asia and the Pacific - ESCAP <a href=""https://news.google.com/rss/articles/CBMitwFBVV95cUxPc1lmc0tWYTFwWG5tMTZJQTFTUG9nMm5adW9kbmdsOWo1UVJjR0FaUzhON29qWTVyTzd5NWNISkR6VWRfNF9NSEt6TWFtZFJEMUg3MlJlZWRmVVRsQ05HWkRJM0toNVF0S1dKYzI0XzJ1al9ieFRIVjN3eGtMWk1tZl9JNy1TZlpjMEZGa1YxUEk5ZWQ1UDlkX1dpRFVWRGhXLTdkYXJLdVd1YS1DRDl1UEs0Mk9ReVk?oc=5"" target=""_blank"">Closing the grey digital divide : boosting digital literacy for older persons in Asia and the Pacific</a>&nbsp;&nbsp;<font color=""#6f6f6f"">ESCAP</font>",Neutral,Community_Discussion,Dataset 2,OK,"Dataset 1, Dataset 2"
South Korea’s ‘grey digital divide’ leaves seniors pleading for help - South China Morning Post,"<a href=""https://news.google.com/rss/articles/CBMiugFBVV95cUxQMTd4YU9RaU1FekpNQzRtN2lCWDFBcG4wOU9MSGJBUGhCUzlpMHd1V3dZZmJVSWxWSjA3WU9RWVlMWjROTWs1SWxnaFpUTWY1aUJMSHhQR0pUV3FaQjN6VlE4aDdpR1FXaVpmc0FaVUhDam53MXVnOGU0YmVUS0Y4bkJaaDhTTGxGWEMwbGFmN29LTW5DY01BOXVfVU1BT0tfMV9aRVhrNk00b2puNHFNRW1zSVJvWms2RHfSAboBQVVfeXFMUGJER21lcmxmWElMWEd1cWxrWVVfU21TYTNGa2xrel9OWEViM21aakx5bnBtQVhkSWNNMERNeERlZ1ZqemhHVnUwaUdXZFVYaFoyYUFQSmdoODVMZnBlUWxoczRDVmlnZVVvZ2wwaWdBNnlCVE4zSVJFbFBlTXQ5ZGpRMnpiZWZfNlA4R0ZndWhVb3d1YXVEVjBtWHJuT2V4UWtfOHZfY3ppNEMyNm5sbWRSdU5FekhOZ3JB?oc=5"" target=""_blank"">South Korea’s ‘grey digital divide’ leaves seniors pleading for help</a>&nbsp;&nbsp;<font color=""#6f6f6f"">South China Morning Post</font>",https://news.google.com/rss/articles/CBMiugFBVV95cUxQMTd4YU9RaU1FekpNQzRtN2lCWDFBcG4wOU9MSGJBUGhCUzlpMHd1V3dZZmJVSWxWSjA3WU9RWVlMWjROTWs1SWxnaFpUTWY1aUJMSHhQR0pUV3FaQjN6VlE4aDdpR1FXaVpmc0FaVUhDam53MXVnOGU0YmVUS0Y4bkJaaDhTTGxGWEMwbGFmN29LTW5DY01BOXVfVU1BT0tfMV9aRVhrNk00b2puNHFNRW1zSVJvWms2RHfSAboBQVVfeXFMUGJER21lcmxmWElMWEd1cWxrWVVfU21TYTNGa2xrel9OWEViM21aakx5bnBtQVhkSWNNMERNeERlZ1ZqemhHVnUwaUdXZFVYaFoyYUFQSmdoODVMZnBlUWxoczRDVmlnZVVvZ2wwaWdBNnlCVE4zSVJFbFBlTXQ5ZGpRMnpiZWZfNlA4R0ZndWhVb3d1YXVEVjBtWHJuT2V4UWtfOHZfY3ppNEMyNm5sbWRSdU5FekhOZ3JB?oc=5,2026-09-14 03:13:09+00:00,2026-09-21 07:48:21.108576+00:00,South China Morning Post,digital_exclusion,"South Korea’s ‘grey digital divide’ leaves seniors pleading for help - South China Morning Post <a href=""https://news.google.com/rss/articles/CBMiugFBVV95cUxQMTd4YU9RaU1FekpNQzRtN2lCWDFBcG4wOU9MSGJBUGhCUzlpMHd1V3dZZmJVSWxWSjA3WU9RWVlMWjROTWs1SWxnaFpUTWY1aUJMSHhQR0pUV3FaQjN6VlE4aDdpR1FXaVpmc0FaVUhDam53MXVnOGU0YmVUS0Y4bkJaaDhTTGxGWEMwbGFmN29LTW5DY01BOXVfVU1BT0tfMV9aRVhrNk00b2puNHFNRW1zSVJvWms2RHfSAboBQVVfeXFMUGJER21lcmxmWElMWEd1cWxrWVVfU21TYTNGa2xrel9OWEViM21aakx5bnBtQVhkSWNNMERNeERlZ1ZqemhHVnUwaUdXZFVYaFoyYUFQSmdoODVMZnBlUWxoczRDVmlnZVVvZ2wwaWdBNnlCVE4zSVJFbFBlTXQ5ZGpRMnpiZWZfNlA4R0ZndWhVb3d1YXVEVjBtWHJuT2V4UWtfOHZfY3ppNEMyNm5sbWRSdU5FekhOZ3JB?oc=5"" target=""_blank"">South Korea’s ‘grey digital divide’ leaves seniors pleading for help</a>&nbsp;&nbsp;<font color=""#6f6f6f"">South China Morning Post</font>",Neutral,Community_Discussion,Dataset 2,OK,"Dataset 1, Dataset 2"
When AI Literacy Becomes the New Fault Line In Global Inequality - IEEE Spectrum,"<a href=""https://news.google.com/rss/articles/CBMiVkFVX3lxTE9ZZHczUHlFNHZ1Qk03a3lBalphOUszek1wQ2pOMjRTcmVGMXNTM2ptRnV3VGxGakw4TmE3VVgyTGdoQ1JwbzVZNFlrenJVUi13ckh3Q2ZR?oc=5"" target=""_blank"">When AI Literacy Becomes the New Fault Line In Global Inequality</a>&nbsp;&nbsp;<font color=""#6f6f6f"">IEEE Spectrum</font>",https://news.google.com/rss/articles/CBMiVkFVX3lxTE9ZZHczUHlFNHZ1Qk03a3lBalphOUszek1wQ2pOMjRTcmVGMXNTM2ptRnV3VGxGakw4TmE3VVgyTGdoQ1JwbzVZNFlrenJVUi13ckh3Q2ZR?oc=5,2026-07-29 11:04:57+00:00,2026-09-21 07:48:21.108590+00:00,IEEE Spectrum,digital_exclusion,"When AI Literacy Becomes the New Fault Line In Global Inequality - IEEE Spectrum <a href=""https://news.google.com/rss/articles/CBMiVkFVX3lxTE9ZZHczUHlFNHZ1Qk03a3lBalphOUszek1wQ2pOMjRTcmVGMXNTM2ptRnV3VGxGakw4TmE3VVgyTGdoQ1JwbzVZNFlrenJVUi13ckh3Q2ZR?oc=5"" target=""_blank"">When AI Literacy Becomes the New Fault Line In Global Inequality</a>&nbsp;&nbsp;<font color=""#6f6f6f"">IEEE Spectrum</font>",Neutral,Community_Discussion,Dataset 2,OK,"Dataset 1, Dataset 2"
NCAER Report Highlights ‘Hidden Digital Divide’ in India - Vajiram & Ravi,"<a href=""https://news.google.com/rss/articles/CBMinwFBVV95cUxOdXlMdFZ0SHNCaDl0cDU2TVdORUljQzlpZ1ViZTNhb3RBUnp3OXRTQXV1QXo3NnJHV0IxTWhKNWh3SWMwMHVRejhOU3dQQ0FVNmdJdFhkZFpET0Q1Z0JfbDdtcWJmX2JLZm9GMXNVa1pMQVhJTUQ2TGVBZGZ5U3V5MnhaSXAwMnBZeTV4ZUxZMzNiYUI0aVl5VG1HRUROcWM?oc=5"" target=""_blank"">NCAER Report Highlights ‘Hidden Digital Divide’ in India</a>&nbsp;&nbsp;<font color=""#6f6f6f"">Vajiram & Ravi</font>",https://news.google.com/rss/articles/CBMinwFBVV95cUxOdXlMdFZ0SHNCaDl0cDU2TVdORUljQzlpZ1ViZTNhb3RBUnp3OXRTQXV1QXo3NnJHV0IxTWhKNWh3SWMwMHVRejhOU3dQQ0FVNmdJdFhkZFpET0Q1Z0JfbDdtcWJmX2JLZm9GMXNVa1pMQVhJTUQ2TGVBZGZ5U3V5MnhaSXAwMnBZeTV4ZUxZMzNiYUI0aVl5VG1HRUROcWM?oc=5,2026-06-10 07:00:00+00:00,2026-09-21 07:48:21.108613+00:00,Vajiram & Ravi,digital_exclusion,"NCAER Report Highlights ‘Hidden Digital Divide’ in India - Vajiram & Ravi <a href=""https://news.google.com/rss/articles/CBMinwFBVV95cUxOdXlMdFZ0SHNCaDl0cDU2TVdORUljQzlpZ1ViZTNhb3RBUnp3OXRTQXV1QXo3NnJHV0IxTWhKNWh3SWMwMHVRejhOU3dQQ0FVNmdJdFhkZFpET0Q1Z0JfbDdtcWJmX2JLZm9GMXNVa1pMQVhJTUQ2TGVBZGZ5U3V5MnhaSXAwMnBZeTV4ZUxZMzNiYUI0aVl5VG1HRUROcWM?oc=5"" target=""_blank"">NCAER Report Highlights ‘Hidden Digital Divide’ in India</a>&nbsp;&nbsp;<font color=""#6f6f6f"">Vajiram & Ravi</font>",Neutral,Community_Discussion,Dataset 2,OK,"Dataset 1, Dataset 2"
Nepal’s Digital Divide: Why Millions Still Lack Affordable Internet Access - The Diplomat – Asia-Pacific Current Affairs Magazine,"<a href=""https://news.google.com/rss/articles/CBMiqAFBVV95cUxPdHZxQldqaE12UTl5UnpONEp0Zm9JbnM0NG5OTXB5VjRDNzJJY1F4S3V3WWNrdS1UbXVDdVlmallVQTBHaEFwYlAtV2gxV2E0OC1KaWFUXzZWTmtveWF6eDExVV8xU0tzcjVDUHptS1Zpc05hQnpMNEZ0ZGsxM2xOVFkyUlRqWTc3dE1iLTJPQm1IdVoyWlhjaWdJYjB1c3pPR1hlb0dUS04?oc=5"" target=""_blank"">Nepal’s Digital Divide: Why Millions Still Lack Affordable Internet Access</a>&nbsp;&nbsp;<font color=""#6f6f6f"">The Diplomat – Asia-Pacific Current Affairs Magazine</font>",https://news.google.com/rss/articles/CBMiqAFBVV95cUxPdHZxQldqaE12UTl5UnpONEp0Zm9JbnM0NG5OTXB5VjRDNzJJY1F4S3V3WWNrdS1UbXVDdVlmallVQTBHaEFwYlAtV2gxV2E0OC1KaWFUXzZWTmtveWF6eDExVV8xU0tzcjVDUHptS1Zpc05hQnpMNEZ0ZGsxM2xOVFkyUlRqWTc3dE1iLTJPQm1IdVoyWlhjaWdJYjB1c3pPR1hlb0dUS04?oc=5,2026-05-14 07:00:00+00:00,2026-09-21 07:48:21.108625+00:00,The Diplomat – Asia-Pacific Current Affairs Magazine,digital_exclusion,"Nepal’s Digital Divide: Why Millions Still Lack Affordable Internet Access - The Diplomat – Asia-Pacific Current Affairs Magazine <a href=""https://news.google.com/rss/articles/CBMiqAFBVV95cUxPdHZxQldqaE12UTl5UnpONEp0Zm9JbnM0NG5OTXB5VjRDNzJJY1F4S3V3WWNrdS1UbXVDdVlmallVQTBHaEFwYlAtV2gxV2E0OC1KaWFUXzZWTmtveWF6eDExVV8xU0tzcjVDUHptS1Zpc05hQnpMNEZ0ZGsxM2xOVFkyUlRqWTc3dE1iLTJPQm1IdVoyWlhjaWdJYjB1c3pPR1hlb0dUS04?oc=5"" target=""_blank"">Nepal’s Digital Divide: Why Millions Still Lack Affordable Internet Access</a>&nbsp;&nbsp;<font color=""#6f6f6f"">The Diplomat – Asia-Pacific Current Affairs Magazine</font>",Neutral,Community_Discussion,Dataset 2,OK,"Dataset 1, Dataset 2"
"India went from 15% to 70% Internet access in a decade, mostly through mobile phones - ourworldindata.org","<a href=""https://news.google.com/rss/articles/CBMivwFBVV95cUxPYWJ4cXNuR1Z2V2laWGl6dUxCTDJOanJScm1CYnZMQWZ5QkJjSkNCTGp1NlpDcUJ0UGJtUzhWN0hha1ZZNzNaVjBscnRQcmtORzB6LXRobkZweXNSTHZyRDlyTXhDZFlzaEhFWVNZUzQzTk03ZlplSWxuaVJrNWUyZ2xpdkg1T213QVlZYjVzbmdxUmk1dW9iNmE4MXMzeGlNYjFmYTJwcGVQcGpOWVVGQlVPWGJKdzg4OHpQNmE1MA?oc=5"" target=""_blank"">India went from 15% to 70% Internet access in a decade, mostly through mobile phones</a>&nbsp;&nbsp;<font color=""#6f6f6f"">ourworldindata.org</font>",https://news.google.com/rss/articles/CBMivwFBVV95cUxPYWJ4cXNuR1Z2V2laWGl6dUxCTDJOanJScm1CYnZMQWZ5QkJjSkNCTGp1NlpDcUJ0UGJtUzhWN0hha1ZZNzNaVjBscnRQcmtORzB6LXRobkZweXNSTHZyRDlyTXhDZFlzaEhFWVNZUzQzTk03ZlplSWxuaVJrNWUyZ2xpdkg1T213QVlZYjVzbmdxUmk1dW9iNmE4MXMzeGlNYjFmYTJwcGVQcGpOWVVGQlVPWGJKdzg4OHpQNmE1MA?oc=5,2026-05-02 07:00:00+00:00,2026-09-21 07:48:21.108641+00:00,ourworldindata.org,digital_exclusion,"India went from 15% to 70% Internet access in a decade, mostly through mobile phones - ourworldindata.org <a href=""https://news.google.com/rss/articles/CBMivwFBVV95cUxPYWJ4cXNuR1Z2V2laWGl6dUxCTDJOanJScm1CYnZMQWZ5QkJjSkNCTGp1NlpDcUJ0UGJtUzhWN0hha1ZZNzNaVjBscnRQcmtORzB6LXRobkZweXNSTHZyRDlyTXhDZFlzaEhFWVNZUzQzTk03ZlplSWxuaVJrNWUyZ2xpdkg1T213QVlZYjVzbmdxUmk1dW9iNmE4MXMzeGlNYjFmYTJwcGVQcGpOWVVGQlVPWGJKdzg4OHpQNmE1MA?oc=5"" target=""_blank"">India went from 15% to 70% Internet access in a decade, mostly through mobile phones</a>&nbsp;&nbsp;<font color=""#6f6f6f"">ourworldindata.org</font>",Neutral,Community_Discussion,Dataset 2,OK,"Dataset 1, Dataset 2"
The true measure of digital inclusion is how effectively people use opportunities offered - Down To Earth,"<a href=""https://news.google.com/rss/articles/CBMiywFBVV95cUxPbGdmX09Ed2xaeEpmc2FLdVFjOXQwby00dHhFeWJyYUw2eVBlZEl2OGUzR2ZONlhkenc5cUN0MzBwLUhRRTdkQVo5Y2pGZVFja2VHeHZVa3N4MkZ6M1dvNUxQb2sxUkJ2bGstbHZLVHhaOGc0WHJuODAtTE0xWUszRTFsajhmaktGNVAyR2dXTkhMM0huX1RHbkUyQ3R1dzgydmxrdFJjRDU5VE9UMzd3RDlCVnhrbXBJLVNTZDlkTWFyTFFIMUtIdS1BNNIB2AFBVV95cUxNTGpBYXRKRXV0UXRoZ1h5NUFxRTc0OW5vaThwdkg3WFFvRXJfdkxKLTRuTXc0N0lUazItODVJYUlCTHJTYm9USnNZdlpacDA2M1JQb1dieEo4YVN4M211R2UzeWJaRXJkUnNiOGViTTFPeWo5b0p2NFpnSHpTdk1DWm16WXVFRFNfV3ZmY2h6WjA3OGJlXzNIMkJ0NTgtOHh6bGxxeDVrZUlPVWpTU1dORHhwYWFqajJkcmlHVXNBdElhY2J6ZkFiajU5b1ktemNvRVpCeDJ0bHM?oc=5"" target=""_blank"">The true measure of digital inclusion is how effectively people use opportunities offered</a>&nbsp;&nbsp;<font color=""#6f6f6f"">Down To Earth</font>",https://news.google.com/rss/articles/CBMiywFBVV95cUxPbGdmX09Ed2xaeEpmc2FLdVFjOXQwby00dHhFeWJyYUw2eVBlZEl2OGUzR2ZONlhkenc5cUN0MzBwLUhRRTdkQVo5Y2pGZVFja2VHeHZVa3N4MkZ6M1dvNUxQb2sxUkJ2bGstbHZLVHhaOGc0WHJuODAtTE0xWUszRTFsajhmaktGNVAyR2dXTkhMM0huX1RHbkUyQ3R1dzgydmxrdFJjRDU5VE9UMzd3RDlCVnhrbXBJLVNTZDlkTWFyTFFIMUtIdS1BNNIB2AFBVV95cUxNTGpBYXRKRXV0UXRoZ1h5NUFxRTc0OW5vaThwdkg3WFFvRXJfdkxKLTRuTXc0N0lUazItODVJYUlCTHJTYm9USnNZdlpacDA2M1JQb1dieEo4YVN4M211R2UzeWJaRXJkUnNiOGViTTFPeWo5b0p2NFpnSHpTdk1DWm16WXVFRFNfV3ZmY2h6WjA3OGJlXzNIMkJ0NTgtOHh6bGxxeDVrZUlPVWpTU1dORHhwYWFqajJkcmlHVXNBdElhY2J6ZkFiajU5b1ktemNvRVpCeDJ0bHM?oc=5,2026-06-29 07:00:00+00:00,2026-09-21 07:48:21.108654+00:00,Down To Earth,digital_exclusion,"The true measure of digital inclusion is how effectively people use opportunities offered - Down To Earth <a href=""https://news.google.com/rss/articles/CBMiywFBVV95cUxPbGdmX09Ed2xaeEpmc2FLdVFjOXQwby00dHhFeWJyYUw2eVBlZEl2OGUzR2ZONlhkenc5cUN0MzBwLUhRRTdkQVo5Y2pGZVFja2VHeHZVa3N4MkZ6M1dvNUxQb2sxUkJ2bGstbHZLVHhaOGc0WHJuODAtTE0xWUszRTFsajhmaktGNVAyR2dXTkhMM0huX1RHbkUyQ3R1dzgydmxrdFJjRDU5VE9UMzd3RDlCVnhrbXBJLVNTZDlkTWFyTFFIMUtIdS1BNNIB2AFBVV95cUxNTGpBYXRKRXV0UXRoZ1h5NUFxRTc0OW5vaThwdkg3WFFvRXJfdkxKLTRuTXc0N0lUazItODVJYUlCTHJTYm9USnNZdlpacDA2M1JQb1dieEo4YVN4M211R2UzeWJaRXJkUnNiOGViTTFPeWo5b0p2NFpnSHpTdk1DWm16WXVFRFNfV3ZmY2h6WjA3OGJlXzNIMkJ0NTgtOHh6bGxxeDVrZUlPVWpTU1dORHhwYWFqajJkcmlHVXNBdElhY2J6ZkFiajU5b1ktemNvRVpCeDJ0bHM?oc=5"" target=""_blank"">The true measure of digital inclusion is how effectively people use opportunities offered</a>&nbsp;&nbsp;<font color=""#6f6f6f"">Down To Earth</font>",Negative,Technical_Issues,Dataset 2,OK,"Dataset 1, Dataset 2"
Walberg's Legislation to Bridge the Digital Divide Advanced by Energy and Commerce Committee - Congressman Tim Walberg | (.gov),"<a href=""https://news.google.com/rss/articles/CBMiugFBVV95cUxQVXZNQmF2UzhsNXV2MTI1QzFDU08wVlcyem5lVy1INFpZYTRoT1JOR3EtM2FNVHpmNkY1QURVbVJPN0JuUUVETXdYWUs0ZmYtYmxYVHMxYnNybi1qSl9CckxLSFhZZ1hOcm9jWHJwUjBJUnZPc3ZTdWozdGEtaC1yTTAteG5OOHVoSDA2YnJHTjBWZFgtblEzbjlVVy03dFpGb1lrWmdLYl9PeV9pdEZ6Tm5CWTBjbm9sWHc?oc=5"" target=""_blank"">Walberg's Legislation to Bridge the Digital Divide Advanced by Energy and Commerce Committee</a>&nbsp;&nbsp;<font color=""#6f6f6f"">Congressman Tim Walberg | (.gov)</font>",https://news.google.com/rss/articles/CBMiugFBVV95cUxQVXZNQmF2UzhsNXV2MTI1QzFDU08wVlcyem5lVy1INFpZYTRoT1JOR3EtM2FNVHpmNkY1QURVbVJPN0JuUUVETXdYWUs0ZmYtYmxYVHMxYnNybi1qSl9CckxLSFhZZ1hOcm9jWHJwUjBJUnZPc3ZTdWozdGEtaC1yTTAteG5OOHVoSDA2YnJHTjBWZFgtblEzbjlVVy03dFpGb1lrWmdLYl9PeV9pdEZ6Tm5CWTBjbm9sWHc?oc=5,2026-09-16 19:40:25+00:00,2026-09-21 07:48:21.108667+00:00,Congressman Tim Walberg | (.gov),digital_exclusion,"Walberg's Legislation to Bridge the Digital Divide Advanced by Energy and Commerce Committee - Congressman Tim Walberg | (.gov) <a href=""https://news.google.com/rss/articles/CBMiugFBVV95cUxQVXZNQmF2UzhsNXV2MTI1QzFDU08wVlcyem5lVy1INFpZYTRoT1JOR3EtM2FNVHpmNkY1QURVbVJPN0JuUUVETXdYWUs0ZmYtYmxYVHMxYnNybi1qSl9CckxLSFhZZ1hOcm9jWHJwUjBJUnZPc3ZTdWozdGEtaC1yTTAteG5OOHVoSDA2YnJHTjBWZFgtblEzbjlVVy03dFpGb1lrWmdLYl9PeV9pdEZ6Tm5CWTBjbm9sWHc?oc=5"" target=""_blank"">Walberg's Legislation to Bridge the Digital Divide Advanced by Energy and Commerce Committee</a>&nbsp;&nbsp;<font color=""#6f6f6f"">Congressman Tim Walberg | (.gov)</font>",Neutral,Community_Discussion,Dataset 2,OK,"Dataset 1, Dataset 2"
Internet access is unequal in South Africa’s economic powerhouse: survey shows race and income mark the digital divide - The Conversation,"<a href=""https://news.google.com/rss/articles/CBMi5gFBVV95cUxNUHBmWlNtR2hTSk96Ums2VTFEWHhQN0dUcUM1UU9HUGRyTWU0OUJmWWdhOUszNEZydHhLeENmazcteW5SbTBHdVlnTlJIZXhzN3FscGZHb0lTV0doQ1pmaFZzRF8zSjl2WlRhTC0tMWJEdTMtUG82ZmxHLUNkTEp4eEJnTmhNMnZJWFVoZVlmWjdMeHB6RHJ6RVFBNjhYc0luYnVMWTJOX0J4a2xpVFFpOHhUWVZjNjItUlJ5T2pNX1dHbzlOekpyMVZwa0RkV1NUOUlDa3NhTWl2VFlvS3IxeU5pZFcxZw?oc=5"" target=""_blank"">Internet access is unequal in South Africa’s economic powerhouse: survey shows race and income mark the digital divide</a>&nbsp;&nbsp;<font color=""#6f6f6f"">The Conversation</font>",https://news.google.com/rss/articles/CBMi5gFBVV95cUxNUHBmWlNtR2hTSk96Ums2VTFEWHhQN0dUcUM1UU9HUGRyTWU0OUJmWWdhOUszNEZydHhLeENmazcteW5SbTBHdVlnTlJIZXhzN3FscGZHb0lTV0doQ1pmaFZzRF8zSjl2WlRhTC0tMWJEdTMtUG82ZmxHLUNkTEp4eEJnTmhNMnZJWFVoZVlmWjdMeHB6RHJ6RVFBNjhYc0luYnVMWTJOX0J4a2xpVFFpOHhUWVZjNjItUlJ5T2pNX1dHbzlOekpyMVZwa0RkV1NUOUlDa3NhTWl2VFlvS3IxeU5pZFcxZw?oc=5,2026-06-07 07:00:00+00:00,2026-09-21 07:48:21.108680+00:00,The Conversation,digital_exclusion,"Internet access is unequal in South Africa’s economic powerhouse: survey shows race and income mark the digital divide - The Conversation <a href=""https://news.google.com/rss/articles/CBMi5gFBVV95cUxNUHBmWlNtR2hTSk96Ums2VTFEWHhQN0dUcUM1UU9HUGRyTWU0OUJmWWdhOUszNEZydHhLeENmazcteW5SbTBHdVlnTlJIZXhzN3FscGZHb0lTV0doQ1pmaFZzRF8zSjl2WlRhTC0tMWJEdTMtUG82ZmxHLUNkTEp4eEJnTmhNMnZJWFVoZVlmWjdMeHB6RHJ6RVFBNjhYc0luYnVMWTJOX0J4a2xpVFFpOHhUWVZjNjItUlJ5T2pNX1dHbzlOekpyMVZwa0RkV1NUOUlDa3NhTWl2VFlvS3IxeU5pZFcxZw?oc=5"" target=""_blank"">Internet access is unequal in South Africa’s economic powerhouse: survey shows race and income mark the digital divide</a>&nbsp;&nbsp;<font color=""#6f6f6f"">The Conversation</font>",Neutral,Community_Discussion,Dataset 2,OK,"Dataset 1, Dataset 2"
Lok Sabha Speaker calls for bridging digital divide through technology and cooperation - News On AIR,"<a href=""https://news.google.com/rss/articles/CBMisgFBVV95cUxPY25lREQwLUJrckRSXzdINlFJVHpNdTRXbU9rbU9oT0hLUHVuSjg3OWRRdWNtQ3FweHYxbnpZcC13MG9Pa0pGVjZoMnBlWS05SUZTX3pmUHRWOE9JcWpsMW1tU1Z2YTlyR3l4aXZ6YWtYNjkzTkRhcGZjYi1aaEswdmN3X2dNX2d6LXdzSGxHSlJsVzduWXlJSlJ1d3NRblpwN08wTF9KYUhxYVB6QzFiTlhR?oc=5"" target=""_blank"">Lok Sabha Speaker calls for bridging digital divide through technology and cooperation</a>&nbsp;&nbsp;<font color=""#6f6f6f"">News On AIR</font>",https://news.google.com/rss/articles/CBMisgFBVV95cUxPY25lREQwLUJrckRSXzdINlFJVHpNdTRXbU9rbU9oT0hLUHVuSjg3OWRRdWNtQ3FweHYxbnpZcC13MG9Pa0pGVjZoMnBlWS05SUZTX3pmUHRWOE9JcWpsMW1tU1Z2YTlyR3l4aXZ6YWtYNjkzTkRhcGZjYi1aaEswdmN3X2dNX2d6LXdzSGxHSlJsVzduWXlJSlJ1d3NRblpwN08wTF9KYUhxYVB6QzFiTlhR?oc=5,2026-05-29 05:09:53+00:00,2026-09-21 07:48:21.108712+00:00,News On AIR,digital_exclusion,"Lok Sabha Speaker calls for bridging digital divide through technology and cooperation - News On AIR <a href=""https://news.google.com/rss/articles/CBMisgFBVV95cUxPY25lREQwLUJrckRSXzdINlFJVHpNdTRXbU9rbU9oT0hLUHVuSjg3OWRRdWNtQ3FweHYxbnpZcC13MG9Pa0pGVjZoMnBlWS05SUZTX3pmUHRWOE9JcWpsMW1tU1Z2YTlyR3l4aXZ6YWtYNjkzTkRhcGZjYi1aaEswdmN3X2dNX2d6LXdzSGxHSlJsVzduWXlJSlJ1d3NRblpwN08wTF9KYUhxYVB6QzFiTlhR?oc=5"" target=""_blank"">Lok Sabha Speaker calls for bridging digital divide through technology and cooperation</a>&nbsp;&nbsp;<font color=""#6f6f6f"">News On AIR</font>",Neutral,Community_Discussion,Dataset 2,OK,"Dataset 1, Dataset 2"
DILG chief seeks collab in limiting Internet access for minors - pna.gov.ph,"<a href=""https://news.google.com/rss/articles/CBMiUEFVX3lxTE5yQnZLYmk4YlI4czNqZVVkQTFHZkJCUVNqS29ydGJpSmtQYXgyaWpjLVYyWXZZOGZORlNZN21jaWEzLWNQYTVjMXZmamR5OVFZ?oc=5"" target=""_blank"">DILG chief seeks collab in limiting Internet access for minors</a>&nbsp;&nbsp;<font color=""#6f6f6f"">pna.gov.ph</font>",https://news.google.com/rss/articles/CBMiUEFVX3lxTE5yQnZLYmk4YlI4czNqZVVkQTFHZkJCUVNqS29ydGJpSmtQYXgyaWpjLVYyWXZZOGZORlNZN21jaWEzLWNQYTVjMXZmamR5OVFZ?oc=5,2026-09-19 07:54:30+00:00,2026-09-21 07:48:21.108725+00:00,pna.gov.ph,digital_exclusion,"DILG chief seeks collab in limiting Internet access for minors - pna.gov.ph <a href=""https://news.google.com/rss/articles/CBMiUEFVX3lxTE5yQnZLYmk4YlI4czNqZVVkQTFHZkJCUVNqS29ydGJpSmtQYXgyaWpjLVYyWXZZOGZORlNZN21jaWEzLWNQYTVjMXZmamR5OVFZ?oc=5"" target=""_blank"">DILG chief seeks collab in limiting Internet access for minors</a>&nbsp;&nbsp;<font color=""#6f6f6f"">pna.gov.ph</font>",Neutral,Community_Discussion,Dataset 2,OK,"Dataset 1, Dataset 2"
When aging meets digital & AI: Closing the silver digital divide for an aging world - World Bank Blogs,"<a href=""https://news.google.com/rss/articles/CBMitgFBVV95cUxOUFpuZjRidlVwcHVSRGx2WWZ1VDJraGtrVkdzV1U4cl9aejFJdlhFM2l3dDkyb0RJaDZmT255aHZMeEJFRWc1QXdZSGhpWFVsY0cweF9DY25NZzB6OHpjQWt6QWF0WG1uNTk3bEVVOVdYWTZ6YVYwMlhyeTFrUGtVdVI2MEkzWGRTTjU3RlV2bjBBV3dnNXNTakRQeUxrbUtjd1ZXM3E5M0tSZEhPeHJZdER0VERqQQ?oc=5"" target=""_blank"">When aging meets digital & AI: Closing the silver digital divide for an aging world</a>&nbsp;&nbsp;<font color=""#6f6f6f"">World Bank Blogs</font>",https://news.google.com/rss/articles/CBMitgFBVV95cUxOUFpuZjRidlVwcHVSRGx2WWZ1VDJraGtrVkdzV1U4cl9aejFJdlhFM2l3dDkyb0RJaDZmT255aHZMeEJFRWc1QXdZSGhpWFVsY0cweF9DY25NZzB6OHpjQWt6QWF0WG1uNTk3bEVVOVdYWTZ6YVYwMlhyeTFrUGtVdVI2MEkzWGRTTjU3RlV2bjBBV3dnNXNTakRQeUxrbUtjd1ZXM3E5M0tSZEhPeHJZdER0VERqQQ?oc=5,2026-08-06 07:00:00+00:00,2026-09-21 07:48:21.108738+00:00,World Bank Blogs,digital_exclusion,"When aging meets digital & AI: Closing the silver digital divide for an aging world - World Bank Blogs <a href=""https://news.google.com/rss/articles/CBMitgFBVV95cUxOUFpuZjRidlVwcHVSRGx2WWZ1VDJraGtrVkdzV1U4cl9aejFJdlhFM2l3dDkyb0RJaDZmT255aHZMeEJFRWc1QXdZSGhpWFVsY0cweF9DY25NZzB6OHpjQWt6QWF0WG1uNTk3bEVVOVdYWTZ6YVYwMlhyeTFrUGtVdVI2MEkzWGRTTjU3RlV2bjBBV3dnNXNTakRQeUxrbUtjd1ZXM3E5M0tSZEhPeHJZdER0VERqQQ?oc=5"" target=""_blank"">When aging meets digital & AI: Closing the silver digital divide for an aging world</a>&nbsp;&nbsp;<font color=""#6f6f6f"">World Bank Blogs</font>",Neutral,Community_Discussion,Dataset 2,OK,"Dataset 1, Dataset 2"
Bridging the digital divide: Stephenson Harwood’s partnership with SimPal - Stephenson Harwood,"<a href=""https://news.google.com/rss/articles/CBMisgFBVV95cUxQbFFNOFY1dUVFOHgxNVJ1aWF3OFM5c2lESnBnU3lvT3dYQmRKVDIyU0tKYVlNOVhLTnJXTTRhTkM5VE1zQ3hueXJzc3ZhM05MRGN4d2t3NnZkMEUwc09MdWg0ZGw2UUtqRlN0ZERMczJZSjJxWWllMjN3NFpmdXJRTUF2SXlfdl9DZldMd2hpbzhHU0ZwU0VmY1BzRWd5Yk05cE1KdnpTWFRIamoyWF84b25B?oc=5"" target=""_blank"">Bridging the digital divide: Stephenson Harwood’s partnership with SimPal</a>&nbsp;&nbsp;<font color=""#6f6f6f"">Stephenson Harwood</font>",https://news.google.com/rss/articles/CBMisgFBVV95cUxQbFFNOFY1dUVFOHgxNVJ1aWF3OFM5c2lESnBnU3lvT3dYQmRKVDIyU0tKYVlNOVhLTnJXTTRhTkM5VE1zQ3hueXJzc3ZhM05MRGN4d2t3NnZkMEUwc09MdWg0ZGw2UUtqRlN0ZERMczJZSjJxWWllMjN3NFpmdXJRTUF2SXlfdl9DZldMd2hpbzhHU0ZwU0VmY1BzRWd5Yk05cE1KdnpTWFRIamoyWF84b25B?oc=5,2026-06-18 07:00:00+00:00,2026-09-21 07:48:21.108751+00:00,Stephenson Harwood,digital_exclusion,"Bridging the digital divide: Stephenson Harwood’s partnership with SimPal - Stephenson Harwood <a href=""https://news.google.com/rss/articles/CBMisgFBVV95cUxQbFFNOFY1dUVFOHgxNVJ1aWF3OFM5c2lESnBnU3lvT3dYQmRKVDIyU0tKYVlNOVhLTnJXTTRhTkM5VE1zQ3hueXJzc3ZhM05MRGN4d2t3NnZkMEUwc09MdWg0ZGw2UUtqRlN0ZERMczJZSjJxWWllMjN3NFpmdXJRTUF2SXlfdl9DZldMd2hpbzhHU0ZwU0VmY1BzRWd5Yk05cE1KdnpTWFRIamoyWF84b25B?oc=5"" target=""_blank"">Bridging the digital divide: Stephenson Harwood’s partnership with SimPal</a>&nbsp;&nbsp;<font color=""#6f6f6f"">Stephenson Harwood</font>",Neutral,Community_Discussion,Dataset 2,OK,"Dataset 1, Dataset 2"
Digital Harbor: Bridging the Digital Divide - WBAL-TV,"<a href=""https://news.google.com/rss/articles/CBMiigFBVV95cUxOeTB2dGwzR3VMeTlXU1FLTTZldDI1RTVvRHlqRHBzUFVodjNGVlpNTUM1WldpNE5mcTVRMmk5ajJCQVNBMnlBbUtZbU5wNTFpdXU2OU1WVXdUdldES25SN2N2WnJPZ1I3MkZ1WnpMMEtieE1DVWtIVU9xY01acVNEcXl3ZjY0OEhkWGc?oc=5"" target=""_blank"">Digital Harbor: Bridging the Digital Divide</a>&nbsp;&nbsp;<font color=""#6f6f6f"">WBAL-TV</font>",https://news.google.com/rss/articles/CBMiigFBVV95cUxOeTB2dGwzR3VMeTlXU1FLTTZldDI1RTVvRHlqRHBzUFVodjNGVlpNTUM1WldpNE5mcTVRMmk5ajJCQVNBMnlBbUtZbU5wNTFpdXU2OU1WVXdUdldES25SN2N2WnJPZ1I3MkZ1WnpMMEtieE1DVWtIVU9xY01acVNEcXl3ZjY0OEhkWGc?oc=5,2026-08-27 07:00:00+00:00,2026-09-21 07:48:21.108765+00:00,WBAL-TV,digital_exclusion,"Digital Harbor: Bridging the Digital Divide - WBAL-TV <a href=""https://news.google.com/rss/articles/CBMiigFBVV95cUxOeTB2dGwzR3VMeTlXU1FLTTZldDI1RTVvRHlqRHBzUFVodjNGVlpNTUM1WldpNE5mcTVRMmk5ajJCQVNBMnlBbUtZbU5wNTFpdXU2OU1WVXdUdldES25SN2N2WnJPZ1I3MkZ1WnpMMEtieE1DVWtIVU9xY01acVNEcXl3ZjY0OEhkWGc?oc=5"" target=""_blank"">Digital Harbor: Bridging the Digital Divide</a>&nbsp;&nbsp;<font color=""#6f6f6f"">WBAL-TV</font>",Neutral,Community_Discussion,Dataset 2,OK,"Dataset 1, Dataset 2"
Preston County middle school to disable internet access at night on school issued devices - WBOY.com,"<a href=""https://news.google.com/rss/articles/CBMiwgFBVV95cUxPN2taZXdsbkcxNHk5NXJhU1dvaktKOHRCaWpxWTNUX1IzV3B6c1ozZHQ1WjZvVm9yLURHUTg2TXdLanBRVU5jclRXbEdWNHN0S190QTZ4QVhtY2ExLVNMUDF3T29vTkdlcVFxcFc5UEk3aTFiU0xvek1RSkRFTXFvSmNZb1YtcjBRYWNLNHlKTzVSQVNIOE1TQXNIRDhxT0NEeDNYQzlGQ3QyRTFZekk1Q1pXaXVMWFAxOVBDV056RUg4QdIBxwFBVV95cUxOTldnUUtneU1tZ0lMb1cxSnBlN0Z1Ny1HczVqeFdFUWNXZnNTT01FS2d3ZFFuU21XX1M2VnA4eDYzNmVCTHRfRHNaMFMySTQxZExzN2twQmR5V2NNeVA1NXR1NDViXzdTUFdrQ0VLNkk1MVd4WENxQmRXbmJNeVJkWUIzNkoxanhkTDFOTlNhUmpLWTF4SE91allrQ29QR0d2eldTYjk1elZzLW50WXpmeWVLR0FGS3pmRWotUE1kd29RZElZTE9R?oc=5"" target=""_blank"">Preston County middle school to disable internet access at night on school issued devices</a>&nbsp;&nbsp;<font color=""#6f6f6f"">WBOY.com</font>",https://news.google.com/rss/articles/CBMiwgFBVV95cUxPN2taZXdsbkcxNHk5NXJhU1dvaktKOHRCaWpxWTNUX1IzV3B6c1ozZHQ1WjZvVm9yLURHUTg2TXdLanBRVU5jclRXbEdWNHN0S190QTZ4QVhtY2ExLVNMUDF3T29vTkdlcVFxcFc5UEk3aTFiU0xvek1RSkRFTXFvSmNZb1YtcjBRYWNLNHlKTzVSQVNIOE1TQXNIRDhxT0NEeDNYQzlGQ3QyRTFZekk1Q1pXaXVMWFAxOVBDV056RUg4QdIBxwFBVV95cUxOTldnUUtneU1tZ0lMb1cxSnBlN0Z1Ny1HczVqeFdFUWNXZnNTT01FS2d3ZFFuU21XX1M2VnA4eDYzNmVCTHRfRHNaMFMySTQxZExzN2twQmR5V2NNeVA1NXR1NDViXzdTUFdrQ0VLNkk1MVd4WENxQmRXbmJNeVJkWUIzNkoxanhkTDFOTlNhUmpLWTF4SE91allrQ29QR0d2eldTYjk1elZzLW50WXpmeWVLR0FGS3pmRWotUE1kd29RZElZTE9R?oc=5,2026-09-17 14:11:29+00:00,2026-09-21 07:48:21.108779+00:00,WBOY.com,digital_exclusion,"Preston County middle school to disable internet access at night on school issued devices - WBOY.com <a href=""https://news.google.com/rss/articles/CBMiwgFBVV95cUxPN2taZXdsbkcxNHk5NXJhU1dvaktKOHRCaWpxWTNUX1IzV3B6c1ozZHQ1WjZvVm9yLURHUTg2TXdLanBRVU5jclRXbEdWNHN0S190QTZ4QVhtY2ExLVNMUDF3T29vTkdlcVFxcFc5UEk3aTFiU0xvek1RSkRFTXFvSmNZb1YtcjBRYWNLNHlKTzVSQVNIOE1TQXNIRDhxT0NEeDNYQzlGQ3QyRTFZekk1Q1pXaXVMWFAxOVBDV056RUg4QdIBxwFBVV95cUxOTldnUUtneU1tZ0lMb1cxSnBlN0Z1Ny1HczVqeFdFUWNXZnNTT01FS2d3ZFFuU21XX1M2VnA4eDYzNmVCTHRfRHNaMFMySTQxZExzN2twQmR5V2NNeVA1NXR1NDViXzdTUFdrQ0VLNkk1MVd4WENxQmRXbmJNeVJkWUIzNkoxanhkTDFOTlNhUmpLWTF4SE91allrQ29QR0d2eldTYjk1elZzLW50WXpmeWVLR0FGS3pmRWotUE1kd29RZElZTE9R?oc=5"" target=""_blank"">Preston County middle school to disable internet access at night on school issued devices</a>&nbsp;&nbsp;<font color=""#6f6f6f"">WBOY.com</font>",Neutral,Community_Discussion,Dataset 2,OK,"Dataset 1, Dataset 2"
The mobile industry knows how to close the digital divide. So why hasn’t it? - Open Access Government,"<a href=""https://news.google.com/rss/articles/CBMiugFBVV95cUxQT0NjVGtzeXpPdXNGcFRuR1dOSkVReWxWdW1rN0R1WHVDNkNLTDRLMl85LTZiWDJydkp6SXl6R2xQMUlFMFBTdFluaVhmVkVqc0gybGZXb1hiRGpvQW1veERnUjVBWlZwaDhjXzVkanJxSGpRUW5XWXVNY1V3R0syOGE4WXNGcnF5U1ZyeVAwVGV4VUVwejdmZTFlVEN1Rmg4dDNDSkwxMnNHdEZvYVlMUldjR0xpY2JXaWc?oc=5"" target=""_blank"">The mobile industry knows how to close the digital divide. So why hasn’t it?</a>&nbsp;&nbsp;<font color=""#6f6f6f"">Open Access Government</font>",https://news.google.com/rss/articles/CBMiugFBVV95cUxQT0NjVGtzeXpPdXNGcFRuR1dOSkVReWxWdW1rN0R1WHVDNkNLTDRLMl85LTZiWDJydkp6SXl6R2xQMUlFMFBTdFluaVhmVkVqc0gybGZXb1hiRGpvQW1veERnUjVBWlZwaDhjXzVkanJxSGpRUW5XWXVNY1V3R0syOGE4WXNGcnF5U1ZyeVAwVGV4VUVwejdmZTFlVEN1Rmg4dDNDSkwxMnNHdEZvYVlMUldjR0xpY2JXaWc?oc=5,2026-07-13 07:00:00+00:00,2026-09-21 07:48:21.108827+00:00,Open Access Government,digital_exclusion,"The mobile industry knows how to close the digital divide. So why hasn’t it? - Open Access Government <a href=""https://news.google.com/rss/articles/CBMiugFBVV95cUxQT0NjVGtzeXpPdXNGcFRuR1dOSkVReWxWdW1rN0R1WHVDNkNLTDRLMl85LTZiWDJydkp6SXl6R2xQMUlFMFBTdFluaVhmVkVqc0gybGZXb1hiRGpvQW1veERnUjVBWlZwaDhjXzVkanJxSGpRUW5XWXVNY1V3R0syOGE4WXNGcnF5U1ZyeVAwVGV4VUVwejdmZTFlVEN1Rmg4dDNDSkwxMnNHdEZvYVlMUldjR0xpY2JXaWc?oc=5"" target=""_blank"">The mobile industry knows how to close the digital divide. So why hasn’t it?</a>&nbsp;&nbsp;<font color=""#6f6f6f"">Open Access Government</font>",Negative,Community_Discussion,Dataset 2,OK,"Dataset 1, Dataset 2"
Iran reinstates some internet access but restrictions remain for most - Al Jazeera,"<a href=""https://news.google.com/rss/articles/CBMirwFBVV95cUxOY0l3TG91LVluZUNRa2xjOHhLZ3EwbkJXNk5LSDBqX2tnNXNidDhpeHV4SU1XdzlRdUNILXA4N2lpM1FSdHdkc3FORDl1LUVQTEtMZmRGQ3N0YW8yellOX3FaSTF4N2dVTURQSGZQVE43YXZmUXpEUWx5TXowaVNDNlBNWHFIVjI5R0k0elJva3JHblJhRDdocUxOcmVnQ2dyWWQycjRobGNnVkxJOGtZ0gG0AUFVX3lxTE1MbmJQZGpZNmtmRXdTR3NuTnI3MTdlRHAwRndnRGxWVEFLLWVFTWMtUUZ0Q1FkQlRNaEF1NnFTcUg5a1lLdVRVb1FPUUdiZlN1S1V6TjExQ2VjbllYZDl4Y2lPeGlrU0hwa3A1dUxmYWI3NGhsQnRrVzI0d2NMNklrMGs4eTNFeV9NOUJ1WHFyLXphc1ZYVm5Ja2JMbkQzRFBOVC03LVhNMkFaUkhBbDg3UlkxMQ?oc=5"" target=""_blank"">Iran reinstates some internet access but restrictions remain for most</a>&nbsp;&nbsp;<font color=""#6f6f6f"">Al Jazeera</font>",https://news.google.com/rss/articles/CBMirwFBVV95cUxOY0l3TG91LVluZUNRa2xjOHhLZ3EwbkJXNk5LSDBqX2tnNXNidDhpeHV4SU1XdzlRdUNILXA4N2lpM1FSdHdkc3FORDl1LUVQTEtMZmRGQ3N0YW8yellOX3FaSTF4N2dVTURQSGZQVE43YXZmUXpEUWx5TXowaVNDNlBNWHFIVjI5R0k0elJva3JHblJhRDdocUxOcmVnQ2dyWWQycjRobGNnVkxJOGtZ0gG0AUFVX3lxTE1MbmJQZGpZNmtmRXdTR3NuTnI3MTdlRHAwRndnRGxWVEFLLWVFTWMtUUZ0Q1FkQlRNaEF1NnFTcUg5a1lLdVRVb1FPUUdiZlN1S1V6TjExQ2VjbllYZDl4Y2lPeGlrU0hwa3A1dUxmYWI3NGhsQnRrVzI0d2NMNklrMGs4eTNFeV9NOUJ1WHFyLXphc1ZYVm5Ja2JMbkQzRFBOVC03LVhNMkFaUkhBbDg3UlkxMQ?oc=5,2026-05-31 07:00:00+00:00,2026-09-21 07:48:21.108850+00:00,Al Jazeera,digital_exclusion,"Iran reinstates some internet access but restrictions remain for most - Al Jazeera <a href=""https://news.google.com/rss/articles/CBMirwFBVV95cUxOY0l3TG91LVluZUNRa2xjOHhLZ3EwbkJXNk5LSDBqX2tnNXNidDhpeHV4SU1XdzlRdUNILXA4N2lpM1FSdHdkc3FORDl1LUVQTEtMZmRGQ3N0YW8yellOX3FaSTF4N2dVTURQSGZQVE43YXZmUXpEUWx5TXowaVNDNlBNWHFIVjI5R0k0elJva3JHblJhRDdocUxOcmVnQ2dyWWQycjRobGNnVkxJOGtZ0gG0AUFVX3lxTE1MbmJQZGpZNmtmRXdTR3NuTnI3MTdlRHAwRndnRGxWVEFLLWVFTWMtUUZ0Q1FkQlRNaEF1NnFTcUg5a1lLdVRVb1FPUUdiZlN1S1V6TjExQ2VjbllYZDl4Y2lPeGlrU0hwa3A1dUxmYWI3NGhsQnRrVzI0d2NMNklrMGs4eTNFeV9NOUJ1WHFyLXphc1ZYVm5Ja2JMbkQzRFBOVC03LVhNMkFaUkhBbDg3UlkxMQ?oc=5"" target=""_blank"">Iran reinstates some internet access but restrictions remain for most</a>&nbsp;&nbsp;<font color=""#6f6f6f"">Al Jazeera</font>",Negative,Community_Discussion,Dataset 2,OK,"Dataset 1, Dataset 2"
New Smart City Pilot Network to Bridge Digital Divide for 50 U.S. Cities - Intel,"<a href=""https://news.google.com/rss/articles/CBMiqwFBVV95cUxPalpJUVFnajBKYUJueTlxZVFFanpIcC1SaVhEeEhQWGdNZTNISTMzdnFpZ1UwNGFCOWs0ejVYUFAySnhhc2Q4TkEtcXo5QnlUaVBiOEtaQzByd1BLMjFyV0pyLURqSmJxLVoyaDg5eFJXVEpkYUh2aERIaFBxeEpYVGdKR00zT0wwMzVPZGxwUHpnamx1UEQ1NXppTEpKSldZdW9wWDhuSnhnLU0?oc=5"" target=""_blank"">New Smart City Pilot Network to Bridge Digital Divide for 50 U.S. Cities</a>&nbsp;&nbsp;<font color=""#6f6f6f"">Intel</font>",https://news.google.com/rss/articles/CBMiqwFBVV95cUxPalpJUVFnajBKYUJueTlxZVFFanpIcC1SaVhEeEhQWGdNZTNISTMzdnFpZ1UwNGFCOWs0ejVYUFAySnhhc2Q4TkEtcXo5QnlUaVBiOEtaQzByd1BLMjFyV0pyLURqSmJxLVoyaDg5eFJXVEpkYUh2aERIaFBxeEpYVGdKR00zT0wwMzVPZGxwUHpnamx1UEQ1NXppTEpKSldZdW9wWDhuSnhnLU0?oc=5,2026-06-09 07:00:00+00:00,2026-09-21 07:48:21.108863+00:00,Intel,digital_exclusion,"New Smart City Pilot Network to Bridge Digital Divide for 50 U.S. Cities - Intel <a href=""https://news.google.com/rss/articles/CBMiqwFBVV95cUxPalpJUVFnajBKYUJueTlxZVFFanpIcC1SaVhEeEhQWGdNZTNISTMzdnFpZ1UwNGFCOWs0ejVYUFAySnhhc2Q4TkEtcXo5QnlUaVBiOEtaQzByd1BLMjFyV0pyLURqSmJxLVoyaDg5eFJXVEpkYUh2aERIaFBxeEpYVGdKR00zT0wwMzVPZGxwUHpnamx1UEQ1NXppTEpKSldZdW9wWDhuSnhnLU0?oc=5"" target=""_blank"">New Smart City Pilot Network to Bridge Digital Divide for 50 U.S. Cities</a>&nbsp;&nbsp;<font color=""#6f6f6f"">Intel</font>",Neutral,Community_Discussion,Dataset 2,OK,"Dataset 1, Dataset 2"
Financing the end of the digital divide - Atlantic Council,"<a href=""https://news.google.com/rss/articles/CBMiqAFBVV95cUxQcUJyRXF5T0tIR3V2eTE0WUFtR084OUFzNWE0SmtXeXVBbjlTY1FKMlpOcDZSV0d0ZnV2ekdyVDJQTGhkY3hVVV82d2hJV2dBOUxJUUpvSHY2dTA2aGJHMHlqM1Foek1fdGlOT1g1RkFzamZoTnlmVGVaa19vN2lIVXB2RTVSTFNGdHFBOS1tMldzSkVUbE8zRGFsZmpkV1E4LVNpd0JqQlU?oc=5"" target=""_blank"">Financing the end of the digital divide</a>&nbsp;&nbsp;<font color=""#6f6f6f"">Atlantic Council</font>",https://news.google.com/rss/articles/CBMiqAFBVV95cUxQcUJyRXF5T0tIR3V2eTE0WUFtR084OUFzNWE0SmtXeXVBbjlTY1FKMlpOcDZSV0d0ZnV2ekdyVDJQTGhkY3hVVV82d2hJV2dBOUxJUUpvSHY2dTA2aGJHMHlqM1Foek1fdGlOT1g1RkFzamZoTnlmVGVaa19vN2lIVXB2RTVSTFNGdHFBOS1tMldzSkVUbE8zRGFsZmpkV1E4LVNpd0JqQlU?oc=5,2026-06-16 07:00:00+00:00,2026-09-21 07:48:21.108877+00:00,Atlantic Council,digital_exclusion,"Financing the end of the digital divide - Atlantic Council <a href=""https://news.google.com/rss/articles/CBMiqAFBVV95cUxQcUJyRXF5T0tIR3V2eTE0WUFtR084OUFzNWE0SmtXeXVBbjlTY1FKMlpOcDZSV0d0ZnV2ekdyVDJQTGhkY3hVVV82d2hJV2dBOUxJUUpvSHY2dTA2aGJHMHlqM1Foek1fdGlOT1g1RkFzamZoTnlmVGVaa19vN2lIVXB2RTVSTFNGdHFBOS1tMldzSkVUbE8zRGFsZmpkV1E4LVNpd0JqQlU?oc=5"" target=""_blank"">Financing the end of the digital divide</a>&nbsp;&nbsp;<font color=""#6f6f6f"">Atlantic Council</font>",Neutral,Community_Discussion,Dataset 2,OK,"Dataset 1, Dataset 2"
OpenAI and Hugging Face partner to address security incident during model evaluation - OpenAI,"<a href=""https://news.google.com/rss/articles/CBMifkFVX3lxTE5QM0NxYjlpZlBQVHNUaVZta3E1aGJ5LTZHcTg5bEU5T3JCbVdIc19BUk5pcFBlR0RNaDhoYVhGRm95TjVTMVZMLU9XOE1MeEhNQS02VGI3TDh6bWktZ2VoYU82eWFVcVJTM0NKbkUtWU83a2IzNUdvZFVCeDVzdw?oc=5"" target=""_blank"">OpenAI and Hugging Face partner to address security incident during model evaluation</a>&nbsp;&nbsp;<font color=""#6f6f6f"">OpenAI</font>",https://news.google.com/rss/articles/CBMifkFVX3lxTE5QM0NxYjlpZlBQVHNUaVZta3E1aGJ5LTZHcTg5bEU5T3JCbVdIc19BUk5pcFBlR0RNaDhoYVhGRm95TjVTMVZMLU9XOE1MeEhNQS02VGI3TDh6bWktZ2VoYU82eWFVcVJTM0NKbkUtWU83a2IzNUdvZFVCeDVzdw?oc=5,2026-07-21 07:00:00+00:00,2026-09-21 07:48:21.108891+00:00,OpenAI,digital_exclusion,"OpenAI and Hugging Face partner to address security incident during model evaluation - OpenAI <a href=""https://news.google.com/rss/articles/CBMifkFVX3lxTE5QM0NxYjlpZlBQVHNUaVZta3E1aGJ5LTZHcTg5bEU5T3JCbVdIc19BUk5pcFBlR0RNaDhoYVhGRm95TjVTMVZMLU9XOE1MeEhNQS02VGI3TDh6bWktZ2VoYU82eWFVcVJTM0NKbkUtWU83a2IzNUdvZFVCeDVzdw?oc=5"" target=""_blank"">OpenAI and Hugging Face partner to address security incident during model evaluation</a>&nbsp;&nbsp;<font color=""#6f6f6f"">OpenAI</font>",Neutral,Community_Discussion,Dataset 2,OK,"Dataset 1, Dataset 2"
"Fahmi says Malaysia Day preparations in Kuching on track, internet access for media assured - Malay Mail","<a href=""https://news.google.com/rss/articles/CBMi4gFBVV95cUxQYnhJYVVlZ1dCVTYybkxFOGZoRXRqT1VUUUpQam1Bb0o2cTYwUmVSV1YwbWt1ZFVaTDBWNzMyeU1kT1lVdzFJQS1nNEI3TWtHTUFWQ0ZWQjZVV2ZtNW5CX1Iyd001WG51XzZjd2N3RlZOTmtqSm9majhLNjNmYWZjUFAtOHBLV0dXZi1XMktmSnlSWkowRXYyRVNleF9tZXFfYzMzSks0Z0JjZkF0bUo3Qk5CRDBTaGwzQUZYXzJDcU9OcFh0NGVUeUNVWDlrckNFdmxEVm5sVktBZ2RSNkNPSVFn0gHnAUFVX3lxTE9uRl9xZDR1ZTlZUmxCR3YwQVROWEpwZXlUTGtZSF83NEVydW50anRvWDNTaTRRZ2RJSTBOS0lfVVMzYUI0Mk5ndTFiVUFvWlhzWW12NGoxQVV0WnlzUlpOOEhUSnRkbE9Md2Zjd3I0YndCeGl3MHVMM2tHSHNmeDRxaGtGWkN4OFN2bHp5N1h0Y00yQUh3THB3S0ViUXVaLWw5ZmVoX3ROQzVZTmxDb1Axc1cwT0hFTXJOVnBUVjhjN21QWGN5bzJ4Nmt4UENGdUhwWk9qWUxVNXBJeEJYUmQzeFE2UDFHbw?oc=5"" target=""_blank"">Fahmi says Malaysia Day preparations in Kuching on track, internet access for media assured</a>&nbsp;&nbsp;<font color=""#6f6f6f"">Malay Mail</font>",https://news.google.com/rss/articles/CBMi4gFBVV95cUxQYnhJYVVlZ1dCVTYybkxFOGZoRXRqT1VUUUpQam1Bb0o2cTYwUmVSV1YwbWt1ZFVaTDBWNzMyeU1kT1lVdzFJQS1nNEI3TWtHTUFWQ0ZWQjZVV2ZtNW5CX1Iyd001WG51XzZjd2N3RlZOTmtqSm9majhLNjNmYWZjUFAtOHBLV0dXZi1XMktmSnlSWkowRXYyRVNleF9tZXFfYzMzSks0Z0JjZkF0bUo3Qk5CRDBTaGwzQUZYXzJDcU9OcFh0NGVUeUNVWDlrckNFdmxEVm5sVktBZ2RSNkNPSVFn0gHnAUFVX3lxTE9uRl9xZDR1ZTlZUmxCR3YwQVROWEpwZXlUTGtZSF83NEVydW50anRvWDNTaTRRZ2RJSTBOS0lfVVMzYUI0Mk5ndTFiVUFvWlhzWW12NGoxQVV0WnlzUlpOOEhUSnRkbE9Md2Zjd3I0YndCeGl3MHVMM2tHSHNmeDRxaGtGWkN4OFN2bHp5N1h0Y00yQUh3THB3S0ViUXVaLWw5ZmVoX3ROQzVZTmxDb1Axc1cwT0hFTXJOVnBUVjhjN21QWGN5bzJ4Nmt4UENGdUhwWk9qWUxVNXBJeEJYUmQzeFE2UDFHbw?oc=5,2026-09-15 01:55:43+00:00,2026-09-21 07:48:21.108904+00:00,Malay Mail,digital_exclusion,"Fahmi says Malaysia Day preparations in Kuching on track, internet access for media assured - Malay Mail <a href=""https://news.google.com/rss/articles/CBMi4gFBVV95cUxQYnhJYVVlZ1dCVTYybkxFOGZoRXRqT1VUUUpQam1Bb0o2cTYwUmVSV1YwbWt1ZFVaTDBWNzMyeU1kT1lVdzFJQS1nNEI3TWtHTUFWQ0ZWQjZVV2ZtNW5CX1Iyd001WG51XzZjd2N3RlZOTmtqSm9majhLNjNmYWZjUFAtOHBLV0dXZi1XMktmSnlSWkowRXYyRVNleF9tZXFfYzMzSks0Z0JjZkF0bUo3Qk5CRDBTaGwzQUZYXzJDcU9OcFh0NGVUeUNVWDlrckNFdmxEVm5sVktBZ2RSNkNPSVFn0gHnAUFVX3lxTE9uRl9xZDR1ZTlZUmxCR3YwQVROWEpwZXlUTGtZSF83NEVydW50anRvWDNTaTRRZ2RJSTBOS0lfVVMzYUI0Mk5ndTFiVUFvWlhzWW12NGoxQVV0WnlzUlpOOEhUSnRkbE9Md2Zjd3I0YndCeGl3MHVMM2tHSHNmeDRxaGtGWkN4OFN2bHp5N1h0Y00yQUh3THB3S0ViUXVaLWw5ZmVoX3ROQzVZTmxDb1Axc1cwT0hFTXJOVnBUVjhjN21QWGN5bzJ4Nmt4UENGdUhwWk9qWUxVNXBJeEJYUmQzeFE2UDFHbw?oc=5"" target=""_blank"">Fahmi says Malaysia Day preparations in Kuching on track, internet access for media assured</a>&nbsp;&nbsp;<font color=""#6f6f6f"">Malay Mail</font>",Neutral,Community_Discussion,Dataset 2,OK,"Dataset 1, Dataset 2"
Longitudinal associations between internet access and cognitive decline in older adults - Nature,"<a href=""https://news.google.com/rss/articles/CBMiX0FVX3lxTFBZcFZteVhFVkFVOEtNaFZHdnpLTWt2Zmt0em5NWWxtTVItVnFHaGVEZGFOSnNCNEFiRkRGTnVQRXJ4RlRQRkFITzlYc2hzXzR1Yy1ZcktDbU16N2FCYXFZ?oc=5"" target=""_blank"">Longitudinal associations between internet access and cognitive decline in older adults</a>&nbsp;&nbsp;<font color=""#6f6f6f"">Nature</font>",https://news.google.com/rss/articles/CBMiX0FVX3lxTFBZcFZteVhFVkFVOEtNaFZHdnpLTWt2Zmt0em5NWWxtTVItVnFHaGVEZGFOSnNCNEFiRkRGTnVQRXJ4RlRQRkFITzlYc2hzXzR1Yy1ZcktDbU16N2FCYXFZ?oc=5,2026-05-06 07:00:00+00:00,2026-09-21 07:48:21.108918+00:00,Nature,digital_exclusion,"Longitudinal associations between internet access and cognitive decline in older adults - Nature <a href=""https://news.google.com/rss/articles/CBMiX0FVX3lxTFBZcFZteVhFVkFVOEtNaFZHdnpLTWt2Zmt0em5NWWxtTVItVnFHaGVEZGFOSnNCNEFiRkRGTnVQRXJ4RlRQRkFITzlYc2hzXzR1Yy1ZcktDbU16N2FCYXFZ?oc=5"" target=""_blank"">Longitudinal associations between internet access and cognitive decline in older adults</a>&nbsp;&nbsp;<font color=""#6f6f6f"">Nature</font>",Neutral,Community_Discussion,Dataset 2,OK,"Dataset 1, Dataset 2"
Bridging the digital divide: online learning experiences of disadvantaged students in South Africa - Frontiers,"<a href=""https://news.google.com/rss/articles/CBMikAFBVV95cUxOQ2NtMnJkaXIxZ0hXYTM4UHdUTzJsQ3Zsc090XzJEbllDUm50aTdJWlc5a2d1bXc5dGY3X3RRWGdxRmVYWXpqM00tTW1lQ2djeFVUQW1LSG9hTk1GemdwQ0R6Q0hMNm1DNGsxd0pOQVRIUkJ1QkV1enZKMjdWZld2OTRQNExwNFpnUmRVYmZVcl8?oc=5"" target=""_blank"">Bridging the digital divide: online learning experiences of disadvantaged students in South Africa</a>&nbsp;&nbsp;<font color=""#6f6f6f"">Frontiers</font>",https://news.google.com/rss/articles/CBMikAFBVV95cUxOQ2NtMnJkaXIxZ0hXYTM4UHdUTzJsQ3Zsc090XzJEbllDUm50aTdJWlc5a2d1bXc5dGY3X3RRWGdxRmVYWXpqM00tTW1lQ2djeFVUQW1LSG9hTk1GemdwQ0R6Q0hMNm1DNGsxd0pOQVRIUkJ1QkV1enZKMjdWZld2OTRQNExwNFpnUmRVYmZVcl8?oc=5,2026-06-11 17:28:50+00:00,2026-09-21 07:48:21.108932+00:00,Frontiers,digital_exclusion,"Bridging the digital divide: online learning experiences of disadvantaged students in South Africa - Frontiers <a href=""https://news.google.com/rss/articles/CBMikAFBVV95cUxOQ2NtMnJkaXIxZ0hXYTM4UHdUTzJsQ3Zsc090XzJEbllDUm50aTdJWlc5a2d1bXc5dGY3X3RRWGdxRmVYWXpqM00tTW1lQ2djeFVUQW1LSG9hTk1GemdwQ0R6Q0hMNm1DNGsxd0pOQVRIUkJ1QkV1enZKMjdWZld2OTRQNExwNFpnUmRVYmZVcl8?oc=5"" target=""_blank"">Bridging the digital divide: online learning experiences of disadvantaged students in South Africa</a>&nbsp;&nbsp;<font color=""#6f6f6f"">Frontiers</font>",Neutral,Community_Discussion,Dataset 2,OK,"Dataset 1, Dataset 2"
Martindale Public Library Bridging the Digital Divide Through Partnership - Texas State Library and Archives (.gov),"<a href=""https://news.google.com/rss/articles/CBMimwFBVV95cUxOajhBR0JkUnBrUElkcThEZ3U1ay1jNVBaZzN1bGJhbkRxV05zYVRXMXNSRjE2RW1RNmdUSzFsYWlhTENQczk0UzNTVmVLUFg4Y0lZOWdZbUVOSzNkVm9jMHpvS2toSWVPSXhUSDU1TktrTXJuWDI3amcxMmVZZTJRNEJlTUtGcE5TTlc3dHJabGVRYUxJNHpyQ3VRUQ?oc=5"" target=""_blank"">Martindale Public Library Bridging the Digital Divide Through Partnership</a>&nbsp;&nbsp;<font color=""#6f6f6f"">Texas State Library and Archives (.gov)</font>",https://news.google.com/rss/articles/CBMimwFBVV95cUxOajhBR0JkUnBrUElkcThEZ3U1ay1jNVBaZzN1bGJhbkRxV05zYVRXMXNSRjE2RW1RNmdUSzFsYWlhTENQczk0UzNTVmVLUFg4Y0lZOWdZbUVOSzNkVm9jMHpvS2toSWVPSXhUSDU1TktrTXJuWDI3amcxMmVZZTJRNEJlTUtGcE5TTlc3dHJabGVRYUxJNHpyQ3VRUQ?oc=5,2026-08-18 02:02:32+00:00,2026-09-21 07:48:21.108945+00:00,Texas State Library and Archives (.gov),digital_exclusion,"Martindale Public Library Bridging the Digital Divide Through Partnership - Texas State Library and Archives (.gov) <a href=""https://news.google.com/rss/articles/CBMimwFBVV95cUxOajhBR0JkUnBrUElkcThEZ3U1ay1jNVBaZzN1bGJhbkRxV05zYVRXMXNSRjE2RW1RNmdUSzFsYWlhTENQczk0UzNTVmVLUFg4Y0lZOWdZbUVOSzNkVm9jMHpvS2toSWVPSXhUSDU1TktrTXJuWDI3amcxMmVZZTJRNEJlTUtGcE5TTlc3dHJabGVRYUxJNHpyQ3VRUQ?oc=5"" target=""_blank"">Martindale Public Library Bridging the Digital Divide Through Partnership</a>&nbsp;&nbsp;<font color=""#6f6f6f"">Texas State Library and Archives (.gov)</font>",Neutral,Community_Discussion,Dataset 2,OK,"Dataset 1, Dataset 2"
FG plans regulation of internet access for Nigerians below 16 years - Tribune Online,"<a href=""https://news.google.com/rss/articles/CBMinAFBVV95cUxQWlFBOXlVM1pvc2xGMmVFbUlRNWZjMTlFb2I3bF9EUElYUjh2X1N5dWFzeVdwelJwR2Fqck1hd3Z2Z2dtV0Z6X2RtWk83S0xBRDFhaGUxdEpFbElENTlLQTBidGpnUktpcEdtVHBNZGdrWDNnYjZhdkNveWtXY0phdUxXQ19vbldETE4yU09EUnh0MGZKaFFGc0ZleVM?oc=5"" target=""_blank"">FG plans regulation of internet access for Nigerians below 16 years</a>&nbsp;&nbsp;<font color=""#6f6f6f"">Tribune Online</font>",https://news.google.com/rss/articles/CBMinAFBVV95cUxQWlFBOXlVM1pvc2xGMmVFbUlRNWZjMTlFb2I3bF9EUElYUjh2X1N5dWFzeVdwelJwR2Fqck1hd3Z2Z2dtV0Z6X2RtWk83S0xBRDFhaGUxdEpFbElENTlLQTBidGpnUktpcEdtVHBNZGdrWDNnYjZhdkNveWtXY0phdUxXQ19vbldETE4yU09EUnh0MGZKaFFGc0ZleVM?oc=5,2026-09-15 23:08:00+00:00,2026-09-21 07:48:21.108958+00:00,Tribune Online,digital_exclusion,"FG plans regulation of internet access for Nigerians below 16 years - Tribune Online <a href=""https://news.google.com/rss/articles/CBMinAFBVV95cUxQWlFBOXlVM1pvc2xGMmVFbUlRNWZjMTlFb2I3bF9EUElYUjh2X1N5dWFzeVdwelJwR2Fqck1hd3Z2Z2dtV0Z6X2RtWk83S0xBRDFhaGUxdEpFbElENTlLQTBidGpnUktpcEdtVHBNZGdrWDNnYjZhdkNveWtXY0phdUxXQ19vbldETE4yU09EUnh0MGZKaFFGc0ZleVM?oc=5"" target=""_blank"">FG plans regulation of internet access for Nigerians below 16 years</a>&nbsp;&nbsp;<font color=""#6f6f6f"">Tribune Online</font>",Neutral,Community_Discussion,Dataset 2,OK,"Dataset 1, Dataset 2"
Iran expands limited internet access but restrictions remain for most - Al Jazeera,"<a href=""https://news.google.com/rss/articles/CBMirwFBVV95cUxQQ1J1MDZHcGtDTEhydWNjMVltRndQSkQ5b3FMcUxPS2FWaE5YYTFJbW5TVUx2ck9iZ2VHSmEwY296T3BiRklJSGVnX0ZnSm9fS25HbU05LWFmemFNUDZkSG5jUGVwckRpbjdkZUxlMGg1amtveEdQU2c3bGY3dzgwTGJfdERtNTlRUEp3SmlkZmNlUTdFaXE1NWo5Z3JpTU9HTHN3NXNqZzRoel9lTVpR0gG0AUFVX3lxTFA0UDUtemIyVUgtcElxb3dsNUlicURVOWpIZ0VtVnh1WHBGVnZmM1ZWZldMQUM1ZTlpUVZVMEdHSlR4VktpOXVRZ2dfbUVlaXlQV21hcFRUc2tKRmV0b3lSM1dLLVB6M1pJWVUxRFNBenRxOTFLaFNpNEpYZzdJTFdyVHNCcl92X01BRXczVHVXbXRrZE9iRlRYUjdoMDI1QV9wZmtnVkJrRjNLZnBfN0hQZm5XUg?oc=5"" target=""_blank"">Iran expands limited internet access but restrictions remain for most</a>&nbsp;&nbsp;<font color=""#6f6f6f"">Al Jazeera</font>",https://news.google.com/rss/articles/CBMirwFBVV95cUxQQ1J1MDZHcGtDTEhydWNjMVltRndQSkQ5b3FMcUxPS2FWaE5YYTFJbW5TVUx2ck9iZ2VHSmEwY296T3BiRklJSGVnX0ZnSm9fS25HbU05LWFmemFNUDZkSG5jUGVwckRpbjdkZUxlMGg1amtveEdQU2c3bGY3dzgwTGJfdERtNTlRUEp3SmlkZmNlUTdFaXE1NWo5Z3JpTU9HTHN3NXNqZzRoel9lTVpR0gG0AUFVX3lxTFA0UDUtemIyVUgtcElxb3dsNUlicURVOWpIZ0VtVnh1WHBGVnZmM1ZWZldMQUM1ZTlpUVZVMEdHSlR4VktpOXVRZ2dfbUVlaXlQV21hcFRUc2tKRmV0b3lSM1dLLVB6M1pJWVUxRFNBenRxOTFLaFNpNEpYZzdJTFdyVHNCcl92X01BRXczVHVXbXRrZE9iRlRYUjdoMDI1QV9wZmtnVkJrRjNLZnBfN0hQZm5XUg?oc=5,2026-04-20 07:00:00+00:00,2026-09-21 07:48:21.108971+00:00,Al Jazeera,digital_exclusion,"Iran expands limited internet access but restrictions remain for most - Al Jazeera <a href=""https://news.google.com/rss/articles/CBMirwFBVV95cUxQQ1J1MDZHcGtDTEhydWNjMVltRndQSkQ5b3FMcUxPS2FWaE5YYTFJbW5TVUx2ck9iZ2VHSmEwY296T3BiRklJSGVnX0ZnSm9fS25HbU05LWFmemFNUDZkSG5jUGVwckRpbjdkZUxlMGg1amtveEdQU2c3bGY3dzgwTGJfdERtNTlRUEp3SmlkZmNlUTdFaXE1NWo5Z3JpTU9HTHN3NXNqZzRoel9lTVpR0gG0AUFVX3lxTFA0UDUtemIyVUgtcElxb3dsNUlicURVOWpIZ0VtVnh1WHBGVnZmM1ZWZldMQUM1ZTlpUVZVMEdHSlR4VktpOXVRZ2dfbUVlaXlQV21hcFRUc2tKRmV0b3lSM1dLLVB6M1pJWVUxRFNBenRxOTFLaFNpNEpYZzdJTFdyVHNCcl92X01BRXczVHVXbXRrZE9iRlRYUjdoMDI1QV9wZmtnVkJrRjNLZnBfN0hQZm5XUg?oc=5"" target=""_blank"">Iran expands limited internet access but restrictions remain for most</a>&nbsp;&nbsp;<font color=""#6f6f6f"">Al Jazeera</font>",Negative,Community_Discussion,Dataset 2,OK,"Dataset 1, Dataset 2"
Conquering the Digital Divide in Multi‑Domain Operations - Saab,"<a href=""https://news.google.com/rss/articles/CBMiigFBVV95cUxQZno2clRhbWU2bllCRGRsVWoyaW90YmFySnlXNklWTVVEQ2ptZGgyMll1LXJQcE5lb3RqcmNid0RqMndqV0xna055U3NSUmtsNVFpdHZ1X0hfVE1tbmxmTExQdUFKaWNrVGhZbHpOV21UQVJBdXNZeFM1VnltQ3VYWTJHbWRGU01DSmc?oc=5"" target=""_blank"">Conquering the Digital Divide in Multi‑Domain Operations</a>&nbsp;&nbsp;<font color=""#6f6f6f"">Saab</font>",https://news.google.com/rss/articles/CBMiigFBVV95cUxQZno2clRhbWU2bllCRGRsVWoyaW90YmFySnlXNklWTVVEQ2ptZGgyMll1LXJQcE5lb3RqcmNid0RqMndqV0xna055U3NSUmtsNVFpdHZ1X0hfVE1tbmxmTExQdUFKaWNrVGhZbHpOV21UQVJBdXNZeFM1VnltQ3VYWTJHbWRGU01DSmc?oc=5,2026-04-27 07:00:00+00:00,2026-09-21 07:48:21.109009+00:00,Saab,digital_exclusion,"Conquering the Digital Divide in Multi‑Domain Operations - Saab <a href=""https://news.google.com/rss/articles/CBMiigFBVV95cUxQZno2clRhbWU2bllCRGRsVWoyaW90YmFySnlXNklWTVVEQ2ptZGgyMll1LXJQcE5lb3RqcmNid0RqMndqV0xna055U3NSUmtsNVFpdHZ1X0hfVE1tbmxmTExQdUFKaWNrVGhZbHpOV21UQVJBdXNZeFM1VnltQ3VYWTJHbWRGU01DSmc?oc=5"" target=""_blank"">Conquering the Digital Divide in Multi‑Domain Operations</a>&nbsp;&nbsp;<font color=""#6f6f6f"">Saab</font>",Neutral,Community_Discussion,Dataset 2,OK,"Dataset 1, Dataset 2"
Closing Italy’s digital divide through modern broadband infrastructure - Macquarie,"<a href=""https://news.google.com/rss/articles/CBMitgFBVV95cUxQMU5RWkhkUlpVRUVKTHRVc3owdnRLWDNZQ2E0MHVid21yb0JRMzdjVWtIVDJmRkxBZmh3RXVlM0FoMHFEYVhlc0FBRUlpRUNDLS12WFg1bUJIOVVuQnUtQkd5YVVvRFUyTWdBeDl4TkxVLVVtc05Sa1Itam5tMzM0LTFZWkhoeEJQSXdGakphcGtFOWpRTk1TTnlUVXQxQkhoMDNvRkpWdGl6djZwUDBCc3EtdWpGZw?oc=5"" target=""_blank"">Closing Italy’s digital divide through modern broadband infrastructure</a>&nbsp;&nbsp;<font color=""#6f6f6f"">Macquarie</font>",https://news.google.com/rss/articles/CBMitgFBVV95cUxQMU5RWkhkUlpVRUVKTHRVc3owdnRLWDNZQ2E0MHVid21yb0JRMzdjVWtIVDJmRkxBZmh3RXVlM0FoMHFEYVhlc0FBRUlpRUNDLS12WFg1bUJIOVVuQnUtQkd5YVVvRFUyTWdBeDl4TkxVLVVtc05Sa1Itam5tMzM0LTFZWkhoeEJQSXdGakphcGtFOWpRTk1TTnlUVXQxQkhoMDNvRkpWdGl6djZwUDBCc3EtdWpGZw?oc=5,2026-08-14 01:27:10+00:00,2026-09-21 07:48:21.109027+00:00,Macquarie,digital_exclusion,"Closing Italy’s digital divide through modern broadband infrastructure - Macquarie <a href=""https://news.google.com/rss/articles/CBMitgFBVV95cUxQMU5RWkhkUlpVRUVKTHRVc3owdnRLWDNZQ2E0MHVid21yb0JRMzdjVWtIVDJmRkxBZmh3RXVlM0FoMHFEYVhlc0FBRUlpRUNDLS12WFg1bUJIOVVuQnUtQkd5YVVvRFUyTWdBeDl4TkxVLVVtc05Sa1Itam5tMzM0LTFZWkhoeEJQSXdGakphcGtFOWpRTk1TTnlUVXQxQkhoMDNvRkpWdGl6djZwUDBCc3EtdWpGZw?oc=5"" target=""_blank"">Closing Italy’s digital divide through modern broadband infrastructure</a>&nbsp;&nbsp;<font color=""#6f6f6f"">Macquarie</font>",Neutral,Community_Discussion,Dataset 2,OK,"Dataset 1, Dataset 2"
Older Australians losing independence as everyday services go online - ABC News & Headlines – Australian Broadcasting Corporation,"<a href=""https://news.google.com/rss/articles/CBMisAFBVV95cUxQbVdWRXAtZW01LTBFQ2R0aVlHcWRNejNJVzFKWENZVVlBNG01VGFkUzZQRzJsQllkb2ZlQnN5SlJLV3NQdU9uQkJSRVBJRWoyVVk5Z090ZklLX3p5S2hqNzJId29acGJGLVQySko1ZEJVdV9EUGYzUGNHSW9vX3JnUUVSSFQxUnVpSndRcjhmR3hOY1BWQWxsajc2NXJLZUZuSTg5UW9Xa1pRYnVWMkx2QQ?oc=5"" target=""_blank"">Older Australians losing independence as everyday services go online</a>&nbsp;&nbsp;<font color=""#6f6f6f"">ABC News & Headlines – Australian Broadcasting Corporation</font>",https://news.google.com/rss/articles/CBMisAFBVV95cUxQbVdWRXAtZW01LTBFQ2R0aVlHcWRNejNJVzFKWENZVVlBNG01VGFkUzZQRzJsQllkb2ZlQnN5SlJLV3NQdU9uQkJSRVBJRWoyVVk5Z090ZklLX3p5S2hqNzJId29acGJGLVQySko1ZEJVdV9EUGYzUGNHSW9vX3JnUUVSSFQxUnVpSndRcjhmR3hOY1BWQWxsajc2NXJLZUZuSTg5UW9Xa1pRYnVWMkx2QQ?oc=5,2026-08-25 07:00:00+00:00,2026-09-21 07:48:21.109041+00:00,ABC News & Headlines – Australian Broadcasting Corporation,digital_exclusion,"Older Australians losing independence as everyday services go online - ABC News & Headlines – Australian Broadcasting Corporation <a href=""https://news.google.com/rss/articles/CBMisAFBVV95cUxQbVdWRXAtZW01LTBFQ2R0aVlHcWRNejNJVzFKWENZVVlBNG01VGFkUzZQRzJsQllkb2ZlQnN5SlJLV3NQdU9uQkJSRVBJRWoyVVk5Z090ZklLX3p5S2hqNzJId29acGJGLVQySko1ZEJVdV9EUGYzUGNHSW9vX3JnUUVSSFQxUnVpSndRcjhmR3hOY1BWQWxsajc2NXJLZUZuSTg5UW9Xa1pRYnVWMkx2QQ?oc=5"" target=""_blank"">Older Australians losing independence as everyday services go online</a>&nbsp;&nbsp;<font color=""#6f6f6f"">ABC News & Headlines – Australian Broadcasting Corporation</font>",Neutral,Community_Discussion,Dataset 2,OK,"Dataset 1, Dataset 2"
Strategy launched to tackle 'digital divide' in Cornwall by 2030 - BBC,"<a href=""https://news.google.com/rss/articles/CBMiWkFVX3lxTE9nR1UwdVhqX0tLQ2N4TG1UZ3BsempQa0dFSXJBVmh6MVl6Q2JGTGhUZVV0NDdPRGVpRjdCRmlteUtXM3ZnRTdvRFpmNGV6b3g3SnY3VVFNUzdVQQ?oc=5"" target=""_blank"">Strategy launched to tackle 'digital divide' in Cornwall by 2030</a>&nbsp;&nbsp;<font color=""#6f6f6f"">BBC</font>",https://news.google.com/rss/articles/CBMiWkFVX3lxTE9nR1UwdVhqX0tLQ2N4TG1UZ3BsempQa0dFSXJBVmh6MVl6Q2JGTGhUZVV0NDdPRGVpRjdCRmlteUtXM3ZnRTdvRFpmNGV6b3g3SnY3VVFNUzdVQQ?oc=5,2026-06-06 07:00:00+00:00,2026-09-21 07:48:21.109055+00:00,BBC,digital_exclusion,"Strategy launched to tackle 'digital divide' in Cornwall by 2030 - BBC <a href=""https://news.google.com/rss/articles/CBMiWkFVX3lxTE9nR1UwdVhqX0tLQ2N4TG1UZ3BsempQa0dFSXJBVmh6MVl6Q2JGTGhUZVV0NDdPRGVpRjdCRmlteUtXM3ZnRTdvRFpmNGV6b3g3SnY3VVFNUzdVQQ?oc=5"" target=""_blank"">Strategy launched to tackle 'digital divide' in Cornwall by 2030</a>&nbsp;&nbsp;<font color=""#6f6f6f"">BBC</font>",Neutral,Community_Discussion,Dataset 2,OK,"Dataset 1, Dataset 2"
Topics - How children with disabilities experience digital exclusion - Charity Digital,"<a href=""https://news.google.com/rss/articles/CBMipAFBVV95cUxNY21EZ0pNczdBUGJmTWxnaHBxMzU1S1hHcXowYklYTUVFV1JYdl95bUY5YTVwNmNCajQ5WXVWdldKTWk3cDJNYlVfcXh6ZUVxRXd0MVc0RnZ2dS0yVXBHbGRtSUVLc29EVDdEandseXAtR2xTS21ZMDd4bXNDSFltdDh2dkFMa0RFa2VYb2dERjlzWFpOQ3FpUzM0SkhObF9RcUFLSQ?oc=5"" target=""_blank"">Topics - How children with disabilities experience digital exclusion</a>&nbsp;&nbsp;<font color=""#6f6f6f"">Charity Digital</font>",https://news.google.com/rss/articles/CBMipAFBVV95cUxNY21EZ0pNczdBUGJmTWxnaHBxMzU1S1hHcXowYklYTUVFV1JYdl95bUY5YTVwNmNCajQ5WXVWdldKTWk3cDJNYlVfcXh6ZUVxRXd0MVc0RnZ2dS0yVXBHbGRtSUVLc29EVDdEandseXAtR2xTS21ZMDd4bXNDSFltdDh2dkFMa0RFa2VYb2dERjlzWFpOQ3FpUzM0SkhObF9RcUFLSQ?oc=5,2026-08-06 07:00:00+00:00,2026-09-21 07:48:21.109067+00:00,Charity Digital,digital_exclusion,"Topics - How children with disabilities experience digital exclusion - Charity Digital <a href=""https://news.google.com/rss/articles/CBMipAFBVV95cUxNY21EZ0pNczdBUGJmTWxnaHBxMzU1S1hHcXowYklYTUVFV1JYdl95bUY5YTVwNmNCajQ5WXVWdldKTWk3cDJNYlVfcXh6ZUVxRXd0MVc0RnZ2dS0yVXBHbGRtSUVLc29EVDdEandseXAtR2xTS21ZMDd4bXNDSFltdDh2dkFMa0RFa2VYb2dERjlzWFpOQ3FpUzM0SkhObF9RcUFLSQ?oc=5"" target=""_blank"">Topics - How children with disabilities experience digital exclusion</a>&nbsp;&nbsp;<font color=""#6f6f6f"">Charity Digital</font>",Neutral,Community_Discussion,Dataset 2,OK,"Dataset 1, Dataset 2"
Low Earth Orbit satellites: Closing the Indo-Pacific digital divide - Lowy Institute,"<a href=""https://news.google.com/rss/articles/CBMiqAFBVV95cUxNTFM3N21sa1VCanl2YzJSV3FIVE1VbUtkQzRpR3ZST2t1TFBBX0kzbUNyRkRSQ3B0NjFuT0FTUGs4VnIzMThtLU1DV3FvMV84SjBxX3FxLUxwVXBzQnNBSHZZM214c05wR24yQzdRSTZKSndWbE5oODNab01XSnpPMTVNWTdSalVZNV90bVFLWlo5SVptcUYzX1RVdkNsZjRHQXktQ01KTmc?oc=5"" target=""_blank"">Low Earth Orbit satellites: Closing the Indo-Pacific digital divide</a>&nbsp;&nbsp;<font color=""#6f6f6f"">Lowy Institute</font>",https://news.google.com/rss/articles/CBMiqAFBVV95cUxNTFM3N21sa1VCanl2YzJSV3FIVE1VbUtkQzRpR3ZST2t1TFBBX0kzbUNyRkRSQ3B0NjFuT0FTUGs4VnIzMThtLU1DV3FvMV84SjBxX3FxLUxwVXBzQnNBSHZZM214c05wR24yQzdRSTZKSndWbE5oODNab01XSnpPMTVNWTdSalVZNV90bVFLWlo5SVptcUYzX1RVdkNsZjRHQXktQ01KTmc?oc=5,2026-05-24 07:00:00+00:00,2026-09-21 07:48:21.109089+00:00,Lowy Institute,digital_exclusion,"Low Earth Orbit satellites: Closing the Indo-Pacific digital divide - Lowy Institute <a href=""https://news.google.com/rss/articles/CBMiqAFBVV95cUxNTFM3N21sa1VCanl2YzJSV3FIVE1VbUtkQzRpR3ZST2t1TFBBX0kzbUNyRkRSQ3B0NjFuT0FTUGs4VnIzMThtLU1DV3FvMV84SjBxX3FxLUxwVXBzQnNBSHZZM214c05wR24yQzdRSTZKSndWbE5oODNab01XSnpPMTVNWTdSalVZNV90bVFLWlo5SVptcUYzX1RVdkNsZjRHQXktQ01KTmc?oc=5"" target=""_blank"">Low Earth Orbit satellites: Closing the Indo-Pacific digital divide</a>&nbsp;&nbsp;<font color=""#6f6f6f"">Lowy Institute</font>",Neutral,Community_Discussion,Dataset 2,OK,"Dataset 1, Dataset 2"
"World News in Brief: Tackling the AI digital divide, deadly migration journeys, Lucy Hale named new WFP Goodwill Ambassador - UN News","<a href=""https://news.google.com/rss/articles/CBMiV0FVX3lxTE9VcnIxaUo3XzhCd1pxaUdURmduaS1KU29ZNkZ3STE4RXJ6QzRtS2pQN0lIRTNVTkQyNlBDSVBSbWxmNEstTnZPOXdGZnJLWktIcUYwcjh2UQ?oc=5"" target=""_blank"">World News in Brief: Tackling the AI digital divide, deadly migration journeys, Lucy Hale named new WFP Goodwill Ambassador</a>&nbsp;&nbsp;<font color=""#6f6f6f"">UN News</font>",https://news.google.com/rss/articles/CBMiV0FVX3lxTE9VcnIxaUo3XzhCd1pxaUdURmduaS1KU29ZNkZ3STE4RXJ6QzRtS2pQN0lIRTNVTkQyNlBDSVBSbWxmNEstTnZPOXdGZnJLWktIcUYwcjh2UQ?oc=5,2026-04-21 07:00:00+00:00,2026-09-21 07:48:21.109103+00:00,UN News,digital_exclusion,"World News in Brief: Tackling the AI digital divide, deadly migration journeys, Lucy Hale named new WFP Goodwill Ambassador - UN News <a href=""https://news.google.com/rss/articles/CBMiV0FVX3lxTE9VcnIxaUo3XzhCd1pxaUdURmduaS1KU29ZNkZ3STE4RXJ6QzRtS2pQN0lIRTNVTkQyNlBDSVBSbWxmNEstTnZPOXdGZnJLWktIcUYwcjh2UQ?oc=5"" target=""_blank"">World News in Brief: Tackling the AI digital divide, deadly migration journeys, Lucy Hale named new WFP Goodwill Ambassador</a>&nbsp;&nbsp;<font color=""#6f6f6f"">UN News</font>",Neutral,Community_Discussion,Dataset 2,OK,"Dataset 1, Dataset 2"
Investigating three real-world incidents in our cybersecurity evaluations - Anthropic,"<a href=""https://news.google.com/rss/articles/CBMif0FVX3lxTE4zdnpHN3VXRHJaYjZ1T01TOUZqaXJHa1VoZC1TTUZaRkk4dnhfdkhHT2xpTUpwVXZfYTFSZHE4Vk5icGh2RmF5aHhKcDlicWJ5Sy1SalVLOGhXVlhVcFJGbFBqSG4xSG5KaWh5dnlWQTQ1NUR4THQxM05nanBUVTg?oc=5"" target=""_blank"">Investigating three real-world incidents in our cybersecurity evaluations</a>&nbsp;&nbsp;<font color=""#6f6f6f"">Anthropic</font>",https://news.google.com/rss/articles/CBMif0FVX3lxTE4zdnpHN3VXRHJaYjZ1T01TOUZqaXJHa1VoZC1TTUZaRkk4dnhfdkhHT2xpTUpwVXZfYTFSZHE4Vk5icGh2RmF5aHhKcDlicWJ5Sy1SalVLOGhXVlhVcFJGbFBqSG4xSG5KaWh5dnlWQTQ1NUR4THQxM05nanBUVTg?oc=5,2026-07-30 07:00:00+00:00,2026-09-21 07:48:21.109151+00:00,Anthropic,digital_exclusion,"Investigating three real-world incidents in our cybersecurity evaluations - Anthropic <a href=""https://news.google.com/rss/articles/CBMif0FVX3lxTE4zdnpHN3VXRHJaYjZ1T01TOUZqaXJHa1VoZC1TTUZaRkk4dnhfdkhHT2xpTUpwVXZfYTFSZHE4Vk5icGh2RmF5aHhKcDlicWJ5Sy1SalVLOGhXVlhVcFJGbFBqSG4xSG5KaWh5dnlWQTQ1NUR4THQxM05nanBUVTg?oc=5"" target=""_blank"">Investigating three real-world incidents in our cybersecurity evaluations</a>&nbsp;&nbsp;<font color=""#6f6f6f"">Anthropic</font>",Neutral,Community_Discussion,Dataset 2,OK,"Dataset 1, Dataset 2"
He saw the digital divide widening and knew GIS was the only way to explore it - University of Redlands,"<a href=""https://news.google.com/rss/articles/CBMivwFBVV95cUxPcl9lRW1TdTlqZU5YU3NYanZtaTc0Q1FsTGxZbXdzeWtBUVc3c1NCdzJrUmxBLWEzRFRJc05fTUF5R19tcExGVWxWcFFSdXNqbTlKNUZFaVp5aGludjhlcVZQTHVpRjlPZXEyZ1BIdVhFOGdIeDFtcjNycjRMWkk1cnBiT1llbGRvUUlRWlN1RUpTWnZ0a0ZoMjZZS2xBZzVHUFNueUxGNkZxUGlabFYyZmNxeTMxdU1oVU0yeWRkTQ?oc=5"" target=""_blank"">He saw the digital divide widening and knew GIS was the only way to explore it</a>&nbsp;&nbsp;<font color=""#6f6f6f"">University of Redlands</font>",https://news.google.com/rss/articles/CBMivwFBVV95cUxPcl9lRW1TdTlqZU5YU3NYanZtaTc0Q1FsTGxZbXdzeWtBUVc3c1NCdzJrUmxBLWEzRFRJc05fTUF5R19tcExGVWxWcFFSdXNqbTlKNUZFaVp5aGludjhlcVZQTHVpRjlPZXEyZ1BIdVhFOGdIeDFtcjNycjRMWkk1cnBiT1llbGRvUUlRWlN1RUpTWnZ0a0ZoMjZZS2xBZzVHUFNueUxGNkZxUGlabFYyZmNxeTMxdU1oVU0yeWRkTQ?oc=5,2026-07-16 07:00:00+00:00,2026-09-21 07:48:21.109175+00:00,University of Redlands,digital_exclusion,"He saw the digital divide widening and knew GIS was the only way to explore it - University of Redlands <a href=""https://news.google.com/rss/articles/CBMivwFBVV95cUxPcl9lRW1TdTlqZU5YU3NYanZtaTc0Q1FsTGxZbXdzeWtBUVc3c1NCdzJrUmxBLWEzRFRJc05fTUF5R19tcExGVWxWcFFSdXNqbTlKNUZFaVp5aGludjhlcVZQTHVpRjlPZXEyZ1BIdVhFOGdIeDFtcjNycjRMWkk1cnBiT1llbGRvUUlRWlN1RUpTWnZ0a0ZoMjZZS2xBZzVHUFNueUxGNkZxUGlabFYyZmNxeTMxdU1oVU0yeWRkTQ?oc=5"" target=""_blank"">He saw the digital divide widening and knew GIS was the only way to explore it</a>&nbsp;&nbsp;<font color=""#6f6f6f"">University of Redlands</font>",Neutral,Community_Discussion,Dataset 2,OK,"Dataset 1, Dataset 2"
How a Native-owned company helped tribes bridge the digital divide - MPR News,"<a href=""https://news.google.com/rss/articles/CBMiqwFBVV95cUxQNnBJTDJfWXNmNHRWOUkzX3E3QVExd2VLZDFpRUFBcHo0ZWlPTVMwQ19WaGlNUmdLaEVUb1Q3X1A5bVplekdzRHJyRU5sZk9ZcV9PeG5hQldyRTBhR19oaWw5QmxIT2xKaFp4eW5uYVlCWnl0bXpBUDhWSGFjeTVpOVdhR1lmYkZWMFBieHhLSEVYa2RVMDJkSi1WWGF0OUNIMjZvdC1vS29MYnM?oc=5"" target=""_blank"">How a Native-owned company helped tribes bridge the digital divide</a>&nbsp;&nbsp;<font color=""#6f6f6f"">MPR News</font>",https://news.google.com/rss/articles/CBMiqwFBVV95cUxQNnBJTDJfWXNmNHRWOUkzX3E3QVExd2VLZDFpRUFBcHo0ZWlPTVMwQ19WaGlNUmdLaEVUb1Q3X1A5bVplekdzRHJyRU5sZk9ZcV9PeG5hQldyRTBhR19oaWw5QmxIT2xKaFp4eW5uYVlCWnl0bXpBUDhWSGFjeTVpOVdhR1lmYkZWMFBieHhLSEVYa2RVMDJkSi1WWGF0OUNIMjZvdC1vS29MYnM?oc=5,2026-08-20 07:00:00+00:00,2026-09-21 07:48:21.109190+00:00,MPR News,digital_exclusion,"How a Native-owned company helped tribes bridge the digital divide - MPR News <a href=""https://news.google.com/rss/articles/CBMiqwFBVV95cUxQNnBJTDJfWXNmNHRWOUkzX3E3QVExd2VLZDFpRUFBcHo0ZWlPTVMwQ19WaGlNUmdLaEVUb1Q3X1A5bVplekdzRHJyRU5sZk9ZcV9PeG5hQldyRTBhR19oaWw5QmxIT2xKaFp4eW5uYVlCWnl0bXpBUDhWSGFjeTVpOVdhR1lmYkZWMFBieHhLSEVYa2RVMDJkSi1WWGF0OUNIMjZvdC1vS29MYnM?oc=5"" target=""_blank"">How a Native-owned company helped tribes bridge the digital divide</a>&nbsp;&nbsp;<font color=""#6f6f6f"">MPR News</font>",Neutral,Community_Discussion,Dataset 2,OK,"Dataset 1, Dataset 2"
Closing the Digital Divide - The Regulatory Review,"<a href=""https://news.google.com/rss/articles/CBMif0FVX3lxTE1mbkVQQXlOR0xPVzFPUERad3NrYk9yMWRXeDJTbGV6OW5Fc2NSQ1NfS3Bua0xseU5SUnc3UGZzX0dSMEpVSUNKZWJ5eWM4MGJWdzBsUWIxZWl1UHRaVWVEZGZpUG93N21JS0o0QlNxRXUyRnVPdURSSDRrYi0zNHc?oc=5"" target=""_blank"">Closing the Digital Divide</a>&nbsp;&nbsp;<font color=""#6f6f6f"">The Regulatory Review</font>",https://news.google.com/rss/articles/CBMif0FVX3lxTE1mbkVQQXlOR0xPVzFPUERad3NrYk9yMWRXeDJTbGV6OW5Fc2NSQ1NfS3Bua0xseU5SUnc3UGZzX0dSMEpVSUNKZWJ5eWM4MGJWdzBsUWIxZWl1UHRaVWVEZGZpUG93N21JS0o0QlNxRXUyRnVPdURSSDRrYi0zNHc?oc=5,2026-06-11 07:00:00+00:00,2026-09-21 07:48:21.109204+00:00,The Regulatory Review,digital_exclusion,"Closing the Digital Divide - The Regulatory Review <a href=""https://news.google.com/rss/articles/CBMif0FVX3lxTE1mbkVQQXlOR0xPVzFPUERad3NrYk9yMWRXeDJTbGV6OW5Fc2NSQ1NfS3Bua0xseU5SUnc3UGZzX0dSMEpVSUNKZWJ5eWM4MGJWdzBsUWIxZWl1UHRaVWVEZGZpUG93N21JS0o0QlNxRXUyRnVPdURSSDRrYi0zNHc?oc=5"" target=""_blank"">Closing the Digital Divide</a>&nbsp;&nbsp;<font color=""#6f6f6f"">The Regulatory Review</font>",Neutral,Community_Discussion,Dataset 2,OK,"Dataset 1, Dataset 2"
‘You lazy b—h’: Passenger calls out ‘rude’ man who refused to help with heavy bags — prompting airplane etiquette debate and death threats - nypost.com,"<a href=""https://news.google.com/rss/articles/CBMinwFBVV95cUxOUkROQTNCd1FQRUZ2VlhXdVlCbXNhR1hrTW5KMkk3YzIzOTNUbmp3N2tKSzV0U0hPVXV2enZNUEtDai1DZ2tGUVZpamQtRzBsR21JMllNa3dNVWFLN2tEa1JHb09Ic0dMd1BaeWZXVkxLNXQxOFFrZDRUdW1TdS0zUUFuaEk0cjBzd2dKcjlkZ1Q4NTdfb0lXeFJoeVI4enM?oc=5"" target=""_blank"">‘You lazy b—h’: Passenger calls out ‘rude’ man who refused to help with heavy bags — prompting airplane etiquette debate and death threats</a>&nbsp;&nbsp;<font color=""#6f6f6f"">nypost.com</font>",https://news.google.com/rss/articles/CBMinwFBVV95cUxOUkROQTNCd1FQRUZ2VlhXdVlCbXNhR1hrTW5KMkk3YzIzOTNUbmp3N2tKSzV0U0hPVXV2enZNUEtDai1DZ2tGUVZpamQtRzBsR21JMllNa3dNVWFLN2tEa1JHb09Ic0dMd1BaeWZXVkxLNXQxOFFrZDRUdW1TdS0zUUFuaEk0cjBzd2dKcjlkZ1Q4NTdfb0lXeFJoeVI4enM?oc=5,2026-09-14 15:36:00+00:00,2026-09-21 07:48:21.109216+00:00,nypost.com,digital_exclusion,"‘You lazy b—h’: Passenger calls out ‘rude’ man who refused to help with heavy bags — prompting airplane etiquette debate and death threats - nypost.com <a href=""https://news.google.com/rss/articles/CBMinwFBVV95cUxOUkROQTNCd1FQRUZ2VlhXdVlCbXNhR1hrTW5KMkk3YzIzOTNUbmp3N2tKSzV0U0hPVXV2enZNUEtDai1DZ2tGUVZpamQtRzBsR21JMllNa3dNVWFLN2tEa1JHb09Ic0dMd1BaeWZXVkxLNXQxOFFrZDRUdW1TdS0zUUFuaEk0cjBzd2dKcjlkZ1Q4NTdfb0lXeFJoeVI4enM?oc=5"" target=""_blank"">‘You lazy b—h’: Passenger calls out ‘rude’ man who refused to help with heavy bags — prompting airplane etiquette debate and death threats</a>&nbsp;&nbsp;<font color=""#6f6f6f"">nypost.com</font>",Negative,Community_Discussion,Dataset 2,OK,Dataset 2
Digital divide: the real challenge is inclusion - Maggioli,"<a href=""https://news.google.com/rss/articles/CBMivgFBVV95cUxNUzktNXExbFl1SGVfZVJnTEUxZ2xQYzJ2ZDhWaDh6dnJOWHNpeVlhVE8wTG9lV1BHT2FwSl80a1RUZXNkQmkwYmlQVU5iQkhROElaQWh1S2ZWRlg3VHlBQjIxS2p1UDk1aVNlVHcwV3JmVUF1d1ZRR3RHbjVRYWFocDliNUtaYUJTZUdsUXpWY2xJNk83Zk05Mm1yQ1lfUXB6emwxTzh3RzlreGRYZmlJTVBELVZ6Zk1fMkNuYlJB?oc=5"" target=""_blank"">Digital divide: the real challenge is inclusion</a>&nbsp;&nbsp;<font color=""#6f6f6f"">Maggioli</font>",https://news.google.com/rss/articles/CBMivgFBVV95cUxNUzktNXExbFl1SGVfZVJnTEUxZ2xQYzJ2ZDhWaDh6dnJOWHNpeVlhVE8wTG9lV1BHT2FwSl80a1RUZXNkQmkwYmlQVU5iQkhROElaQWh1S2ZWRlg3VHlBQjIxS2p1UDk1aVNlVHcwV3JmVUF1d1ZRR3RHbjVRYWFocDliNUtaYUJTZUdsUXpWY2xJNk83Zk05Mm1yQ1lfUXB6emwxTzh3RzlreGRYZmlJTVBELVZ6Zk1fMkNuYlJB?oc=5,2026-07-20 07:00:00+00:00,2026-09-21 07:48:21.109227+00:00,Maggioli,digital_exclusion,"Digital divide: the real challenge is inclusion - Maggioli <a href=""https://news.google.com/rss/articles/CBMivgFBVV95cUxNUzktNXExbFl1SGVfZVJnTEUxZ2xQYzJ2ZDhWaDh6dnJOWHNpeVlhVE8wTG9lV1BHT2FwSl80a1RUZXNkQmkwYmlQVU5iQkhROElaQWh1S2ZWRlg3VHlBQjIxS2p1UDk1aVNlVHcwV3JmVUF1d1ZRR3RHbjVRYWFocDliNUtaYUJTZUdsUXpWY2xJNk83Zk05Mm1yQ1lfUXB6emwxTzh3RzlreGRYZmlJTVBELVZ6Zk1fMkNuYlJB?oc=5"" target=""_blank"">Digital divide: the real challenge is inclusion</a>&nbsp;&nbsp;<font color=""#6f6f6f"">Maggioli</font>",Neutral,Community_Discussion,Dataset 2,OK,"Dataset 1, Dataset 2"
New findings shed new light on ageing and the ‘digital divide’ - Lancaster University,"<a href=""https://news.google.com/rss/articles/CBMimAFBVV95cUxOZ2FGS0hkWEtuYkNpekU2RFpZOE9XYUNKUmhYOFRZUmxYWjZ4SHd0RUd2X2JaYUExVE1HWW5UXzBrTzVwb2xGVGhEalVIRjN5R3E5YlphUExlMlBsZUtPemhiamRTNG96Nm84b2RRWFp0aE1hZXdJVWYwdnFweC0xekJfYXk4dWVqRDhtYkhKNlhxTFd4TG9mbQ?oc=5"" target=""_blank"">New findings shed new light on ageing and the ‘digital divide’</a>&nbsp;&nbsp;<font color=""#6f6f6f"">Lancaster University</font>",https://news.google.com/rss/articles/CBMimAFBVV95cUxOZ2FGS0hkWEtuYkNpekU2RFpZOE9XYUNKUmhYOFRZUmxYWjZ4SHd0RUd2X2JaYUExVE1HWW5UXzBrTzVwb2xGVGhEalVIRjN5R3E5YlphUExlMlBsZUtPemhiamRTNG96Nm84b2RRWFp0aE1hZXdJVWYwdnFweC0xekJfYXk4dWVqRDhtYkhKNlhxTFd4TG9mbQ?oc=5,2026-04-16 07:00:00+00:00,2026-09-21 07:48:21.109238+00:00,Lancaster University,digital_exclusion,"New findings shed new light on ageing and the ‘digital divide’ - Lancaster University <a href=""https://news.google.com/rss/articles/CBMimAFBVV95cUxOZ2FGS0hkWEtuYkNpekU2RFpZOE9XYUNKUmhYOFRZUmxYWjZ4SHd0RUd2X2JaYUExVE1HWW5UXzBrTzVwb2xGVGhEalVIRjN5R3E5YlphUExlMlBsZUtPemhiamRTNG96Nm84b2RRWFp0aE1hZXdJVWYwdnFweC0xekJfYXk4dWVqRDhtYkhKNlhxTFd4TG9mbQ?oc=5"" target=""_blank"">New findings shed new light on ageing and the ‘digital divide’</a>&nbsp;&nbsp;<font color=""#6f6f6f"">Lancaster University</font>",Neutral,Community_Discussion,Dataset 2,OK,"Dataset 1, Dataset 2"
"Iran's president orders reopening of international internet access, state media reports - Reuters","<a href=""https://news.google.com/rss/articles/CBMixwFBVV95cUxPaG1OOWpIU3AwQ2FPZjNFMzJiOU9qSUNHdGNwcngtNkhxTDRtRUFXSW1fWDZzTktOZk44OWZleGVQNU9ZTkpCQmhjNUx4VjlzcEhsRVZlTVFJTl9LSk9CQkVnZWFVNGF2YVk4VU9PaEFlYmtBN1NRZHE5WW5RRmVibFhDRURROUg1Nms1VG9wbzJpQ2s4Yklndy1ZMHRkaDktVkcxZkRxRmF6a2xsQm1Dc25xY0ZLQ0dUTm1YTHA4ckZzQmNVWmpZ?oc=5"" target=""_blank"">Iran's president orders reopening of international internet access, state media reports</a>&nbsp;&nbsp;<font color=""#6f6f6f"">Reuters</font>",https://news.google.com/rss/articles/CBMixwFBVV95cUxPaG1OOWpIU3AwQ2FPZjNFMzJiOU9qSUNHdGNwcngtNkhxTDRtRUFXSW1fWDZzTktOZk44OWZleGVQNU9ZTkpCQmhjNUx4VjlzcEhsRVZlTVFJTl9LSk9CQkVnZWFVNGF2YVk4VU9PaEFlYmtBN1NRZHE5WW5RRmVibFhDRURROUg1Nms1VG9wbzJpQ2s4Yklndy1ZMHRkaDktVkcxZkRxRmF6a2xsQm1Dc25xY0ZLQ0dUTm1YTHA4ckZzQmNVWmpZ?oc=5,2026-05-25 07:00:00+00:00,2026-09-21 07:48:21.109250+00:00,Reuters,digital_exclusion,"Iran's president orders reopening of international internet access, state media reports - Reuters <a href=""https://news.google.com/rss/articles/CBMixwFBVV95cUxPaG1OOWpIU3AwQ2FPZjNFMzJiOU9qSUNHdGNwcngtNkhxTDRtRUFXSW1fWDZzTktOZk44OWZleGVQNU9ZTkpCQmhjNUx4VjlzcEhsRVZlTVFJTl9LSk9CQkVnZWFVNGF2YVk4VU9PaEFlYmtBN1NRZHE5WW5RRmVibFhDRURROUg1Nms1VG9wbzJpQ2s4Yklndy1ZMHRkaDktVkcxZkRxRmF6a2xsQm1Dc25xY0ZLQ0dUTm1YTHA4ckZzQmNVWmpZ?oc=5"" target=""_blank"">Iran's president orders reopening of international internet access, state media reports</a>&nbsp;&nbsp;<font color=""#6f6f6f"">Reuters</font>",Neutral,Community_Discussion,Dataset 2,OK,"Dataset 1, Dataset 2"
The Digital Divide Grows Wider Unless We Take Action - The Leadership Conference on Civil and Human Rights,"<a href=""https://news.google.com/rss/articles/CBMiXEFVX3lxTE5RTDBKNlY0dTRsOGhzNDhkeTRTOHRwZVR1a3M0STY1VmR2aUptd1pabjlueUZZVHkzV3g2UGlmd0tvSWRjX181ZlNpUjVSY1c1WVBxbmFKbzlKTW53?oc=5"" target=""_blank"">The Digital Divide Grows Wider Unless We Take Action</a>&nbsp;&nbsp;<font color=""#6f6f6f"">The Leadership Conference on Civil and Human Rights</font>",https://news.google.com/rss/articles/CBMiXEFVX3lxTE5RTDBKNlY0dTRsOGhzNDhkeTRTOHRwZVR1a3M0STY1VmR2aUptd1pabjlueUZZVHkzV3g2UGlmd0tvSWRjX181ZlNpUjVSY1c1WVBxbmFKbzlKTW53?oc=5,2026-05-27 07:00:00+00:00,2026-09-21 07:48:21.109261+00:00,The Leadership Conference on Civil and Human Rights,digital_exclusion,"The Digital Divide Grows Wider Unless We Take Action - The Leadership Conference on Civil and Human Rights <a href=""https://news.google.com/rss/articles/CBMiXEFVX3lxTE5RTDBKNlY0dTRsOGhzNDhkeTRTOHRwZVR1a3M0STY1VmR2aUptd1pabjlueUZZVHkzV3g2UGlmd0tvSWRjX181ZlNpUjVSY1c1WVBxbmFKbzlKTW53?oc=5"" target=""_blank"">The Digital Divide Grows Wider Unless We Take Action</a>&nbsp;&nbsp;<font color=""#6f6f6f"">The Leadership Conference on Civil and Human Rights</font>",Neutral,Community_Discussion,Dataset 2,OK,"Dataset 1, Dataset 2"
"As the Kremlin throttles internet access, Russians find scrappy work-arounds - The Washington Post","<a href=""https://news.google.com/rss/articles/CBMiuwFBVV95cUxNYkVtOEdKbnNrNm93Yk1nZlZ5TGdtcnQ3SmpxbWIxVmw0U0FJTmV0Z3lRaklyUEl5SThiTUdiZnM0RWxJLXE5TFdsYV9ENG5jbGk1Ny1jMkZBRFozV2dNX1h1UkxBN1pwbEtIa3Z2Uk5LVDJnSFFKMUxBZ2JFYkRXX2xIQWZMX216X09mQkhYWlpsVmtzd0NCVmlqTXNFQTVJS2dtME96LUY1RmtNQUkyQXpHWUJ5MjhWZjlj?oc=5"" target=""_blank"">As the Kremlin throttles internet access, Russians find scrappy work-arounds</a>&nbsp;&nbsp;<font color=""#6f6f6f"">The Washington Post</font>",https://news.google.com/rss/articles/CBMiuwFBVV95cUxNYkVtOEdKbnNrNm93Yk1nZlZ5TGdtcnQ3SmpxbWIxVmw0U0FJTmV0Z3lRaklyUEl5SThiTUdiZnM0RWxJLXE5TFdsYV9ENG5jbGk1Ny1jMkZBRFozV2dNX1h1UkxBN1pwbEtIa3Z2Uk5LVDJnSFFKMUxBZ2JFYkRXX2xIQWZMX216X09mQkhYWlpsVmtzd0NCVmlqTXNFQTVJS2dtME96LUY1RmtNQUkyQXpHWUJ5MjhWZjlj?oc=5,2026-05-13 07:00:00+00:00,2026-09-21 07:48:21.109273+00:00,The Washington Post,digital_exclusion,"As the Kremlin throttles internet access, Russians find scrappy work-arounds - The Washington Post <a href=""https://news.google.com/rss/articles/CBMiuwFBVV95cUxNYkVtOEdKbnNrNm93Yk1nZlZ5TGdtcnQ3SmpxbWIxVmw0U0FJTmV0Z3lRaklyUEl5SThiTUdiZnM0RWxJLXE5TFdsYV9ENG5jbGk1Ny1jMkZBRFozV2dNX1h1UkxBN1pwbEtIa3Z2Uk5LVDJnSFFKMUxBZ2JFYkRXX2xIQWZMX216X09mQkhYWlpsVmtzd0NCVmlqTXNFQTVJS2dtME96LUY1RmtNQUkyQXpHWUJ5MjhWZjlj?oc=5"" target=""_blank"">As the Kremlin throttles internet access, Russians find scrappy work-arounds</a>&nbsp;&nbsp;<font color=""#6f6f6f"">The Washington Post</font>",Neutral,Community_Discussion,Dataset 2,OK,"Dataset 1, Dataset 2"
Topics - Understanding digital exclusion and homelessness - Charity Digital,"<a href=""https://news.google.com/rss/articles/CBMilgFBVV95cUxQRnB4REdzZHpnZTVVb0lJVUNYTXNpal9TMThGOThUeXpMYnNUemU3UzFpNlBzMjh1WnJMV3ZQUURZVjZYbHZzLXMzWmt3ZnpVZ2hoQWcxWnJJbTliT3Q2a1pLVVJOYUZVNk1makJUdm5ISDliQXBGMlhIdm1SOTM3ZVF6cDZ4NE16ck1KTHlGbGlGZmpEaHc?oc=5"" target=""_blank"">Topics - Understanding digital exclusion and homelessness</a>&nbsp;&nbsp;<font color=""#6f6f6f"">Charity Digital</font>",https://news.google.com/rss/articles/CBMilgFBVV95cUxQRnB4REdzZHpnZTVVb0lJVUNYTXNpal9TMThGOThUeXpMYnNUemU3UzFpNlBzMjh1WnJMV3ZQUURZVjZYbHZzLXMzWmt3ZnpVZ2hoQWcxWnJJbTliT3Q2a1pLVVJOYUZVNk1makJUdm5ISDliQXBGMlhIdm1SOTM3ZVF6cDZ4NE16ck1KTHlGbGlGZmpEaHc?oc=5,2026-05-29 07:00:00+00:00,2026-09-21 07:48:21.109285+00:00,Charity Digital,digital_exclusion,"Topics - Understanding digital exclusion and homelessness - Charity Digital <a href=""https://news.google.com/rss/articles/CBMilgFBVV95cUxQRnB4REdzZHpnZTVVb0lJVUNYTXNpal9TMThGOThUeXpMYnNUemU3UzFpNlBzMjh1WnJMV3ZQUURZVjZYbHZzLXMzWmt3ZnpVZ2hoQWcxWnJJbTliT3Q2a1pLVVJOYUZVNk1makJUdm5ISDliQXBGMlhIdm1SOTM3ZVF6cDZ4NE16ck1KTHlGbGlGZmpEaHc?oc=5"" target=""_blank"">Topics - Understanding digital exclusion and homelessness</a>&nbsp;&nbsp;<font color=""#6f6f6f"">Charity Digital</font>",Neutral,Community_Discussion,Dataset 2,OK,"Dataset 1, Dataset 2"
CitiesSpeak Podcast Features Angelina Panettieri on Closing the Digital Divide and Protecting Local Authority - National League of Cities,"<a href=""https://news.google.com/rss/articles/CBMi3wFBVV95cUxNaXQyVTlTMDF4S0pFaHFCNGZKc3VDVnVIWFpULVNJdGZHb2dtanhvckEwZ1NkV3NEdmNVNGZRMG9SMEFnS0wyX2Q5bkxNRDBtTDQ3dFMzaUJ4bDVON0diZ0JWejFzaS1Wb3pRTXI4azBlUVdzVmFCcFlrZjZWdE5aOFJkY1NSOUlKUmdySHBuVWtfeUVndXl3eHFWZWlkSjNKcWNxNjlaXzlId1B1UG5BUW5Id2RfV2xNMkJLWWhQZGFlRUNJU0dqYmxDXzVkYTVvemxzb3FMOFVwS2dEbUtv?oc=5"" target=""_blank"">CitiesSpeak Podcast Features Angelina Panettieri on Closing the Digital Divide and Protecting Local Authority</a>&nbsp;&nbsp;<font color=""#6f6f6f"">National League of Cities</font>",https://news.google.com/rss/articles/CBMi3wFBVV95cUxNaXQyVTlTMDF4S0pFaHFCNGZKc3VDVnVIWFpULVNJdGZHb2dtanhvckEwZ1NkV3NEdmNVNGZRMG9SMEFnS0wyX2Q5bkxNRDBtTDQ3dFMzaUJ4bDVON0diZ0JWejFzaS1Wb3pRTXI4azBlUVdzVmFCcFlrZjZWdE5aOFJkY1NSOUlKUmdySHBuVWtfeUVndXl3eHFWZWlkSjNKcWNxNjlaXzlId1B1UG5BUW5Id2RfV2xNMkJLWWhQZGFlRUNJU0dqYmxDXzVkYTVvemxzb3FMOFVwS2dEbUtv?oc=5,2026-07-09 07:00:00+00:00,2026-09-21 07:48:21.109297+00:00,National League of Cities,digital_exclusion,"CitiesSpeak Podcast Features Angelina Panettieri on Closing the Digital Divide and Protecting Local Authority - National League of Cities <a href=""https://news.google.com/rss/articles/CBMi3wFBVV95cUxNaXQyVTlTMDF4S0pFaHFCNGZKc3VDVnVIWFpULVNJdGZHb2dtanhvckEwZ1NkV3NEdmNVNGZRMG9SMEFnS0wyX2Q5bkxNRDBtTDQ3dFMzaUJ4bDVON0diZ0JWejFzaS1Wb3pRTXI4azBlUVdzVmFCcFlrZjZWdE5aOFJkY1NSOUlKUmdySHBuVWtfeUVndXl3eHFWZWlkSjNKcWNxNjlaXzlId1B1UG5BUW5Id2RfV2xNMkJLWWhQZGFlRUNJU0dqYmxDXzVkYTVvemxzb3FMOFVwS2dEbUtv?oc=5"" target=""_blank"">CitiesSpeak Podcast Features Angelina Panettieri on Closing the Digital Divide and Protecting Local Authority</a>&nbsp;&nbsp;<font color=""#6f6f6f"">National League of Cities</font>",Neutral,Community_Discussion,Dataset 2,OK,Dataset 2
Families raising disabled children face higher risk of digital exclusion - Family Fund,"<a href=""https://news.google.com/rss/articles/CBMiwgFBVV95cUxOYU5YOHFGeXBjYjd6a3J4eTFqYVItdmtweGRoc0tTX1pqM0JCTVFOMC1wRG9IbFVORVJfZS1hcnBka29YV2ZZeWx0UmVhckpQaVNWQkxYaG5sR2N0c08yRmZMMFd3MFZWR2hFa0FMcVcyZXpNTTdnb0VfTGZES0R1VFgwU0hweDBVVkFqOFNQc2szbXdLVDNtTml2cGRwYXZkX0lweEtBc1k5Q2xnWE9meFFqZTZZRnVWQU9ZLXBnOFVYQQ?oc=5"" target=""_blank"">Families raising disabled children face higher risk of digital exclusion</a>&nbsp;&nbsp;<font color=""#6f6f6f"">Family Fund</font>",https://news.google.com/rss/articles/CBMiwgFBVV95cUxOYU5YOHFGeXBjYjd6a3J4eTFqYVItdmtweGRoc0tTX1pqM0JCTVFOMC1wRG9IbFVORVJfZS1hcnBka29YV2ZZeWx0UmVhckpQaVNWQkxYaG5sR2N0c08yRmZMMFd3MFZWR2hFa0FMcVcyZXpNTTdnb0VfTGZES0R1VFgwU0hweDBVVkFqOFNQc2szbXdLVDNtTml2cGRwYXZkX0lweEtBc1k5Q2xnWE9meFFqZTZZRnVWQU9ZLXBnOFVYQQ?oc=5,2026-06-08 07:00:00+00:00,2026-09-21 07:48:21.109309+00:00,Family Fund,digital_exclusion,"Families raising disabled children face higher risk of digital exclusion - Family Fund <a href=""https://news.google.com/rss/articles/CBMiwgFBVV95cUxOYU5YOHFGeXBjYjd6a3J4eTFqYVItdmtweGRoc0tTX1pqM0JCTVFOMC1wRG9IbFVORVJfZS1hcnBka29YV2ZZeWx0UmVhckpQaVNWQkxYaG5sR2N0c08yRmZMMFd3MFZWR2hFa0FMcVcyZXpNTTdnb0VfTGZES0R1VFgwU0hweDBVVkFqOFNQc2szbXdLVDNtTml2cGRwYXZkX0lweEtBc1k5Q2xnWE9meFFqZTZZRnVWQU9ZLXBnOFVYQQ?oc=5"" target=""_blank"">Families raising disabled children face higher risk of digital exclusion</a>&nbsp;&nbsp;<font color=""#6f6f6f"">Family Fund</font>",Negative,Community_Discussion,Dataset 2,OK,"Dataset 1, Dataset 2"
"The digital divide is shrinking, but ‘there’s still a long way to go’ - StateScoop","<a href=""https://news.google.com/rss/articles/CBMimwFBVV95cUxNNWhJRTdDcWpqdURoRU9BVGdCUVRRYnNMUTZkQTJTbGRRMS16V3hrLU5ZcmpvM1I2Nm96ZEFKb1lNZWxjQkRWbzlUa0JvRlRMZU1aWEZ3WjRXVzV4S052NVB1aTFxUDNnZkFxSW11a21BWnpHa29wNUs1ajRydkNFZ0tpT2dEYUtvc1Y2akxfSWNlaFo2SG9LR2MzMA?oc=5"" target=""_blank"">The digital divide is shrinking, but ‘there’s still a long way to go’</a>&nbsp;&nbsp;<font color=""#6f6f6f"">StateScoop</font>",https://news.google.com/rss/articles/CBMimwFBVV95cUxNNWhJRTdDcWpqdURoRU9BVGdCUVRRYnNMUTZkQTJTbGRRMS16V3hrLU5ZcmpvM1I2Nm96ZEFKb1lNZWxjQkRWbzlUa0JvRlRMZU1aWEZ3WjRXVzV4S052NVB1aTFxUDNnZkFxSW11a21BWnpHa29wNUs1ajRydkNFZ0tpT2dEYUtvc1Y2akxfSWNlaFo2SG9LR2MzMA?oc=5,2026-05-20 07:00:00+00:00,2026-09-21 07:48:21.109324+00:00,StateScoop,digital_exclusion,"The digital divide is shrinking, but ‘there’s still a long way to go’ - StateScoop <a href=""https://news.google.com/rss/articles/CBMimwFBVV95cUxNNWhJRTdDcWpqdURoRU9BVGdCUVRRYnNMUTZkQTJTbGRRMS16V3hrLU5ZcmpvM1I2Nm96ZEFKb1lNZWxjQkRWbzlUa0JvRlRMZU1aWEZ3WjRXVzV4S052NVB1aTFxUDNnZkFxSW11a21BWnpHa29wNUs1ajRydkNFZ0tpT2dEYUtvc1Y2akxfSWNlaFo2SG9LR2MzMA?oc=5"" target=""_blank"">The digital divide is shrinking, but ‘there’s still a long way to go’</a>&nbsp;&nbsp;<font color=""#6f6f6f"">StateScoop</font>",Neutral,Community_Discussion,Dataset 2,OK,"Dataset 1, Dataset 2"
Empire State Development Announces Up To $20 Million Investment To Expand Internet Access For Homeless Shelter Residents Across New York State | Empire State Development - Empire State Development (.gov),"<a href=""https://news.google.com/rss/articles/CBMi7gFBVV95cUxORkdUci1mNDhKMnZ3OFo4a0o4YkpOVXlnbmpqWTc1MlpoTUtUTkZLVTYwT0lwWklYZVRxVGJPeko4OXJqRGxHZUVHU1Ffcl9qMnNudzNWSTNEc05CN202WklFQlZ0LUd3VmxieWp2QkRRQVZjajV2bHFXMTVQdVNaV0trM01fRVFzU1RJRzBrTWdNVVlwVXZtelNqUUxCTVBqaWFzVGNKelBiWjZxWk5HTDE1Zkx2OTlVNXVnVUxhQk1pN0ozWGpXNVJnSGNXWDA4NUt3Z3FKRklIWmJVVzdRQVBibWRSNkFmQi1uTkJB?oc=5"" target=""_blank"">Empire State Development Announces Up To $20 Million Investment To Expand Internet Access For Homeless Shelter Residents Across New York State | Empire State Development</a>&nbsp;&nbsp;<font color=""#6f6f6f"">Empire State Development (.gov)</font>",https://news.google.com/rss/articles/CBMi7gFBVV95cUxORkdUci1mNDhKMnZ3OFo4a0o4YkpOVXlnbmpqWTc1MlpoTUtUTkZLVTYwT0lwWklYZVRxVGJPeko4OXJqRGxHZUVHU1Ffcl9qMnNudzNWSTNEc05CN202WklFQlZ0LUd3VmxieWp2QkRRQVZjajV2bHFXMTVQdVNaV0trM01fRVFzU1RJRzBrTWdNVVlwVXZtelNqUUxCTVBqaWFzVGNKelBiWjZxWk5HTDE1Zkx2OTlVNXVnVUxhQk1pN0ozWGpXNVJnSGNXWDA4NUt3Z3FKRklIWmJVVzdRQVBibWRSNkFmQi1uTkJB?oc=5,2026-05-13 07:00:00+00:00,2026-09-21 07:48:21.109337+00:00,Empire State Development (.gov),digital_exclusion,"Empire State Development Announces Up To $20 Million Investment To Expand Internet Access For Homeless Shelter Residents Across New York State | Empire State Development - Empire State Development (.gov) <a href=""https://news.google.com/rss/articles/CBMi7gFBVV95cUxORkdUci1mNDhKMnZ3OFo4a0o4YkpOVXlnbmpqWTc1MlpoTUtUTkZLVTYwT0lwWklYZVRxVGJPeko4OXJqRGxHZUVHU1Ffcl9qMnNudzNWSTNEc05CN202WklFQlZ0LUd3VmxieWp2QkRRQVZjajV2bHFXMTVQdVNaV0trM01fRVFzU1RJRzBrTWdNVVlwVXZtelNqUUxCTVBqaWFzVGNKelBiWjZxWk5HTDE1Zkx2OTlVNXVnVUxhQk1pN0ozWGpXNVJnSGNXWDA4NUt3Z3FKRklIWmJVVzdRQVBibWRSNkFmQi1uTkJB?oc=5"" target=""_blank"">Empire State Development Announces Up To $20 Million Investment To Expand Internet Access For Homeless Shelter Residents Across New York State | Empire State Development</a>&nbsp;&nbsp;<font color=""#6f6f6f"">Empire State Development (.gov)</font>",Neutral,Community_Discussion,Dataset 2,OK,"Dataset 1, Dataset 2"
Beyond the Digital Divide: Empowering ASEAN Youth to Shape an Inclusive Digital Future - dbm.gov.ph,"<a href=""https://news.google.com/rss/articles/CBMi4gFBVV95cUxOaWFhTFVQOGRRR09zSU0xblE4UU1Ta2dFd1VoV1lObnowdUJITlA3aVF0Wlo0M1ktM0dDWE9lZDZOSVdHTFY3ek1TZUxVeTAtbU5mSDVqdEk0eWpHMnVTN0g2ek9vWkVhby1WTVloYlpVcFotRkp2VW1qN0U0ZTA3aXM4YWJ3Ums0VVRfOGs3b0VrdE8xRE1IN3RkNXAwMkV4SzZMZDdvejRYMXlvMVVCVGpQWTNLR0ZhU1d2bG9DeHlrWXQ5anl3TldrazhTSkREUVFHNzdSWWt5Y2NNcXdRY1ZB?oc=5"" target=""_blank"">Beyond the Digital Divide: Empowering ASEAN Youth to Shape an Inclusive Digital Future</a>&nbsp;&nbsp;<font color=""#6f6f6f"">dbm.gov.ph</font>",https://news.google.com/rss/articles/CBMi4gFBVV95cUxOaWFhTFVQOGRRR09zSU0xblE4UU1Ta2dFd1VoV1lObnowdUJITlA3aVF0Wlo0M1ktM0dDWE9lZDZOSVdHTFY3ek1TZUxVeTAtbU5mSDVqdEk0eWpHMnVTN0g2ek9vWkVhby1WTVloYlpVcFotRkp2VW1qN0U0ZTA3aXM4YWJ3Ums0VVRfOGs3b0VrdE8xRE1IN3RkNXAwMkV4SzZMZDdvejRYMXlvMVVCVGpQWTNLR0ZhU1d2bG9DeHlrWXQ5anl3TldrazhTSkREUVFHNzdSWWt5Y2NNcXdRY1ZB?oc=5,2026-08-05 07:00:00+00:00,2026-09-21 07:48:21.109351+00:00,dbm.gov.ph,digital_exclusion,"Beyond the Digital Divide: Empowering ASEAN Youth to Shape an Inclusive Digital Future - dbm.gov.ph <a href=""https://news.google.com/rss/articles/CBMi4gFBVV95cUxOaWFhTFVQOGRRR09zSU0xblE4UU1Ta2dFd1VoV1lObnowdUJITlA3aVF0Wlo0M1ktM0dDWE9lZDZOSVdHTFY3ek1TZUxVeTAtbU5mSDVqdEk0eWpHMnVTN0g2ek9vWkVhby1WTVloYlpVcFotRkp2VW1qN0U0ZTA3aXM4YWJ3Ums0VVRfOGs3b0VrdE8xRE1IN3RkNXAwMkV4SzZMZDdvejRYMXlvMVVCVGpQWTNLR0ZhU1d2bG9DeHlrWXQ5anl3TldrazhTSkREUVFHNzdSWWt5Y2NNcXdRY1ZB?oc=5"" target=""_blank"">Beyond the Digital Divide: Empowering ASEAN Youth to Shape an Inclusive Digital Future</a>&nbsp;&nbsp;<font color=""#6f6f6f"">dbm.gov.ph</font>",Neutral,Community_Discussion,Dataset 2,OK,Dataset 2
UFH Student Defies Digital Divide to Graduate Top of Information Systems Class - University of Fort Hare,"<a href=""https://news.google.com/rss/articles/CBMiogFBVV95cUxNaEFUWkRTZHdOaFBIeWVNSzNiVGNncTJ4SmtoeGRGSERpRzJpSkg4SXJMaDlVeHRndTBrZjZfMVBqQXI0c0lhNEJVLVVFQnB0a1Fuenc2ZnhkUXh0OTdFeHNFSmFGSktIRFd6S0VOVUd6Y3ZfNGQ3clVPN1lrTW92T0hVYkJTM3NheFB6N2RDLS1OZ2NMTm9FUXFHTEdxS1BSNFE?oc=5"" target=""_blank"">UFH Student Defies Digital Divide to Graduate Top of Information Systems Class</a>&nbsp;&nbsp;<font color=""#6f6f6f"">University of Fort Hare</font>",https://news.google.com/rss/articles/CBMiogFBVV95cUxNaEFUWkRTZHdOaFBIeWVNSzNiVGNncTJ4SmtoeGRGSERpRzJpSkg4SXJMaDlVeHRndTBrZjZfMVBqQXI0c0lhNEJVLVVFQnB0a1Fuenc2ZnhkUXh0OTdFeHNFSmFGSktIRFd6S0VOVUd6Y3ZfNGQ3clVPN1lrTW92T0hVYkJTM3NheFB6N2RDLS1OZ2NMTm9FUXFHTEdxS1BSNFE?oc=5,2026-05-15 07:00:00+00:00,2026-09-21 07:48:21.109365+00:00,University of Fort Hare,digital_exclusion,"UFH Student Defies Digital Divide to Graduate Top of Information Systems Class - University of Fort Hare <a href=""https://news.google.com/rss/articles/CBMiogFBVV95cUxNaEFUWkRTZHdOaFBIeWVNSzNiVGNncTJ4SmtoeGRGSERpRzJpSkg4SXJMaDlVeHRndTBrZjZfMVBqQXI0c0lhNEJVLVVFQnB0a1Fuenc2ZnhkUXh0OTdFeHNFSmFGSktIRFd6S0VOVUd6Y3ZfNGQ3clVPN1lrTW92T0hVYkJTM3NheFB6N2RDLS1OZ2NMTm9FUXFHTEdxS1BSNFE?oc=5"" target=""_blank"">UFH Student Defies Digital Divide to Graduate Top of Information Systems Class</a>&nbsp;&nbsp;<font color=""#6f6f6f"">University of Fort Hare</font>",Neutral,Community_Discussion,Dataset 2,OK,"Dataset 1, Dataset 2"
"Policies to close digital divide must pass ‘kitchen table test,’ nonprofits say - Route Fifty","<a href=""https://news.google.com/rss/articles/CBMi0gFBVV95cUxOQWgtczJ4TDg4X0tfWEJmaFpQODBidzVWSE1EVklUNEhub2lURXdjZFdfMXJjV2hxUmlPTjFVOEdqbDhLUVlBOUs4aFpmMUV6TFJfakpvdXFnbFB4RjdWMWxZdnlnX1QwdEo0Z3FHQmZCOUg2R3VGRklVOVVoalpGRFoyWXUxenBEMDJ2WkxWM05SdGo5RzIxb3M1VVFtWi0tc0tjclZYeTBER3d4bGpvcDlVMVZYSUhRVVVaSmlJWEJZWWUwTnZ2SVA5b2k4bldvenc?oc=5"" target=""_blank"">Policies to close digital divide must pass ‘kitchen table test,’ nonprofits say</a>&nbsp;&nbsp;<font color=""#6f6f6f"">Route Fifty</font>",https://news.google.com/rss/articles/CBMi0gFBVV95cUxOQWgtczJ4TDg4X0tfWEJmaFpQODBidzVWSE1EVklUNEhub2lURXdjZFdfMXJjV2hxUmlPTjFVOEdqbDhLUVlBOUs4aFpmMUV6TFJfakpvdXFnbFB4RjdWMWxZdnlnX1QwdEo0Z3FHQmZCOUg2R3VGRklVOVVoalpGRFoyWXUxenBEMDJ2WkxWM05SdGo5RzIxb3M1VVFtWi0tc0tjclZYeTBER3d4bGpvcDlVMVZYSUhRVVVaSmlJWEJZWWUwTnZ2SVA5b2k4bldvenc?oc=5,2026-06-02 07:00:00+00:00,2026-09-21 07:48:21.109378+00:00,Route Fifty,digital_exclusion,"Policies to close digital divide must pass ‘kitchen table test,’ nonprofits say - Route Fifty <a href=""https://news.google.com/rss/articles/CBMi0gFBVV95cUxOQWgtczJ4TDg4X0tfWEJmaFpQODBidzVWSE1EVklUNEhub2lURXdjZFdfMXJjV2hxUmlPTjFVOEdqbDhLUVlBOUs4aFpmMUV6TFJfakpvdXFnbFB4RjdWMWxZdnlnX1QwdEo0Z3FHQmZCOUg2R3VGRklVOVVoalpGRFoyWXUxenBEMDJ2WkxWM05SdGo5RzIxb3M1VVFtWi0tc0tjclZYeTBER3d4bGpvcDlVMVZYSUhRVVVaSmlJWEJZWWUwTnZ2SVA5b2k4bldvenc?oc=5"" target=""_blank"">Policies to close digital divide must pass ‘kitchen table test,’ nonprofits say</a>&nbsp;&nbsp;<font color=""#6f6f6f"">Route Fifty</font>",Neutral,Community_Discussion,Dataset 2,OK,Dataset 2
"The psychological compensation effect: perceived digital exclusion, perceived lack of control, and their impact on consumption behaviors of elderly tourists - Frontiers","<a href=""https://news.google.com/rss/articles/CBMikgFBVV95cUxPR1pCenoyOFlxemJuVUJ1WGVkWnd6NjI1bTJMUVdacThwMmwtNThXWExMZGQ5bXY0bHFtTWhqaEdGRXFQaXp6NGI1MHQ0bm5KRnl0U2FVNXpwTTFjdGZNR3J4ZzVNWEpadkgxSlN0VVJLRUloYmx4TFZUNGJzV2ItNk1PR0kwNTRmSExUa3RtMHBwUQ?oc=5"" target=""_blank"">The psychological compensation effect: perceived digital exclusion, perceived lack of control, and their impact on consumption behaviors of elderly tourists</a>&nbsp;&nbsp;<font color=""#6f6f6f"">Frontiers</font>",https://news.google.com/rss/articles/CBMikgFBVV95cUxPR1pCenoyOFlxemJuVUJ1WGVkWnd6NjI1bTJMUVdacThwMmwtNThXWExMZGQ5bXY0bHFtTWhqaEdGRXFQaXp6NGI1MHQ0bm5KRnl0U2FVNXpwTTFjdGZNR3J4ZzVNWEpadkgxSlN0VVJLRUloYmx4TFZUNGJzV2ItNk1PR0kwNTRmSExUa3RtMHBwUQ?oc=5,2026-04-07 16:17:53+00:00,2026-09-21 07:48:21.109394+00:00,Frontiers,digital_exclusion,"The psychological compensation effect: perceived digital exclusion, perceived lack of control, and their impact on consumption behaviors of elderly tourists - Frontiers <a href=""https://news.google.com/rss/articles/CBMikgFBVV95cUxPR1pCenoyOFlxemJuVUJ1WGVkWnd6NjI1bTJMUVdacThwMmwtNThXWExMZGQ5bXY0bHFtTWhqaEdGRXFQaXp6NGI1MHQ0bm5KRnl0U2FVNXpwTTFjdGZNR3J4ZzVNWEpadkgxSlN0VVJLRUloYmx4TFZUNGJzV2ItNk1PR0kwNTRmSExUa3RtMHBwUQ?oc=5"" target=""_blank"">The psychological compensation effect: perceived digital exclusion, perceived lack of control, and their impact on consumption behaviors of elderly tourists</a>&nbsp;&nbsp;<font color=""#6f6f6f"">Frontiers</font>",Negative,Community_Discussion,Dataset 2,OK,"Dataset 1, Dataset 2"
Bridging the digital divide - The Financial Express,"<a href=""https://news.google.com/rss/articles/CBMigwFBVV95cUxPWHc3NkxEQnZ6cGxZRmNSNmxaX1FiMXFLZ2M4WXNVbTRLZE5WSXNYUk5tWGptMFY0VlM5WldseVIwZ245R0hDdmpfcWYxclVJempRQjVrSVdkY0huX1htQWJZOWNlUklYX2FBUk13VUhrdVNHdFhFMTVvcEJmU0ZrNXU3RQ?oc=5"" target=""_blank"">Bridging the digital divide</a>&nbsp;&nbsp;<font color=""#6f6f6f"">The Financial Express</font>",https://news.google.com/rss/articles/CBMigwFBVV95cUxPWHc3NkxEQnZ6cGxZRmNSNmxaX1FiMXFLZ2M4WXNVbTRLZE5WSXNYUk5tWGptMFY0VlM5WldseVIwZ245R0hDdmpfcWYxclVJempRQjVrSVdkY0huX1htQWJZOWNlUklYX2FBUk13VUhrdVNHdFhFMTVvcEJmU0ZrNXU3RQ?oc=5,2026-04-18 07:00:00+00:00,2026-09-21 07:48:21.109408+00:00,The Financial Express,digital_exclusion,"Bridging the digital divide - The Financial Express <a href=""https://news.google.com/rss/articles/CBMigwFBVV95cUxPWHc3NkxEQnZ6cGxZRmNSNmxaX1FiMXFLZ2M4WXNVbTRLZE5WSXNYUk5tWGptMFY0VlM5WldseVIwZ245R0hDdmpfcWYxclVJempRQjVrSVdkY0huX1htQWJZOWNlUklYX2FBUk13VUhrdVNHdFhFMTVvcEJmU0ZrNXU3RQ?oc=5"" target=""_blank"">Bridging the digital divide</a>&nbsp;&nbsp;<font color=""#6f6f6f"">The Financial Express</font>",Neutral,Community_Discussion,Dataset 2,OK,"Dataset 1, Dataset 2"
"Digital Divide, Aspects, Causes, Impact, Reforms and Initiatives - Vajiram & Ravi","<a href=""https://news.google.com/rss/articles/CBMiakFVX3lxTFBRUUlERTZfQm41RGNISlFFbjRyazR5M0dlbU1KMlNCQklqUUU4VGJ5OGI3Qm00ckdrUGJ1aVA0aWlFX01wUW95dmFKWmdkN0pGQ05wdWYyNVhWbVl6THJzWkkzRjdtSW9TS0E?oc=5"" target=""_blank"">Digital Divide, Aspects, Causes, Impact, Reforms and Initiatives</a>&nbsp;&nbsp;<font color=""#6f6f6f"">Vajiram & Ravi</font>",https://news.google.com/rss/articles/CBMiakFVX3lxTFBRUUlERTZfQm41RGNISlFFbjRyazR5M0dlbU1KMlNCQklqUUU4VGJ5OGI3Qm00ckdrUGJ1aVA0aWlFX01wUW95dmFKWmdkN0pGQ05wdWYyNVhWbVl6THJzWkkzRjdtSW9TS0E?oc=5,2026-03-26 07:00:00+00:00,2026-09-21 07:48:21.109422+00:00,Vajiram & Ravi,digital_exclusion,"Digital Divide, Aspects, Causes, Impact, Reforms and Initiatives - Vajiram & Ravi <a href=""https://news.google.com/rss/articles/CBMiakFVX3lxTFBRUUlERTZfQm41RGNISlFFbjRyazR5M0dlbU1KMlNCQklqUUU4VGJ5OGI3Qm00ckdrUGJ1aVA0aWlFX01wUW95dmFKWmdkN0pGQ05wdWYyNVhWbVl6THJzWkkzRjdtSW9TS0E?oc=5"" target=""_blank"">Digital Divide, Aspects, Causes, Impact, Reforms and Initiatives</a>&nbsp;&nbsp;<font color=""#6f6f6f"">Vajiram & Ravi</font>",Neutral,Community_Discussion,Dataset 2,OK,"Dataset 1, Dataset 2"
A Central Texas Library Closing the Digital Divide - The Daily Yonder,"<a href=""https://news.google.com/rss/articles/CBMijwFBVV95cUxQaUZ3aWRCSEstdmxfZG9zQXQxX1ZfNVNCUWxvcVU3NnlmWVpDT2ZvMFRrSnpMVTU1S0dwNGxZakt1MXF2OFdEOWxUU0loc0JBdm9zR2VXRTRIQWdxTXRVU2xUdGN3dWNlQkVtWWtIV3F5aEJjSGRteVhIOUJ4ci1EVGZYeWVBeThMcHN4UFBIaw?oc=5"" target=""_blank"">A Central Texas Library Closing the Digital Divide</a>&nbsp;&nbsp;<font color=""#6f6f6f"">The Daily Yonder</font>",https://news.google.com/rss/articles/CBMijwFBVV95cUxQaUZ3aWRCSEstdmxfZG9zQXQxX1ZfNVNCUWxvcVU3NnlmWVpDT2ZvMFRrSnpMVTU1S0dwNGxZakt1MXF2OFdEOWxUU0loc0JBdm9zR2VXRTRIQWdxTXRVU2xUdGN3dWNlQkVtWWtIV3F5aEJjSGRteVhIOUJ4ci1EVGZYeWVBeThMcHN4UFBIaw?oc=5,2026-06-23 07:00:00+00:00,2026-09-21 07:48:21.109437+00:00,The Daily Yonder,digital_exclusion,"A Central Texas Library Closing the Digital Divide - The Daily Yonder <a href=""https://news.google.com/rss/articles/CBMijwFBVV95cUxQaUZ3aWRCSEstdmxfZG9zQXQxX1ZfNVNCUWxvcVU3NnlmWVpDT2ZvMFRrSnpMVTU1S0dwNGxZakt1MXF2OFdEOWxUU0loc0JBdm9zR2VXRTRIQWdxTXRVU2xUdGN3dWNlQkVtWWtIV3F5aEJjSGRteVhIOUJ4ci1EVGZYeWVBeThMcHN4UFBIaw?oc=5"" target=""_blank"">A Central Texas Library Closing the Digital Divide</a>&nbsp;&nbsp;<font color=""#6f6f6f"">The Daily Yonder</font>",Neutral,Community_Discussion,Dataset 2,OK,Dataset 2
"WIFI4HOMELESS Campaign Celebrates Passage of Legislation Guaranteeing Internet Access for Shelter Residents, Urges Gov. Hochul to Sign - NYCLU","<a href=""https://news.google.com/rss/articles/CBMigwJBVV95cUxNNWJMNUZiV2tlOW05b0M4QkxleHRnSlpWNXBoVERHcTYyQ3JyTkJXc3NlY3N4VEs2TDR3UmV3NlA0aG4wTUE3WjNjeDFEYlg3dG14OFA0d19GWjVSTy1iWW9aRFZfOEgxTnNuRFZCWVdORXJBRzlTX1k3ZnJNa2wwa3dzdFVhY0MwT3JVc0dlelRRNm1xTnBZckVuems1T1lGOVRNUlVqT0ZOZFczUHpobWdzYy1NbjhKNVduNHQ1OERnQkUyeUdobXNETmVTbTR0enVKc0dLd2xLVGp5RDl5QUpXV182UEVIMWpXMzVTa3psTVc3VUxjNVlQWV9PZ25PVG5R?oc=5"" target=""_blank"">WIFI4HOMELESS Campaign Celebrates Passage of Legislation Guaranteeing Internet Access for Shelter Residents, Urges Gov. Hochul to Sign</a>&nbsp;&nbsp;<font color=""#6f6f6f"">NYCLU</font>",https://news.google.com/rss/articles/CBMigwJBVV95cUxNNWJMNUZiV2tlOW05b0M4QkxleHRnSlpWNXBoVERHcTYyQ3JyTkJXc3NlY3N4VEs2TDR3UmV3NlA0aG4wTUE3WjNjeDFEYlg3dG14OFA0d19GWjVSTy1iWW9aRFZfOEgxTnNuRFZCWVdORXJBRzlTX1k3ZnJNa2wwa3dzdFVhY0MwT3JVc0dlelRRNm1xTnBZckVuems1T1lGOVRNUlVqT0ZOZFczUHpobWdzYy1NbjhKNVduNHQ1OERnQkUyeUdobXNETmVTbTR0enVKc0dLd2xLVGp5RDl5QUpXV182UEVIMWpXMzVTa3psTVc3VUxjNVlQWV9PZ25PVG5R?oc=5,2026-06-08 07:00:00+00:00,2026-09-21 07:48:21.109451+00:00,NYCLU,digital_exclusion,"WIFI4HOMELESS Campaign Celebrates Passage of Legislation Guaranteeing Internet Access for Shelter Residents, Urges Gov. Hochul to Sign - NYCLU <a href=""https://news.google.com/rss/articles/CBMigwJBVV95cUxNNWJMNUZiV2tlOW05b0M4QkxleHRnSlpWNXBoVERHcTYyQ3JyTkJXc3NlY3N4VEs2TDR3UmV3NlA0aG4wTUE3WjNjeDFEYlg3dG14OFA0d19GWjVSTy1iWW9aRFZfOEgxTnNuRFZCWVdORXJBRzlTX1k3ZnJNa2wwa3dzdFVhY0MwT3JVc0dlelRRNm1xTnBZckVuems1T1lGOVRNUlVqT0ZOZFczUHpobWdzYy1NbjhKNVduNHQ1OERnQkUyeUdobXNETmVTbTR0enVKc0dLd2xLVGp5RDl5QUpXV182UEVIMWpXMzVTa3psTVc3VUxjNVlQWV9PZ25PVG5R?oc=5"" target=""_blank"">WIFI4HOMELESS Campaign Celebrates Passage of Legislation Guaranteeing Internet Access for Shelter Residents, Urges Gov. Hochul to Sign</a>&nbsp;&nbsp;<font color=""#6f6f6f"">NYCLU</font>",Neutral,Community_Discussion,Dataset 2,OK,Dataset 2
Satellite technology seen closing digital divide - SABC News,"<a href=""https://news.google.com/rss/articles/CBMiiwFBVV95cUxPN1M4MHlxTkxyM2xvR0FoSE5UaEE3akZiWVlkTU1TeEZJckY0VGJIa3cwYm1DbkNCeFBEemdzQWQzTElGdFNiVGpnQzVEX1k5Q0QzMTZtRWRDVTlpdUdDdjZWbkxzTy1KMFc0a0FkNlBsM2lyd3Q1b3p5YUQwWUdCM0lod2g2TEloSDZv?oc=5"" target=""_blank"">Satellite technology seen closing digital divide</a>&nbsp;&nbsp;<font color=""#6f6f6f"">SABC News</font>",https://news.google.com/rss/articles/CBMiiwFBVV95cUxPN1M4MHlxTkxyM2xvR0FoSE5UaEE3akZiWVlkTU1TeEZJckY0VGJIa3cwYm1DbkNCeFBEemdzQWQzTElGdFNiVGpnQzVEX1k5Q0QzMTZtRWRDVTlpdUdDdjZWbkxzTy1KMFc0a0FkNlBsM2lyd3Q1b3p5YUQwWUdCM0lod2g2TEloSDZv?oc=5,2026-07-08 07:00:00+00:00,2026-09-21 07:48:21.109464+00:00,SABC News,digital_exclusion,"Satellite technology seen closing digital divide - SABC News <a href=""https://news.google.com/rss/articles/CBMiiwFBVV95cUxPN1M4MHlxTkxyM2xvR0FoSE5UaEE3akZiWVlkTU1TeEZJckY0VGJIa3cwYm1DbkNCeFBEemdzQWQzTElGdFNiVGpnQzVEX1k5Q0QzMTZtRWRDVTlpdUdDdjZWbkxzTy1KMFc0a0FkNlBsM2lyd3Q1b3p5YUQwWUdCM0lod2g2TEloSDZv?oc=5"" target=""_blank"">Satellite technology seen closing digital divide</a>&nbsp;&nbsp;<font color=""#6f6f6f"">SABC News</font>",Neutral,Community_Discussion,Dataset 2,OK,Dataset 2
"To Win the AI Race, America Must Close the Digital Divide - New America","<a href=""https://news.google.com/rss/articles/CBMihAFBVV95cUxPbmhURFZmWi1mdkdfcUR3Q3ZtczFuWTkzcnNhMzRuYm4tMFVhNzVsVlFjYUZlaHBRcWJCYXgtSUUtSlY2OGdkMGtPNHhfcFZES1J3aWxpWVVUYWxoMk0wR2lGU0o5X1hwTWhzTE1RTVdySV82b0Z4STAwZ2doZDFjREVCeno?oc=5"" target=""_blank"">To Win the AI Race, America Must Close the Digital Divide</a>&nbsp;&nbsp;<font color=""#6f6f6f"">New America</font>",https://news.google.com/rss/articles/CBMihAFBVV95cUxPbmhURFZmWi1mdkdfcUR3Q3ZtczFuWTkzcnNhMzRuYm4tMFVhNzVsVlFjYUZlaHBRcWJCYXgtSUUtSlY2OGdkMGtPNHhfcFZES1J3aWxpWVVUYWxoMk0wR2lGU0o5X1hwTWhzTE1RTVdySV82b0Z4STAwZ2doZDFjREVCeno?oc=5,2026-04-07 07:00:00+00:00,2026-09-21 07:48:21.109478+00:00,New America,digital_exclusion,"To Win the AI Race, America Must Close the Digital Divide - New America <a href=""https://news.google.com/rss/articles/CBMihAFBVV95cUxPbmhURFZmWi1mdkdfcUR3Q3ZtczFuWTkzcnNhMzRuYm4tMFVhNzVsVlFjYUZlaHBRcWJCYXgtSUUtSlY2OGdkMGtPNHhfcFZES1J3aWxpWVVUYWxoMk0wR2lGU0o5X1hwTWhzTE1RTVdySV82b0Z4STAwZ2doZDFjREVCeno?oc=5"" target=""_blank"">To Win the AI Race, America Must Close the Digital Divide</a>&nbsp;&nbsp;<font color=""#6f6f6f"">New America</font>",Positive,Community_Discussion,Dataset 2,OK,"Dataset 1, Dataset 2"
"Public Knowledge Welcomes Bill To Advance Digital Equity, Help Close Digital Divide - Public Knowledge","<a href=""https://news.google.com/rss/articles/CBMisAFBVV95cUxOSzhNTnNfcVY1bDNfLS1wMVhDa3ZyTzBtNTE3Umg5cmU3aHVRbFNnTXFIRFF5ZHFvV3gzRXZ3UjA5bmZBWlNBS3VaVTN0SjJVWkpPS2lpVmc3Rlk5WW9EeUV4cm9LeWtsbE0wVG5mSzJlQlVhTVV2Szc0dXVIQVUyRkJ2UDY1WTdwX2p5eXp5cEtsNTZfSFdrTHU2S1k3R2tTUnFoYnd3SG1YZGpDLXlxbA?oc=5"" target=""_blank"">Public Knowledge Welcomes Bill To Advance Digital Equity, Help Close Digital Divide</a>&nbsp;&nbsp;<font color=""#6f6f6f"">Public Knowledge</font>",https://news.google.com/rss/articles/CBMisAFBVV95cUxOSzhNTnNfcVY1bDNfLS1wMVhDa3ZyTzBtNTE3Umg5cmU3aHVRbFNnTXFIRFF5ZHFvV3gzRXZ3UjA5bmZBWlNBS3VaVTN0SjJVWkpPS2lpVmc3Rlk5WW9EeUV4cm9LeWtsbE0wVG5mSzJlQlVhTVV2Szc0dXVIQVUyRkJ2UDY1WTdwX2p5eXp5cEtsNTZfSFdrTHU2S1k3R2tTUnFoYnd3SG1YZGpDLXlxbA?oc=5,2026-05-20 07:00:00+00:00,2026-09-21 07:48:21.109494+00:00,Public Knowledge,digital_exclusion,"Public Knowledge Welcomes Bill To Advance Digital Equity, Help Close Digital Divide - Public Knowledge <a href=""https://news.google.com/rss/articles/CBMisAFBVV95cUxOSzhNTnNfcVY1bDNfLS1wMVhDa3ZyTzBtNTE3Umg5cmU3aHVRbFNnTXFIRFF5ZHFvV3gzRXZ3UjA5bmZBWlNBS3VaVTN0SjJVWkpPS2lpVmc3Rlk5WW9EeUV4cm9LeWtsbE0wVG5mSzJlQlVhTVV2Szc0dXVIQVUyRkJ2UDY1WTdwX2p5eXp5cEtsNTZfSFdrTHU2S1k3R2tTUnFoYnd3SG1YZGpDLXlxbA?oc=5"" target=""_blank"">Public Knowledge Welcomes Bill To Advance Digital Equity, Help Close Digital Divide</a>&nbsp;&nbsp;<font color=""#6f6f6f"">Public Knowledge</font>",Neutral,Community_Discussion,Dataset 2,OK,Dataset 2
Bridging the Digital Divide for Kids Nationwide - Boys & Girls Clubs of America,"<a href=""https://news.google.com/rss/articles/CBMimAFBVV95cUxPZ0cwRUFTQmFqSFZYbmthSnVEUEVkcUduc0djQWJhLVdkc1k0dXNtbVpoN090ckNWaWZmSDM2ZXBEek1jR1JwZjJuNmNoNmZQRVFGdXc4bjdLdEs2bVc2dTRwR3ZseVFER1p1dzVXN2lhUmUzQUluZzJmTF9BcHRjZXZ3ckg1TnMwVGZKTDc2czRtU1JwVHJUVA?oc=5"" target=""_blank"">Bridging the Digital Divide for Kids Nationwide</a>&nbsp;&nbsp;<font color=""#6f6f6f"">Boys & Girls Clubs of America</font>",https://news.google.com/rss/articles/CBMimAFBVV95cUxPZ0cwRUFTQmFqSFZYbmthSnVEUEVkcUduc0djQWJhLVdkc1k0dXNtbVpoN090ckNWaWZmSDM2ZXBEek1jR1JwZjJuNmNoNmZQRVFGdXc4bjdLdEs2bVc2dTRwR3ZseVFER1p1dzVXN2lhUmUzQUluZzJmTF9BcHRjZXZ3ckg1TnMwVGZKTDc2czRtU1JwVHJUVA?oc=5,2026-04-01 07:00:00+00:00,2026-09-21 07:48:21.109508+00:00,Boys & Girls Clubs of America,digital_exclusion,"Bridging the Digital Divide for Kids Nationwide - Boys & Girls Clubs of America <a href=""https://news.google.com/rss/articles/CBMimAFBVV95cUxPZ0cwRUFTQmFqSFZYbmthSnVEUEVkcUduc0djQWJhLVdkc1k0dXNtbVpoN090ckNWaWZmSDM2ZXBEek1jR1JwZjJuNmNoNmZQRVFGdXc4bjdLdEs2bVc2dTRwR3ZseVFER1p1dzVXN2lhUmUzQUluZzJmTF9BcHRjZXZ3ckg1TnMwVGZKTDc2czRtU1JwVHJUVA?oc=5"" target=""_blank"">Bridging the Digital Divide for Kids Nationwide</a>&nbsp;&nbsp;<font color=""#6f6f6f"">Boys & Girls Clubs of America</font>",Neutral,Community_Discussion,Dataset 2,OK,"Dataset 1, Dataset 2"
"Friday's papers: A generational digital divide, Finland's billion-euro bets, and what triggers Finnish drivers - Yle","<a href=""https://news.google.com/rss/articles/CBMiQkFVX3lxTE5PU1VaZHcwNjNoZDVzMVZKcVg0RTh0azVtdkVtTThVUnAwR2pKLTJKWGFlYlhoRzE1ZHItQVVSMkhKUQ?oc=5"" target=""_blank"">Friday's papers: A generational digital divide, Finland's billion-euro bets, and what triggers Finnish drivers</a>&nbsp;&nbsp;<font color=""#6f6f6f"">Yle</font>",https://news.google.com/rss/articles/CBMiQkFVX3lxTE5PU1VaZHcwNjNoZDVzMVZKcVg0RTh0azVtdkVtTThVUnAwR2pKLTJKWGFlYlhoRzE1ZHItQVVSMkhKUQ?oc=5,2026-06-11 07:00:00+00:00,2026-09-21 07:48:21.109522+00:00,Yle,digital_exclusion,"Friday's papers: A generational digital divide, Finland's billion-euro bets, and what triggers Finnish drivers - Yle <a href=""https://news.google.com/rss/articles/CBMiQkFVX3lxTE5PU1VaZHcwNjNoZDVzMVZKcVg0RTh0azVtdkVtTThVUnAwR2pKLTJKWGFlYlhoRzE1ZHItQVVSMkhKUQ?oc=5"" target=""_blank"">Friday's papers: A generational digital divide, Finland's billion-euro bets, and what triggers Finnish drivers</a>&nbsp;&nbsp;<font color=""#6f6f6f"">Yle</font>",Neutral,Community_Discussion,Dataset 2,OK,Dataset 2
Vicki Sellick: Use devo to end digital divide - lgcplus.com,"<a href=""https://news.google.com/rss/articles/CBMivAFBVV95cUxOczJBa29JdkctVm5GMnFidWJ4ajlnM2RBS016OFhJWWlVejVaNTJPU2Z1VE0tUy1seWoydlc2NFRieGx4SGFPZkdwS2tMdWUxUUtOVEdXU1Y0ZFNYX3hKT1lXYVZGT2NnVnFQenh0WWhJa0IzbnFSMlROcWdna2cwdWtUc2Q0UmVtU3lDblNwUmF1ZTBZUnV0OXJQYmVNX3JqUWlnQ1lDbUVUUUw1SHZMM0MtUFFQTWpNbDJ2eg?oc=5"" target=""_blank"">Vicki Sellick: Use devo to end digital divide</a>&nbsp;&nbsp;<font color=""#6f6f6f"">lgcplus.com</font>",https://news.google.com/rss/articles/CBMivAFBVV95cUxOczJBa29JdkctVm5GMnFidWJ4ajlnM2RBS016OFhJWWlVejVaNTJPU2Z1VE0tUy1seWoydlc2NFRieGx4SGFPZkdwS2tMdWUxUUtOVEdXU1Y0ZFNYX3hKT1lXYVZGT2NnVnFQenh0WWhJa0IzbnFSMlROcWdna2cwdWtUc2Q0UmVtU3lDblNwUmF1ZTBZUnV0OXJQYmVNX3JqUWlnQ1lDbUVUUUw1SHZMM0MtUFFQTWpNbDJ2eg?oc=5,2026-07-23 07:00:00+00:00,2026-09-21 07:48:21.109536+00:00,lgcplus.com,digital_exclusion,"Vicki Sellick: Use devo to end digital divide - lgcplus.com <a href=""https://news.google.com/rss/articles/CBMivAFBVV95cUxOczJBa29JdkctVm5GMnFidWJ4ajlnM2RBS016OFhJWWlVejVaNTJPU2Z1VE0tUy1seWoydlc2NFRieGx4SGFPZkdwS2tMdWUxUUtOVEdXU1Y0ZFNYX3hKT1lXYVZGT2NnVnFQenh0WWhJa0IzbnFSMlROcWdna2cwdWtUc2Q0UmVtU3lDblNwUmF1ZTBZUnV0OXJQYmVNX3JqUWlnQ1lDbUVUUUw1SHZMM0MtUFFQTWpNbDJ2eg?oc=5"" target=""_blank"">Vicki Sellick: Use devo to end digital divide</a>&nbsp;&nbsp;<font color=""#6f6f6f"">lgcplus.com</font>",Neutral,Community_Discussion,Dataset 2,OK,Dataset 2
Closing the Digital Divide: AI Governance for Rural Hospitals - American Hospital Association,"<a href=""https://news.google.com/rss/articles/CBMirgFBVV95cUxQTmxndk5sWGx0WWxxNjJyN3ZJV1lmbWNVQWstb0NKeHFXSWxCOHJncG1Ta0xxa29lMnF2V2E3QU1tVVJqTm9td0JEejJ4WmthRmR2V29Vd0lYY0VaOWNLMkZ0SGpSd0dSQ3hoT2RFUnFEVVd3d0VsZm9fU1VQZGhTZnlJSldBNXdBeW1neHh3aUsyWEVCX1ludkVVOE5RSnBuR0lhUU9hRDZsVkhGUUE?oc=5"" target=""_blank"">Closing the Digital Divide: AI Governance for Rural Hospitals</a>&nbsp;&nbsp;<font color=""#6f6f6f"">American Hospital Association</font>",https://news.google.com/rss/articles/CBMirgFBVV95cUxQTmxndk5sWGx0WWxxNjJyN3ZJV1lmbWNVQWstb0NKeHFXSWxCOHJncG1Ta0xxa29lMnF2V2E3QU1tVVJqTm9td0JEejJ4WmthRmR2V29Vd0lYY0VaOWNLMkZ0SGpSd0dSQ3hoT2RFUnFEVVd3d0VsZm9fU1VQZGhTZnlJSldBNXdBeW1neHh3aUsyWEVCX1ludkVVOE5RSnBuR0lhUU9hRDZsVkhGUUE?oc=5,2026-04-08 07:00:00+00:00,2026-09-21 07:48:21.109549+00:00,American Hospital Association,digital_exclusion,"Closing the Digital Divide: AI Governance for Rural Hospitals - American Hospital Association <a href=""https://news.google.com/rss/articles/CBMirgFBVV95cUxQTmxndk5sWGx0WWxxNjJyN3ZJV1lmbWNVQWstb0NKeHFXSWxCOHJncG1Ta0xxa29lMnF2V2E3QU1tVVJqTm9td0JEejJ4WmthRmR2V29Vd0lYY0VaOWNLMkZ0SGpSd0dSQ3hoT2RFUnFEVVd3d0VsZm9fU1VQZGhTZnlJSldBNXdBeW1neHh3aUsyWEVCX1ludkVVOE5RSnBuR0lhUU9hRDZsVkhGUUE?oc=5"" target=""_blank"">Closing the Digital Divide: AI Governance for Rural Hospitals</a>&nbsp;&nbsp;<font color=""#6f6f6f"">American Hospital Association</font>",Neutral,Community_Discussion,Dataset 2,OK,"Dataset 1, Dataset 2"
Subcommittee Holds Hearing Examining Walberg's Legislation to Bridge Digital Divide - Congressman Tim Walberg | (.gov),"<a href=""https://news.google.com/rss/articles/CBMivAFBVV95cUxNTEJETjh2bDltNU9OaFNFckhwOWhLTC05MjJoQy1jeC05WjR6ZGZ2SW1feWQwZ1hTWmpnT3VjTlI5eDdwNk1zcmZVWkl3V2FlVXp6eXp5dng2aXp4WmZ1NDVqbm1KOVQ5YlRKckNRNXAzY3RMVTJDRHQ5RktMZEpidTk3VlMxal9oMzFaRGZVcXhuek1pYVRFUVVzem5oV2ZQNk9nZndNSTZSRnVSRWlWbHF2X0l1ckZhMnlseg?oc=5"" target=""_blank"">Subcommittee Holds Hearing Examining Walberg's Legislation to Bridge Digital Divide</a>&nbsp;&nbsp;<font color=""#6f6f6f"">Congressman Tim Walberg | (.gov)</font>",https://news.google.com/rss/articles/CBMivAFBVV95cUxNTEJETjh2bDltNU9OaFNFckhwOWhLTC05MjJoQy1jeC05WjR6ZGZ2SW1feWQwZ1hTWmpnT3VjTlI5eDdwNk1zcmZVWkl3V2FlVXp6eXp5dng2aXp4WmZ1NDVqbm1KOVQ5YlRKckNRNXAzY3RMVTJDRHQ5RktMZEpidTk3VlMxal9oMzFaRGZVcXhuek1pYVRFUVVzem5oV2ZQNk9nZndNSTZSRnVSRWlWbHF2X0l1ckZhMnlseg?oc=5,2026-07-23 07:00:00+00:00,2026-09-21 07:48:21.109563+00:00,Congressman Tim Walberg | (.gov),digital_exclusion,"Subcommittee Holds Hearing Examining Walberg's Legislation to Bridge Digital Divide - Congressman Tim Walberg | (.gov) <a href=""https://news.google.com/rss/articles/CBMivAFBVV95cUxNTEJETjh2bDltNU9OaFNFckhwOWhLTC05MjJoQy1jeC05WjR6ZGZ2SW1feWQwZ1hTWmpnT3VjTlI5eDdwNk1zcmZVWkl3V2FlVXp6eXp5dng2aXp4WmZ1NDVqbm1KOVQ5YlRKckNRNXAzY3RMVTJDRHQ5RktMZEpidTk3VlMxal9oMzFaRGZVcXhuek1pYVRFUVVzem5oV2ZQNk9nZndNSTZSRnVSRWlWbHF2X0l1ckZhMnlseg?oc=5"" target=""_blank"">Subcommittee Holds Hearing Examining Walberg's Legislation to Bridge Digital Divide</a>&nbsp;&nbsp;<font color=""#6f6f6f"">Congressman Tim Walberg | (.gov)</font>",Neutral,Community_Discussion,Dataset 2,OK,Dataset 2
Ohio is closing the digital divide with broadband expansion - StateScoop,"<a href=""https://news.google.com/rss/articles/CBMikwFBVV95cUxOTkdxWmNJUmQzU0EwRlZ5ODdmMzd2QldNNEhKMDdMaFhILTNrQUxTVmZCcGphWGpMZVQzSEpzZXJjaEJGM3ROT1lSLTVfd0FGaXdqRHN1aXFMb0o2eUpmbUtWNkVXT2NRR08tNXl2c0RybDIyOGxqcElNM0dCYi15cGxPaXMwX1RtcnFaZDkzREl4M00?oc=5"" target=""_blank"">Ohio is closing the digital divide with broadband expansion</a>&nbsp;&nbsp;<font color=""#6f6f6f"">StateScoop</font>",https://news.google.com/rss/articles/CBMikwFBVV95cUxOTkdxWmNJUmQzU0EwRlZ5ODdmMzd2QldNNEhKMDdMaFhILTNrQUxTVmZCcGphWGpMZVQzSEpzZXJjaEJGM3ROT1lSLTVfd0FGaXdqRHN1aXFMb0o2eUpmbUtWNkVXT2NRR08tNXl2c0RybDIyOGxqcElNM0dCYi15cGxPaXMwX1RtcnFaZDkzREl4M00?oc=5,2026-05-29 07:00:00+00:00,2026-09-21 07:48:21.109577+00:00,StateScoop,digital_exclusion,"Ohio is closing the digital divide with broadband expansion - StateScoop <a href=""https://news.google.com/rss/articles/CBMikwFBVV95cUxOTkdxWmNJUmQzU0EwRlZ5ODdmMzd2QldNNEhKMDdMaFhILTNrQUxTVmZCcGphWGpMZVQzSEpzZXJjaEJGM3ROT1lSLTVfd0FGaXdqRHN1aXFMb0o2eUpmbUtWNkVXT2NRR08tNXl2c0RybDIyOGxqcElNM0dCYi15cGxPaXMwX1RtcnFaZDkzREl4M00?oc=5"" target=""_blank"">Ohio is closing the digital divide with broadband expansion</a>&nbsp;&nbsp;<font color=""#6f6f6f"">StateScoop</font>",Neutral,Community_Discussion,Dataset 2,OK,Dataset 2
New York City Should Stop Paying Corporations to Widen the Digital Divide - Tech Policy Press,"<a href=""https://news.google.com/rss/articles/CBMinwFBVV95cUxOS3lBbDhGbWduWUR6Y1l3YU5KTTgwUVFsTGtxSE93X2hDQmFsQ0xfczlmRWNGT2ZoOTF0eXoyMDkxSHowdHFGbmwwMV83UXRZaEVyZTBrbGtxRVRBZjd0NlduX0FhTVNkZ0RBUjdQRklFQXhBaFhaajZMLVdZZHhvMzk2NUpjY0FiYjktUTllcl9OU3FFTnlVQ0VpUVFYWEU?oc=5"" target=""_blank"">New York City Should Stop Paying Corporations to Widen the Digital Divide</a>&nbsp;&nbsp;<font color=""#6f6f6f"">Tech Policy Press</font>",https://news.google.com/rss/articles/CBMinwFBVV95cUxOS3lBbDhGbWduWUR6Y1l3YU5KTTgwUVFsTGtxSE93X2hDQmFsQ0xfczlmRWNGT2ZoOTF0eXoyMDkxSHowdHFGbmwwMV83UXRZaEVyZTBrbGtxRVRBZjd0NlduX0FhTVNkZ0RBUjdQRklFQXhBaFhaajZMLVdZZHhvMzk2NUpjY0FiYjktUTllcl9OU3FFTnlVQ0VpUVFYWEU?oc=5,2026-04-15 07:00:00+00:00,2026-09-21 07:48:21.109708+00:00,Tech Policy Press,digital_exclusion,"New York City Should Stop Paying Corporations to Widen the Digital Divide - Tech Policy Press <a href=""https://news.google.com/rss/articles/CBMinwFBVV95cUxOS3lBbDhGbWduWUR6Y1l3YU5KTTgwUVFsTGtxSE93X2hDQmFsQ0xfczlmRWNGT2ZoOTF0eXoyMDkxSHowdHFGbmwwMV83UXRZaEVyZTBrbGtxRVRBZjd0NlduX0FhTVNkZ0RBUjdQRklFQXhBaFhaajZMLVdZZHhvMzk2NUpjY0FiYjktUTllcl9OU3FFTnlVQ0VpUVFYWEU?oc=5"" target=""_blank"">New York City Should Stop Paying Corporations to Widen the Digital Divide</a>&nbsp;&nbsp;<font color=""#6f6f6f"">Tech Policy Press</font>",Neutral,Community_Discussion,Dataset 2,OK,Dataset 2
Digital divide may lead to wider one - Manila Bulletin,"<a href=""https://news.google.com/rss/articles/CBMic0FVX3lxTE05Y0NPREEtSzA4Zk8yQzB4NWJjbUZkRlBLVzUwWEdHM3dYNTJmNkhyZkVfZWhBQS1zWWJaQ0RxVEo2blB1LVIxVUNjOTNJdlV3TnRBZVAxQnVETjZNNmp4R014TWZWV0loWnRpMThPakVxSE0?oc=5"" target=""_blank"">Digital divide may lead to wider one</a>&nbsp;&nbsp;<font color=""#6f6f6f"">Manila Bulletin</font>",https://news.google.com/rss/articles/CBMic0FVX3lxTE05Y0NPREEtSzA4Zk8yQzB4NWJjbUZkRlBLVzUwWEdHM3dYNTJmNkhyZkVfZWhBQS1zWWJaQ0RxVEo2blB1LVIxVUNjOTNJdlV3TnRBZVAxQnVETjZNNmp4R014TWZWV0loWnRpMThPakVxSE0?oc=5,2026-06-30 07:00:00+00:00,2026-09-21 07:48:21.109733+00:00,Manila Bulletin,digital_exclusion,"Digital divide may lead to wider one - Manila Bulletin <a href=""https://news.google.com/rss/articles/CBMic0FVX3lxTE05Y0NPREEtSzA4Zk8yQzB4NWJjbUZkRlBLVzUwWEdHM3dYNTJmNkhyZkVfZWhBQS1zWWJaQ0RxVEo2blB1LVIxVUNjOTNJdlV3TnRBZVAxQnVETjZNNmp4R014TWZWV0loWnRpMThPakVxSE0?oc=5"" target=""_blank"">Digital divide may lead to wider one</a>&nbsp;&nbsp;<font color=""#6f6f6f"">Manila Bulletin</font>",Neutral,Community_Discussion,Dataset 2,OK,Dataset 2
AI and the digital divide in education - Frontiers,"<a href=""https://news.google.com/rss/articles/CBMimgFBVV95cUxNUWxlZnlQQUlIX1hTQk1rUGY2ejVfazNWOHc4cDBHWGVVN09sTnhKMzVuWHZnUlhsdFp0ZmZ0ZEJnWVphbWdld2Rvc2F4Tzlja3NMamVISFBfellGTUVuT0RaMUVHQWxEamdFazh6R2RFd1BDaFBXUjFab1FUWEZERWFQclZ2cS1qU242YzN0SlRoRFJFQkxqZ3ln?oc=5"" target=""_blank"">AI and the digital divide in education</a>&nbsp;&nbsp;<font color=""#6f6f6f"">Frontiers</font>",https://news.google.com/rss/articles/CBMimgFBVV95cUxNUWxlZnlQQUlIX1hTQk1rUGY2ejVfazNWOHc4cDBHWGVVN09sTnhKMzVuWHZnUlhsdFp0ZmZ0ZEJnWVphbWdld2Rvc2F4Tzlja3NMamVISFBfellGTUVuT0RaMUVHQWxEamdFazh6R2RFd1BDaFBXUjFab1FUWEZERWFQclZ2cS1qU242YzN0SlRoRFJFQkxqZ3ln?oc=5,2026-02-04 08:00:00+00:00,2026-09-21 07:48:21.109748+00:00,Frontiers,digital_exclusion,"AI and the digital divide in education - Frontiers <a href=""https://news.google.com/rss/articles/CBMimgFBVV95cUxNUWxlZnlQQUlIX1hTQk1rUGY2ejVfazNWOHc4cDBHWGVVN09sTnhKMzVuWHZnUlhsdFp0ZmZ0ZEJnWVphbWdld2Rvc2F4Tzlja3NMamVISFBfellGTUVuT0RaMUVHQWxEamdFazh6R2RFd1BDaFBXUjFab1FUWEZERWFQclZ2cS1qU242YzN0SlRoRFJFQkxqZ3ln?oc=5"" target=""_blank"">AI and the digital divide in education</a>&nbsp;&nbsp;<font color=""#6f6f6f"">Frontiers</font>",Neutral,Community_Discussion,Dataset 2,OK,"Dataset 1, Dataset 2"
Nearly One-Third of Brazil's Public Schools Still Lack Sufficient Internet Access - 07/05/2026 - Business - Folha de S.Paulo,"<a href=""https://news.google.com/rss/articles/CBMi5AFBVV95cUxNbHNnbDFRUGR2WmlhazduWURIVXZ5RENDdGxFRnVDZmh5TzZfNVhjSjNKMmw3X2pWV2JjbEN2S3RMYnJDdlNjNlp3YUJJOUxsOTFQRVZRX3JEOGwwUW9IaDIxX2E0YmNweVB0dkEzZzg0b2xUMUdoTUx4UFFBMExCUnFnWDRlbU05UU9QT2FEOEd1TGVKTVNBZFJyZjVHY2UyTlViTXJua3ZmSVBEenkzSFhHTE1LWlZJZ3UwdG5RNEtJME94dGVwNm53dW0xN1M5M0Y4RGhMbTJQTXJENHk4U1RSRF8?oc=5"" target=""_blank"">Nearly One-Third of Brazil's Public Schools Still Lack Sufficient Internet Access - 07/05/2026 - Business</a>&nbsp;&nbsp;<font color=""#6f6f6f"">Folha de S.Paulo</font>",https://news.google.com/rss/articles/CBMi5AFBVV95cUxNbHNnbDFRUGR2WmlhazduWURIVXZ5RENDdGxFRnVDZmh5TzZfNVhjSjNKMmw3X2pWV2JjbEN2S3RMYnJDdlNjNlp3YUJJOUxsOTFQRVZRX3JEOGwwUW9IaDIxX2E0YmNweVB0dkEzZzg0b2xUMUdoTUx4UFFBMExCUnFnWDRlbU05UU9QT2FEOEd1TGVKTVNBZFJyZjVHY2UyTlViTXJua3ZmSVBEenkzSFhHTE1LWlZJZ3UwdG5RNEtJME94dGVwNm53dW0xN1M5M0Y4RGhMbTJQTXJENHk4U1RSRF8?oc=5,2026-05-07 07:00:00+00:00,2026-09-21 07:48:21.109760+00:00,Folha de S.Paulo,digital_exclusion,"Nearly One-Third of Brazil's Public Schools Still Lack Sufficient Internet Access - 07/05/2026 - Business - Folha de S.Paulo <a href=""https://news.google.com/rss/articles/CBMi5AFBVV95cUxNbHNnbDFRUGR2WmlhazduWURIVXZ5RENDdGxFRnVDZmh5TzZfNVhjSjNKMmw3X2pWV2JjbEN2S3RMYnJDdlNjNlp3YUJJOUxsOTFQRVZRX3JEOGwwUW9IaDIxX2E0YmNweVB0dkEzZzg0b2xUMUdoTUx4UFFBMExCUnFnWDRlbU05UU9QT2FEOEd1TGVKTVNBZFJyZjVHY2UyTlViTXJua3ZmSVBEenkzSFhHTE1LWlZJZ3UwdG5RNEtJME94dGVwNm53dW0xN1M5M0Y4RGhMbTJQTXJENHk4U1RSRF8?oc=5"" target=""_blank"">Nearly One-Third of Brazil's Public Schools Still Lack Sufficient Internet Access - 07/05/2026 - Business</a>&nbsp;&nbsp;<font color=""#6f6f6f"">Folha de S.Paulo</font>",Neutral,Community_Discussion,Dataset 2,OK,Dataset 2
The Digital Divide Is Not Just Access. It Is Also Visibility - UNU | United Nations University,"<a href=""https://news.google.com/rss/articles/CBMifkFVX3lxTE15dHJobTFFdFVUeVhlWFRfeUZWX0NPLW5JQm8tcGNOMExENVE0VHlmaFdkejctaE5qbkdjcHZHd3A3SmMxZUlJWlRMNHBRZkdkM2Z4OFphM1JnWGU5azhDcVlCMnVOUmhSb2YxZTlwMDdURkJPcDd5d0xPOFJRZw?oc=5"" target=""_blank"">The Digital Divide Is Not Just Access. It Is Also Visibility</a>&nbsp;&nbsp;<font color=""#6f6f6f"">UNU | United Nations University</font>",https://news.google.com/rss/articles/CBMifkFVX3lxTE15dHJobTFFdFVUeVhlWFRfeUZWX0NPLW5JQm8tcGNOMExENVE0VHlmaFdkejctaE5qbkdjcHZHd3A3SmMxZUlJWlRMNHBRZkdkM2Z4OFphM1JnWGU5azhDcVlCMnVOUmhSb2YxZTlwMDdURkJPcDd5d0xPOFJRZw?oc=5,2026-03-10 07:00:00+00:00,2026-09-21 07:48:21.109772+00:00,UNU | United Nations University,digital_exclusion,"The Digital Divide Is Not Just Access. It Is Also Visibility - UNU | United Nations University <a href=""https://news.google.com/rss/articles/CBMifkFVX3lxTE15dHJobTFFdFVUeVhlWFRfeUZWX0NPLW5JQm8tcGNOMExENVE0VHlmaFdkejctaE5qbkdjcHZHd3A3SmMxZUlJWlRMNHBRZkdkM2Z4OFphM1JnWGU5azhDcVlCMnVOUmhSb2YxZTlwMDdURkJPcDd5d0xPOFJRZw?oc=5"" target=""_blank"">The Digital Divide Is Not Just Access. It Is Also Visibility</a>&nbsp;&nbsp;<font color=""#6f6f6f"">UNU | United Nations University</font>",Negative,Community_Discussion,Dataset 2,OK,"Dataset 1, Dataset 2"
Government cannot ignore growing digital divide in our schools – Darren O’Rourke TD - sinnfein.ie,"<a href=""https://news.google.com/rss/articles/CBMiqgFBVV95cUxQYVAxSUt2RDh5dlpFdlZTUVg5ajJadkViSkFHWnF6OEVrN29SazR1M05tU041c3I0eU9MVWl6QnhPc1Z0ZWplTkhyTmtmamFxU19nRi02T19UZ3JYR1lwQV9VUC1xZEI0djJsOG5SWUNDNWllV0N4Tm1TajAzV3JtTUtHSy1zWXlzdmE4dk1peGJxMDdFRTZFMDhEaTRuZFhuanZHTkZhWE9Idw?oc=5"" target=""_blank"">Government cannot ignore growing digital divide in our schools – Darren O’Rourke TD</a>&nbsp;&nbsp;<font color=""#6f6f6f"">sinnfein.ie</font>",https://news.google.com/rss/articles/CBMiqgFBVV95cUxQYVAxSUt2RDh5dlpFdlZTUVg5ajJadkViSkFHWnF6OEVrN29SazR1M05tU041c3I0eU9MVWl6QnhPc1Z0ZWplTkhyTmtmamFxU19nRi02T19UZ3JYR1lwQV9VUC1xZEI0djJsOG5SWUNDNWllV0N4Tm1TajAzV3JtTUtHSy1zWXlzdmE4dk1peGJxMDdFRTZFMDhEaTRuZFhuanZHTkZhWE9Idw?oc=5,2026-07-06 07:00:00+00:00,2026-09-21 07:48:21.109786+00:00,sinnfein.ie,digital_exclusion,"Government cannot ignore growing digital divide in our schools – Darren O’Rourke TD - sinnfein.ie <a href=""https://news.google.com/rss/articles/CBMiqgFBVV95cUxQYVAxSUt2RDh5dlpFdlZTUVg5ajJadkViSkFHWnF6OEVrN29SazR1M05tU041c3I0eU9MVWl6QnhPc1Z0ZWplTkhyTmtmamFxU19nRi02T19UZ3JYR1lwQV9VUC1xZEI0djJsOG5SWUNDNWllV0N4Tm1TajAzV3JtTUtHSy1zWXlzdmE4dk1peGJxMDdFRTZFMDhEaTRuZFhuanZHTkZhWE9Idw?oc=5"" target=""_blank"">Government cannot ignore growing digital divide in our schools – Darren O’Rourke TD</a>&nbsp;&nbsp;<font color=""#6f6f6f"">sinnfein.ie</font>",Neutral,Community_Discussion,Dataset 2,OK,Dataset 2
Library Pilot Program Aims to Bridge Digital Divide - City of San Antonio (.gov),"<a href=""https://news.google.com/rss/articles/CBMimgFBVV95cUxNaEtNWURIZ0RSMHViVVM5b1ZVOE1vNW9fZEVUNXJKdWVOc2M5VXhmdVdOQ3ZSUXpnVHZIdGR4eHhQTnJIcmxSQmlmeEZxYlJ5OEV6NWEtbGJXWU91WS1ENGpyZ0ZWR1R4MU9fV3dfZmtDbC1lZVJoZmxwYlA2Mjhjck0xbmtFaTI5eWZhVGQ0Wm0yVUxCamZXbUlR?oc=5"" target=""_blank"">Library Pilot Program Aims to Bridge Digital Divide</a>&nbsp;&nbsp;<font color=""#6f6f6f"">City of San Antonio (.gov)</font>",https://news.google.com/rss/articles/CBMimgFBVV95cUxNaEtNWURIZ0RSMHViVVM5b1ZVOE1vNW9fZEVUNXJKdWVOc2M5VXhmdVdOQ3ZSUXpnVHZIdGR4eHhQTnJIcmxSQmlmeEZxYlJ5OEV6NWEtbGJXWU91WS1ENGpyZ0ZWR1R4MU9fV3dfZmtDbC1lZVJoZmxwYlA2Mjhjck0xbmtFaTI5eWZhVGQ0Wm0yVUxCamZXbUlR?oc=5,2026-06-23 07:00:00+00:00,2026-09-21 07:48:21.109801+00:00,City of San Antonio (.gov),digital_exclusion,"Library Pilot Program Aims to Bridge Digital Divide - City of San Antonio (.gov) <a href=""https://news.google.com/rss/articles/CBMimgFBVV95cUxNaEtNWURIZ0RSMHViVVM5b1ZVOE1vNW9fZEVUNXJKdWVOc2M5VXhmdVdOQ3ZSUXpnVHZIdGR4eHhQTnJIcmxSQmlmeEZxYlJ5OEV6NWEtbGJXWU91WS1ENGpyZ0ZWR1R4MU9fV3dfZmtDbC1lZVJoZmxwYlA2Mjhjck0xbmtFaTI5eWZhVGQ0Wm0yVUxCamZXbUlR?oc=5"" target=""_blank"">Library Pilot Program Aims to Bridge Digital Divide</a>&nbsp;&nbsp;<font color=""#6f6f6f"">City of San Antonio (.gov)</font>",Neutral,Community_Discussion,Dataset 2,OK,Dataset 2
US Supreme Court Unanimously Defends Internet Access for Millions - Internet Society,"<a href=""https://news.google.com/rss/articles/CBMisAFBVV95cUxOM1JMOFJQSVlGazdBV2NLTkMxZXhtTWNMdDd3OW9ueE1SbjVpREpxWlNBYUJ2UF93TDhJQ05KRjA4S0ZhWjd3c1A2WC03ZHRwdE83ekVjTmJic3duZm5hY1ZBaW43WUEwWGVlQXR4RUY5T1psSVhCeWRDR01kSFppV2xPb3FEU0ZETGF5RkFqTzBNRjkxQWdOeGN2TThST1RJd25MUG1fY2N4Z2IxV0Q1dg?oc=5"" target=""_blank"">US Supreme Court Unanimously Defends Internet Access for Millions</a>&nbsp;&nbsp;<font color=""#6f6f6f"">Internet Society</font>",https://news.google.com/rss/articles/CBMisAFBVV95cUxOM1JMOFJQSVlGazdBV2NLTkMxZXhtTWNMdDd3OW9ueE1SbjVpREpxWlNBYUJ2UF93TDhJQ05KRjA4S0ZhWjd3c1A2WC03ZHRwdE83ekVjTmJic3duZm5hY1ZBaW43WUEwWGVlQXR4RUY5T1psSVhCeWRDR01kSFppV2xPb3FEU0ZETGF5RkFqTzBNRjkxQWdOeGN2TThST1RJd25MUG1fY2N4Z2IxV0Q1dg?oc=5,2026-03-26 07:00:00+00:00,2026-09-21 07:48:21.109816+00:00,Internet Society,digital_exclusion,"US Supreme Court Unanimously Defends Internet Access for Millions - Internet Society <a href=""https://news.google.com/rss/articles/CBMisAFBVV95cUxOM1JMOFJQSVlGazdBV2NLTkMxZXhtTWNMdDd3OW9ueE1SbjVpREpxWlNBYUJ2UF93TDhJQ05KRjA4S0ZhWjd3c1A2WC03ZHRwdE83ekVjTmJic3duZm5hY1ZBaW43WUEwWGVlQXR4RUY5T1psSVhCeWRDR01kSFppV2xPb3FEU0ZETGF5RkFqTzBNRjkxQWdOeGN2TThST1RJd25MUG1fY2N4Z2IxV0Q1dg?oc=5"" target=""_blank"">US Supreme Court Unanimously Defends Internet Access for Millions</a>&nbsp;&nbsp;<font color=""#6f6f6f"">Internet Society</font>",Negative,Community_Discussion,Dataset 2,OK,"Dataset 1, Dataset 2"
"What Is the Digital Divide? Meaning, Causes & Impact - iSchool | Syracuse University","<a href=""https://news.google.com/rss/articles/CBMiZ0FVX3lxTE5ocGlzRmZYVEZaUmxoRmhCVzZBdzFwaTREbzFlNHB5YWVnSDdydjI1Q2FTTFp6N0RQUWFQcjZiNlVMX28tLVRQaTdnTW5wZnd5c1ZsaFNOMWVwd1ZpaHhuTUx1Tml2bU0?oc=5"" target=""_blank"">What Is the Digital Divide? Meaning, Causes & Impact</a>&nbsp;&nbsp;<font color=""#6f6f6f"">iSchool | Syracuse University</font>",https://news.google.com/rss/articles/CBMiZ0FVX3lxTE5ocGlzRmZYVEZaUmxoRmhCVzZBdzFwaTREbzFlNHB5YWVnSDdydjI1Q2FTTFp6N0RQUWFQcjZiNlVMX28tLVRQaTdnTW5wZnd5c1ZsaFNOMWVwd1ZpaHhuTUx1Tml2bU0?oc=5,2026-01-29 08:00:00+00:00,2026-09-21 07:48:21.109831+00:00,iSchool | Syracuse University,digital_exclusion,"What Is the Digital Divide? Meaning, Causes & Impact - iSchool | Syracuse University <a href=""https://news.google.com/rss/articles/CBMiZ0FVX3lxTE5ocGlzRmZYVEZaUmxoRmhCVzZBdzFwaTREbzFlNHB5YWVnSDdydjI1Q2FTTFp6N0RQUWFQcjZiNlVMX28tLVRQaTdnTW5wZnd5c1ZsaFNOMWVwd1ZpaHhuTUx1Tml2bU0?oc=5"" target=""_blank"">What Is the Digital Divide? Meaning, Causes & Impact</a>&nbsp;&nbsp;<font color=""#6f6f6f"">iSchool | Syracuse University</font>",Neutral,Community_Discussion,Dataset 2,OK,"Dataset 1, Dataset 2"
Marcos Jr. admin expands internet access in remote schools - Philippine Information Agency,"<a href=""https://news.google.com/rss/articles/CBMiigFBVV95cUxPUXg5ZHR6azljZkdUX3NQMDJLVUpnclhXSUY4UXNjLW1xbEd2Tm12c3BLUTBTVmZGc2p4ZzdPcHVob3pOYUtnRG4yYks0eUtfTVd5VGlMNTVMRFEzTEppUVdSZFEyOUNDWHhnWnNmUDkyRWdoNDlpSy1pRnpXNV9wYzlZTnRDbUZORUE?oc=5"" target=""_blank"">Marcos Jr. admin expands internet access in remote schools</a>&nbsp;&nbsp;<font color=""#6f6f6f"">Philippine Information Agency</font>",https://news.google.com/rss/articles/CBMiigFBVV95cUxPUXg5ZHR6azljZkdUX3NQMDJLVUpnclhXSUY4UXNjLW1xbEd2Tm12c3BLUTBTVmZGc2p4ZzdPcHVob3pOYUtnRG4yYks0eUtfTVd5VGlMNTVMRFEzTEppUVdSZFEyOUNDWHhnWnNmUDkyRWdoNDlpSy1pRnpXNV9wYzlZTnRDbUZORUE?oc=5,2026-06-10 07:00:00+00:00,2026-09-21 07:48:21.109846+00:00,Philippine Information Agency,digital_exclusion,"Marcos Jr. admin expands internet access in remote schools - Philippine Information Agency <a href=""https://news.google.com/rss/articles/CBMiigFBVV95cUxPUXg5ZHR6azljZkdUX3NQMDJLVUpnclhXSUY4UXNjLW1xbEd2Tm12c3BLUTBTVmZGc2p4ZzdPcHVob3pOYUtnRG4yYks0eUtfTVd5VGlMNTVMRFEzTEppUVdSZFEyOUNDWHhnWnNmUDkyRWdoNDlpSy1pRnpXNV9wYzlZTnRDbUZORUE?oc=5"" target=""_blank"">Marcos Jr. admin expands internet access in remote schools</a>&nbsp;&nbsp;<font color=""#6f6f6f"">Philippine Information Agency</font>",Neutral,Community_Discussion,Dataset 2,OK,Dataset 2
All of Midland County to receive high-speed internet access by 2029 - The Michigan Independent,"<a href=""https://news.google.com/rss/articles/CBMitgFBVV95cUxNaDNhUUp0Z1NPOXNuTUVKRlVtMkw0TkhyYlhFTTJnSEJTN0w4U1hMQjlXdjdWSnRsODczU2VBcUcxRTFpemJLam5EdkZGdlFWcjVmRXBjTVRHNks0ZVdZc0JWYjZyaXU5dU5wZFI5TVZ6NlptMjhpd1dqZnZKRDZzS2V3a1YxNS1xLUNBOGtuQVFNX2x4Ty1YY1hYQzhxNTVwWWloYWJyMzY3RGo3aG4zX1NpajNSUQ?oc=5"" target=""_blank"">All of Midland County to receive high-speed internet access by 2029</a>&nbsp;&nbsp;<font color=""#6f6f6f"">The Michigan Independent</font>",https://news.google.com/rss/articles/CBMitgFBVV95cUxNaDNhUUp0Z1NPOXNuTUVKRlVtMkw0TkhyYlhFTTJnSEJTN0w4U1hMQjlXdjdWSnRsODczU2VBcUcxRTFpemJLam5EdkZGdlFWcjVmRXBjTVRHNks0ZVdZc0JWYjZyaXU5dU5wZFI5TVZ6NlptMjhpd1dqZnZKRDZzS2V3a1YxNS1xLUNBOGtuQVFNX2x4Ty1YY1hYQzhxNTVwWWloYWJyMzY3RGo3aG4zX1NpajNSUQ?oc=5,2026-04-08 07:00:00+00:00,2026-09-21 07:48:21.109860+00:00,The Michigan Independent,digital_exclusion,"All of Midland County to receive high-speed internet access by 2029 - The Michigan Independent <a href=""https://news.google.com/rss/articles/CBMitgFBVV95cUxNaDNhUUp0Z1NPOXNuTUVKRlVtMkw0TkhyYlhFTTJnSEJTN0w4U1hMQjlXdjdWSnRsODczU2VBcUcxRTFpemJLam5EdkZGdlFWcjVmRXBjTVRHNks0ZVdZc0JWYjZyaXU5dU5wZFI5TVZ6NlptMjhpd1dqZnZKRDZzS2V3a1YxNS1xLUNBOGtuQVFNX2x4Ty1YY1hYQzhxNTVwWWloYWJyMzY3RGo3aG4zX1NpajNSUQ?oc=5"" target=""_blank"">All of Midland County to receive high-speed internet access by 2029</a>&nbsp;&nbsp;<font color=""#6f6f6f"">The Michigan Independent</font>",Neutral,Community_Discussion,Dataset 2,OK,Dataset 2
"DICT expands free internet access, digital opportunities in Antipolo - Philippine Information Agency","<a href=""https://news.google.com/rss/articles/CBMilwFBVV95cUxOY3dGeE9FVmZkYlQwdk9kSFlZR0JDNnBSSUY0SVRBaFNDNmRoQjVsb3FSUjk1WFE1MWlWX2oxSmNROV9fVFlBU1NuV2NDQUIzZjZEWTZvYjRkOFNfZXU4VXc0blpaYnNWVnlZYTF5MzJDdktPeElZR1BaNmN6dERjVlRaWUFDVzhocFY5ZTgtQzBCejRVZDZF?oc=5"" target=""_blank"">DICT expands free internet access, digital opportunities in Antipolo</a>&nbsp;&nbsp;<font color=""#6f6f6f"">Philippine Information Agency</font>",https://news.google.com/rss/articles/CBMilwFBVV95cUxOY3dGeE9FVmZkYlQwdk9kSFlZR0JDNnBSSUY0SVRBaFNDNmRoQjVsb3FSUjk1WFE1MWlWX2oxSmNROV9fVFlBU1NuV2NDQUIzZjZEWTZvYjRkOFNfZXU4VXc0blpaYnNWVnlZYTF5MzJDdktPeElZR1BaNmN6dERjVlRaWUFDVzhocFY5ZTgtQzBCejRVZDZF?oc=5,2026-05-12 07:00:00+00:00,2026-09-21 07:48:21.109875+00:00,Philippine Information Agency,digital_exclusion,"DICT expands free internet access, digital opportunities in Antipolo - Philippine Information Agency <a href=""https://news.google.com/rss/articles/CBMilwFBVV95cUxOY3dGeE9FVmZkYlQwdk9kSFlZR0JDNnBSSUY0SVRBaFNDNmRoQjVsb3FSUjk1WFE1MWlWX2oxSmNROV9fVFlBU1NuV2NDQUIzZjZEWTZvYjRkOFNfZXU4VXc0blpaYnNWVnlZYTF5MzJDdktPeElZR1BaNmN6dERjVlRaWUFDVzhocFY5ZTgtQzBCejRVZDZF?oc=5"" target=""_blank"">DICT expands free internet access, digital opportunities in Antipolo</a>&nbsp;&nbsp;<font color=""#6f6f6f"">Philippine Information Agency</font>",Neutral,Community_Discussion,Dataset 2,OK,Dataset 2
The impact of the second-level digital divide on residents’ consumption - Nature,"<a href=""https://news.google.com/rss/articles/CBMiX0FVX3lxTE40djBXNkxXaVFqU1A3Z1VPUW9iYmFHOG5MY2FLTXJoQ1ZUX25FdldsRFByS2ZsYVpVcWtFYW4xYzl2NmJfZ3BIUEhSYm9wUkNiSVRYTnh4WVZsSWlSR05F?oc=5"" target=""_blank"">The impact of the second-level digital divide on residents’ consumption</a>&nbsp;&nbsp;<font color=""#6f6f6f"">Nature</font>",https://news.google.com/rss/articles/CBMiX0FVX3lxTE40djBXNkxXaVFqU1A3Z1VPUW9iYmFHOG5MY2FLTXJoQ1ZUX25FdldsRFByS2ZsYVpVcWtFYW4xYzl2NmJfZ3BIUEhSYm9wUkNiSVRYTnh4WVZsSWlSR05F?oc=5,2025-12-18 08:00:00+00:00,2026-09-21 07:48:21.109889+00:00,Nature,digital_exclusion,"The impact of the second-level digital divide on residents’ consumption - Nature <a href=""https://news.google.com/rss/articles/CBMiX0FVX3lxTE40djBXNkxXaVFqU1A3Z1VPUW9iYmFHOG5MY2FLTXJoQ1ZUX25FdldsRFByS2ZsYVpVcWtFYW4xYzl2NmJfZ3BIUEhSYm9wUkNiSVRYTnh4WVZsSWlSR05F?oc=5"" target=""_blank"">The impact of the second-level digital divide on residents’ consumption</a>&nbsp;&nbsp;<font color=""#6f6f6f"">Nature</font>",Neutral,Community_Discussion,Dataset 2,OK,"Dataset 1, Dataset 2"
Youth and digital divide: Stepping forward - PwC,"<a href=""https://news.google.com/rss/articles/CBMiwwFBVV95cUxQUGZoQUVxLVIxd3RhNDVQbklSSG1uN1B2NzJYRTY3dmZtbV9OZnpqbUNHbVJLMHFsdjNuRG5hUmJtdlZUTUhySmdWZm9SbEhsUzV5dmNHOHJtc3gtd0tmYzJlOE12b3JCVmVPUDlKYWlyYXoxR3R1NnlPMnRYR2E4NERTNnMxR3dHeUN5REtpS2MxTmY1dnpTOG5xS0xpeGVWNko4SEh4UF9XcTZJQjBSMFh2Q2xKSW9HWi1XbXRsYU1STm8?oc=5"" target=""_blank"">Youth and digital divide: Stepping forward</a>&nbsp;&nbsp;<font color=""#6f6f6f"">PwC</font>",https://news.google.com/rss/articles/CBMiwwFBVV95cUxQUGZoQUVxLVIxd3RhNDVQbklSSG1uN1B2NzJYRTY3dmZtbV9OZnpqbUNHbVJLMHFsdjNuRG5hUmJtdlZUTUhySmdWZm9SbEhsUzV5dmNHOHJtc3gtd0tmYzJlOE12b3JCVmVPUDlKYWlyYXoxR3R1NnlPMnRYR2E4NERTNnMxR3dHeUN5REtpS2MxTmY1dnpTOG5xS0xpeGVWNko4SEh4UF9XcTZJQjBSMFh2Q2xKSW9HWi1XbXRsYU1STm8?oc=5,2026-01-29 06:10:12+00:00,2026-09-21 07:48:21.109903+00:00,PwC,digital_exclusion,"Youth and digital divide: Stepping forward - PwC <a href=""https://news.google.com/rss/articles/CBMiwwFBVV95cUxQUGZoQUVxLVIxd3RhNDVQbklSSG1uN1B2NzJYRTY3dmZtbV9OZnpqbUNHbVJLMHFsdjNuRG5hUmJtdlZUTUhySmdWZm9SbEhsUzV5dmNHOHJtc3gtd0tmYzJlOE12b3JCVmVPUDlKYWlyYXoxR3R1NnlPMnRYR2E4NERTNnMxR3dHeUN5REtpS2MxTmY1dnpTOG5xS0xpeGVWNko4SEh4UF9XcTZJQjBSMFh2Q2xKSW9HWi1XbXRsYU1STm8?oc=5"" target=""_blank"">Youth and digital divide: Stepping forward</a>&nbsp;&nbsp;<font color=""#6f6f6f"">PwC</font>",Neutral,Community_Discussion,Dataset 2,OK,"Dataset 1, Dataset 2"
Board of Public Works Advances Agreement to Expand High-Speed Internet Access in Western Maryland - The Office of Governor Wes Moore (.gov),"<a href=""https://news.google.com/rss/articles/CBMi1AFBVV95cUxNcm1wMjRlSnpFZGJ5VEVaWXg2cUVyTlhZX1Zic1VQSFN5amp1azZfQUhiSzR5SUYxWndhdGVKcThYRlI2T3M2TEZGY2RBaDJWaF85NmI1V0NySVA3SUFhYVNKZnozUFpqQUllRGFhVDd6aUJmaG1UNkZCaTVmS3V0Z0tvbUdNSHJJZ2JBaDcxX3pIYUx1TmlyZk5feGxGWGdVbFk3WERrM2RBanNkVEE1WXNTamhmZFdoa3A0ZEs2OWc2ZWYzTUo4UnpFRV9RdTA0Mm0wRA?oc=5"" target=""_blank"">Board of Public Works Advances Agreement to Expand High-Speed Internet Access in Western Maryland</a>&nbsp;&nbsp;<font color=""#6f6f6f"">The Office of Governor Wes Moore (.gov)</font>",https://news.google.com/rss/articles/CBMi1AFBVV95cUxNcm1wMjRlSnpFZGJ5VEVaWXg2cUVyTlhZX1Zic1VQSFN5amp1azZfQUhiSzR5SUYxWndhdGVKcThYRlI2T3M2TEZGY2RBaDJWaF85NmI1V0NySVA3SUFhYVNKZnozUFpqQUllRGFhVDd6aUJmaG1UNkZCaTVmS3V0Z0tvbUdNSHJJZ2JBaDcxX3pIYUx1TmlyZk5feGxGWGdVbFk3WERrM2RBanNkVEE1WXNTamhmZFdoa3A0ZEs2OWc2ZWYzTUo4UnpFRV9RdTA0Mm0wRA?oc=5,2026-04-01 07:00:00+00:00,2026-09-21 07:48:21.109918+00:00,The Office of Governor Wes Moore (.gov),digital_exclusion,"Board of Public Works Advances Agreement to Expand High-Speed Internet Access in Western Maryland - The Office of Governor Wes Moore (.gov) <a href=""https://news.google.com/rss/articles/CBMi1AFBVV95cUxNcm1wMjRlSnpFZGJ5VEVaWXg2cUVyTlhZX1Zic1VQSFN5amp1azZfQUhiSzR5SUYxWndhdGVKcThYRlI2T3M2TEZGY2RBaDJWaF85NmI1V0NySVA3SUFhYVNKZnozUFpqQUllRGFhVDd6aUJmaG1UNkZCaTVmS3V0Z0tvbUdNSHJJZ2JBaDcxX3pIYUx1TmlyZk5feGxGWGdVbFk3WERrM2RBanNkVEE1WXNTamhmZFdoa3A0ZEs2OWc2ZWYzTUo4UnpFRV9RdTA0Mm0wRA?oc=5"" target=""_blank"">Board of Public Works Advances Agreement to Expand High-Speed Internet Access in Western Maryland</a>&nbsp;&nbsp;<font color=""#6f6f6f"">The Office of Governor Wes Moore (.gov)</font>",Neutral,Community_Discussion,Dataset 2,OK,Dataset 2
The impact of the digital divide on residents' healthcare consumption inequality: evidence from CFPS in China - Frontiers,"<a href=""https://news.google.com/rss/articles/CBMilgFBVV95cUxNejRkbjBHOWszNVo4UVROV1NFWm5kbVJGUGhvaDU5ZDdkR2oySlEwV01Ba0o2aFpaMmlYaWRWdXNaTy1pSHBpM0EyV2xrSUxnTmN4M0ljTnpIbV8yeDJoUWszUE5jMkJBd3M0THZaMVJRLVJscm1UX29rdzVjTXV2TkJDdU9CNjBra1NUSXdWeGMtLTdnRWc?oc=5"" target=""_blank"">The impact of the digital divide on residents' healthcare consumption inequality: evidence from CFPS in China</a>&nbsp;&nbsp;<font color=""#6f6f6f"">Frontiers</font>",https://news.google.com/rss/articles/CBMilgFBVV95cUxNejRkbjBHOWszNVo4UVROV1NFWm5kbVJGUGhvaDU5ZDdkR2oySlEwV01Ba0o2aFpaMmlYaWRWdXNaTy1pSHBpM0EyV2xrSUxnTmN4M0ljTnpIbV8yeDJoUWszUE5jMkJBd3M0THZaMVJRLVJscm1UX29rdzVjTXV2TkJDdU9CNjBra1NUSXdWeGMtLTdnRWc?oc=5,2026-01-13 08:00:00+00:00,2026-09-21 07:48:21.109932+00:00,Frontiers,digital_exclusion,"The impact of the digital divide on residents' healthcare consumption inequality: evidence from CFPS in China - Frontiers <a href=""https://news.google.com/rss/articles/CBMilgFBVV95cUxNejRkbjBHOWszNVo4UVROV1NFWm5kbVJGUGhvaDU5ZDdkR2oySlEwV01Ba0o2aFpaMmlYaWRWdXNaTy1pSHBpM0EyV2xrSUxnTmN4M0ljTnpIbV8yeDJoUWszUE5jMkJBd3M0THZaMVJRLVJscm1UX29rdzVjTXV2TkJDdU9CNjBra1NUSXdWeGMtLTdnRWc?oc=5"" target=""_blank"">The impact of the digital divide on residents' healthcare consumption inequality: evidence from CFPS in China</a>&nbsp;&nbsp;<font color=""#6f6f6f"">Frontiers</font>",Neutral,Community_Discussion,Dataset 2,OK,"Dataset 1, Dataset 2"
How can we bridge the digital divide? - Abdul Latif Jameel,"<a href=""https://news.google.com/rss/articles/CBMiiAFBVV95cUxPc25hRVJIZEt5LUFZcVE3SzVXSXBiMVdDb2dBUTdCSlljVGo5MW83U2lBdkxXQXdWSW1PUElIMXNxTF9pVXhZSEd6ZFJudF9iYnFYMktySEYxU0UtRHh1VDZZLWJDdEs4cXFZVGtMM3dUeHdSVk8zbVN5VzlUSkIyOC1VdlFJd1Z3?oc=5"" target=""_blank"">How can we bridge the digital divide?</a>&nbsp;&nbsp;<font color=""#6f6f6f"">Abdul Latif Jameel</font>",https://news.google.com/rss/articles/CBMiiAFBVV95cUxPc25hRVJIZEt5LUFZcVE3SzVXSXBiMVdDb2dBUTdCSlljVGo5MW83U2lBdkxXQXdWSW1PUElIMXNxTF9pVXhZSEd6ZFJudF9iYnFYMktySEYxU0UtRHh1VDZZLWJDdEs4cXFZVGtMM3dUeHdSVk8zbVN5VzlUSkIyOC1VdlFJd1Z3?oc=5,2026-01-27 08:00:00+00:00,2026-09-21 07:48:21.109947+00:00,Abdul Latif Jameel,digital_exclusion,"How can we bridge the digital divide? - Abdul Latif Jameel <a href=""https://news.google.com/rss/articles/CBMiiAFBVV95cUxPc25hRVJIZEt5LUFZcVE3SzVXSXBiMVdDb2dBUTdCSlljVGo5MW83U2lBdkxXQXdWSW1PUElIMXNxTF9pVXhZSEd6ZFJudF9iYnFYMktySEYxU0UtRHh1VDZZLWJDdEs4cXFZVGtMM3dUeHdSVk8zbVN5VzlUSkIyOC1VdlFJd1Z3?oc=5"" target=""_blank"">How can we bridge the digital divide?</a>&nbsp;&nbsp;<font color=""#6f6f6f"">Abdul Latif Jameel</font>",Neutral,Community_Discussion,Dataset 2,OK,"Dataset 1, Dataset 2"
Bridging the Grey Digital Divide: Enhancing ICT Learning for Older Adults - UNESCO Institute for Lifelong Learning,"<a href=""https://news.google.com/rss/articles/CBMipgFBVV95cUxQT1U0WU1fNkFkMUg3NlR0cTU1aTNVZE5WUkl4bDMwODdMQ3VsMmgwaHV5dkpPV2tOajFfWWFKa0tENTR5ZUNxZE5aYVl3aHIzQ0V6RmxiNGk0M203c2wwOEUyU183ZmlIYVVSZVltRFJxVVp6aDhUOVhfUzhzeVZQc3VmV3otRXFBTFNyN2s4cy1kdExQRG1oeTRZanY0WEVneDg0MG9n?oc=5"" target=""_blank"">Bridging the Grey Digital Divide: Enhancing ICT Learning for Older Adults</a>&nbsp;&nbsp;<font color=""#6f6f6f"">UNESCO Institute for Lifelong Learning</font>",https://news.google.com/rss/articles/CBMipgFBVV95cUxQT1U0WU1fNkFkMUg3NlR0cTU1aTNVZE5WUkl4bDMwODdMQ3VsMmgwaHV5dkpPV2tOajFfWWFKa0tENTR5ZUNxZE5aYVl3aHIzQ0V6RmxiNGk0M203c2wwOEUyU183ZmlIYVVSZVltRFJxVVp6aDhUOVhfUzhzeVZQc3VmV3otRXFBTFNyN2s4cy1kdExQRG1oeTRZanY0WEVneDg0MG9n?oc=5,2025-10-17 07:00:00+00:00,2026-09-21 07:48:21.109962+00:00,UNESCO Institute for Lifelong Learning,digital_exclusion,"Bridging the Grey Digital Divide: Enhancing ICT Learning for Older Adults - UNESCO Institute for Lifelong Learning <a href=""https://news.google.com/rss/articles/CBMipgFBVV95cUxQT1U0WU1fNkFkMUg3NlR0cTU1aTNVZE5WUkl4bDMwODdMQ3VsMmgwaHV5dkpPV2tOajFfWWFKa0tENTR5ZUNxZE5aYVl3aHIzQ0V6RmxiNGk0M203c2wwOEUyU183ZmlIYVVSZVltRFJxVVp6aDhUOVhfUzhzeVZQc3VmV3otRXFBTFNyN2s4cy1kdExQRG1oeTRZanY0WEVneDg0MG9n?oc=5"" target=""_blank"">Bridging the Grey Digital Divide: Enhancing ICT Learning for Older Adults</a>&nbsp;&nbsp;<font color=""#6f6f6f"">UNESCO Institute for Lifelong Learning</font>",Neutral,Community_Discussion,Dataset 2,OK,"Dataset 1, Dataset 2"
Digital divide and healthcare service utilization among older adults with chronic liver disease in China: a nationwide cross-sectional study - Nature,"<a href=""https://news.google.com/rss/articles/CBMiX0FVX3lxTE5ub0pBQlpGOXZzdllVU1JUdU83VjVQTk5LdGV1WHh5bzZGT1IxMDVGTGVIaWZuYmszQ3doTHJZejJOMzIyYUVocnptWmtuR3JHSGYwbGdUNjlvaTZmVmdJ?oc=5"" target=""_blank"">Digital divide and healthcare service utilization among older adults with chronic liver disease in China: a nationwide cross-sectional study</a>&nbsp;&nbsp;<font color=""#6f6f6f"">Nature</font>",https://news.google.com/rss/articles/CBMiX0FVX3lxTE5ub0pBQlpGOXZzdllVU1JUdU83VjVQTk5LdGV1WHh5bzZGT1IxMDVGTGVIaWZuYmszQ3doTHJZejJOMzIyYUVocnptWmtuR3JHSGYwbGdUNjlvaTZmVmdJ?oc=5,2026-01-20 08:00:00+00:00,2026-09-21 07:48:21.109975+00:00,Nature,digital_exclusion,"Digital divide and healthcare service utilization among older adults with chronic liver disease in China: a nationwide cross-sectional study - Nature <a href=""https://news.google.com/rss/articles/CBMiX0FVX3lxTE5ub0pBQlpGOXZzdllVU1JUdU83VjVQTk5LdGV1WHh5bzZGT1IxMDVGTGVIaWZuYmszQ3doTHJZejJOMzIyYUVocnptWmtuR3JHSGYwbGdUNjlvaTZmVmdJ?oc=5"" target=""_blank"">Digital divide and healthcare service utilization among older adults with chronic liver disease in China: a nationwide cross-sectional study</a>&nbsp;&nbsp;<font color=""#6f6f6f"">Nature</font>",Neutral,Community_Discussion,Dataset 2,OK,"Dataset 1, Dataset 2"
Bridging the digital divide: empowering Saudi Arabia’s future through psychological resilience and digital literacy - Nature,"<a href=""https://news.google.com/rss/articles/CBMiX0FVX3lxTFAwRC1jV2c2Qlp1cGZjQkxwSVdfaFZwc0JaUjBNS3BPRzFyMlF2cVJIRUpURE9tdUVzeVhNaGNodnJZYXpteUpoUWVZenZ2QlkyNHNOLVcwMVdSZFRzV21J?oc=5"" target=""_blank"">Bridging the digital divide: empowering Saudi Arabia’s future through psychological resilience and digital literacy</a>&nbsp;&nbsp;<font color=""#6f6f6f"">Nature</font>",https://news.google.com/rss/articles/CBMiX0FVX3lxTFAwRC1jV2c2Qlp1cGZjQkxwSVdfaFZwc0JaUjBNS3BPRzFyMlF2cVJIRUpURE9tdUVzeVhNaGNodnJZYXpteUpoUWVZenZ2QlkyNHNOLVcwMVdSZFRzV21J?oc=5,2025-10-23 07:00:00+00:00,2026-09-21 07:48:21.109990+00:00,Nature,digital_exclusion,"Bridging the digital divide: empowering Saudi Arabia’s future through psychological resilience and digital literacy - Nature <a href=""https://news.google.com/rss/articles/CBMiX0FVX3lxTFAwRC1jV2c2Qlp1cGZjQkxwSVdfaFZwc0JaUjBNS3BPRzFyMlF2cVJIRUpURE9tdUVzeVhNaGNodnJZYXpteUpoUWVZenZ2QlkyNHNOLVcwMVdSZFRzV21J?oc=5"" target=""_blank"">Bridging the digital divide: empowering Saudi Arabia’s future through psychological resilience and digital literacy</a>&nbsp;&nbsp;<font color=""#6f6f6f"">Nature</font>",Neutral,Community_Discussion,Dataset 2,OK,"Dataset 1, Dataset 2"
